:020000040000fa
:020000041fc01b
:043fc000ffff3f07b9
:020000040000fa
:020000041fc01b
:043fc4003893e2e765
:020000040000fa
:020000041fc01b
:043fc800b9f87f7f46
:020000040000fa
:020000041fc01b
:043fcc00d3fbffff25
:020000040000fa
:020000041fc01b
:043fdc00ffffffffe5
:020000040000fa
:020000041fc01b
:043ff0000000ffffcf
:020000040000fa
:020000041d00dd
:10000000030000100000000040f3060000000000a4
:100010000600400f0000000000601a40c0045a7f34
:100020000500401300000000029d1a3c24f15a27ed
:10003000080040030000000004801d3cf8ffbd27bd
:1000400000801c3cf07f9c27026009402058200162
:10005000801e2a7d8449497d02608940c0000000dd
:1000600000e0dc4102608b40c0000000029d083cc3
:10007000c8f1082509f80001000000000080083cd4
:10008000cc0008250080093c880f292506000010b7
:1000900000000000000000ad040000ad080000ad4d
:1000a0000c0000ad100008252b080901f9ff2014f1
:1000b00000000000029d083c08ec082509f800013a
:1000c000000000000000093c00002925010020116b
:1000d0000000000000488040ffff0a2400588a40ca
:1000e0004000083c00600a4025500a0100608a4038
:1000f000009d093c00102925c000000001788940be
:100100000000093c0100292500000a2444492a7df9
:1001100001608a408000093c0068894000800840f6
:100120008005097d404c0900006008405800013cf2
:100130002440010100010a3c2540480100240a3cfa
:1001400025404801254028010060884000010a3c04
:1001500000f8ca44c0000000029d083cd0f1082508
:1001600009f800010000000000600840bfff013cea
:10017000ffff2134244001010060884000008430ea
:100180000000a530029d083c08ee0825080000018b
:04019000000000006b
:020000040000fa
:020000041fc01b
:10038000029d1a3cfcee5a270800400300000000c2
:020000040000fa
:020000041d00dd
:10118000029d1a3c34e85a27080040030000000082
:020000040000fa
:020000041d00dd
:101200001d4a400b000000006121400b000000005f
:101210000000023c00004224070040100000023c95
:101220000000422405004050029d023c3f00007037
:101230000800e00300000000029d023cd8ef4224b9
:10124000030040100000000009f84000000000000a
:081250000800e00300000000ab
:020000040000fa
:020000041fc01b
:1004800000f89b40c0000000029d1b3cd8ef7b277a
:10049000020060130000000000c09b4000f81b40f9
:0c04a000c00000001f000042000000002f
:020000040000fa
:020000041d00dd
:10125800000000000100000003000000050000007d
:1012680006000000080000000a0000000c00000052
:101278000d0000000f000000110000001300000026
:101288001400000016000000180000001a000000fa
:101298001b0000001d0000001f00000021000000ce
:1012a80022000000240000002600000028000000a2
:1012b800290000002b0000002d0000002f00000076
:1012c800300000003200000034000000360000004a
:1012d80037000000390000003b0000003d0000001e
:1012e8003e000000400000004200000044000000f2
:1012f8004500000047000000490000004a000000c7
:101308004c0000004e00000050000000510000009a
:10131800530000005500000057000000580000006e
:101328005a0000005c0000005e0000005f00000042
:101338006100000063000000650000006600000016
:10134800680000006a0000006b0000006d000000eb
:101358006f000000710000007200000074000000bf
:101368007600000078000000790000007b00000093
:101378007d0000007f000000800000008200000067
:10138800840000008500000087000000890000003c
:101398008b0000008c0000008e0000009000000010
:1013a80092000000930000009500000097000000e4
:1013b800980000009a0000009c0000009e000000b9
:1013c8009f000000a1000000a3000000a50000008d
:1013d800a6000000a8000000aa000000ab00000062
:1013e800ad000000af000000b1000000b200000036
:1013f800b4000000b6000000b7000000b90000000b
:10140800bb000000bd000000be000000c0000000de
:10141800c2000000c3000000c5000000c7000000b3
:10142800c9000000ca000000cc000000ce00000087
:10143800cf000000d1000000d3000000d50000005c
:10144800d6000000d8000000da000000db00000031
:10145800dd000000df000000e0000000e200000006
:10146800e4000000e6000000e7000000e9000000da
:10147800eb000000ec000000ee000000f0000000af
:10148800f1000000f3000000f5000000f600000085
:10149800f8000000fa000000fc000000fd00000059
:1014a800ff0000000101000002010000040100002b
:1014b8000601000007010000090100000b010000ff
:1014c8000c0100000e0100001001000011010000d5
:1014d80013010000150100001601000018010000aa
:1014e8001a0100001c0100001d0100001f0100007e
:1014f8002101000022010000240100002601000053
:1015080027010000290100002b0100002c01000028
:101518002e010000300100003101000033010000fd
:1015280035010000360100003801000039010000d3
:101538003b0100003d0100003e01000040010000a9
:10154800420100004301000045010000470100007e
:10155800480100004a0100004c0100004d01000054
:101568004f01000051010000520100005401000029
:101578005601000057010000590100005a010000ff
:101588005c0100005e0100005f01000061010000d5
:1015980063010000640100006601000067010000ab
:1015a800690100006b0100006c0100006e01000081
:1015b8007001000071010000730100007401000057
:1015c8007601000078010000790100007b0100002d
:1015d8007d0100007e010000800100008101000003
:1015e80083010000850100008601000088010000d9
:1015f800890100008b0100008d0100008e010000b0
:101608009001000091010000930100009501000085
:101618009601000098010000990100009b0100005c
:101628009d0100009e010000a0010000a101000032
:10163800a3010000a5010000a6010000a801000008
:10164800a9010000ab010000ac010000ae010000e0
:10165800b0010000b1010000b3010000b4010000b6
:10166800b6010000b7010000b9010000bb0100008d
:10167800bc010000be010000bf010000c101000064
:10168800c2010000c4010000c5010000c70100003c
:10169800c9010000ca010000cc010000cd01000012
:1016a800cf010000d0010000d2010000d3010000ea
:1016b800d5010000d7010000d8010000da010000c0
:1016c800db010000dd010000de010000e001000098
:1016d800e1010000e3010000e4010000e601000070
:1016e800e7010000e9010000ea010000ec01000048
:1016f800ed010000ef010000f0010000f201000020
:10170800f4010000f5010000f7010000f8010000f5
:10171800fa010000fb010000fd010000fe010000cd
:1017280000020000010200000302000004020000a1
:101738000602000007020000090200000a02000079
:101748000b0200000d0200000e0200001002000053
:10175800110200001302000014020000160200002b
:1017680017020000190200001a0200001c02000003
:101778001d0200001f0200002002000022020000db
:1017880023020000250200002602000027020000b4
:10179800290200002a0200002c0200002d0200008d
:1017a8002f02000030020000320200003302000065
:1017b800340200003602000037020000390200003f
:1017c8003a0200003c0200003d0200003f02000017
:1017d80040020000410200004302000044020000f1
:1017e8004602000047020000480200004a020000ca
:1017f8004b0200004d0200004e02000050020000a3
:10180800510200005202000054020000550200007c
:101818005702000058020000590200005b02000055
:101828005c0200005d0200005f0200006002000030
:101838006202000063020000640200006602000009
:1018480067020000690200006a0200006b020000e3
:101858006d0200006e0200006f02000071020000bd
:101868007202000073020000750200007602000098
:1018780078020000790200007a0200007c02000071
:101888007d0200007e02000080020000810200004c
:101898008202000084020000850200008602000027
:1018a80088020000890200008a0200008c02000001
:1018b8008d0200008e0200009002000091020000dc
:1018c80092020000940200009502000096020000b7
:1018d80097020000990200009a0200009b02000093
:1018e8009d0200009e0200009f020000a10200006d
:1018f800a2020000a3020000a4020000a602000049
:10190800a7020000a8020000a9020000ab02000024
:10191800ac020000ad020000af020000b0020000ff
:10192800b1020000b2020000b4020000b5020000db
:10193800b6020000b7020000b9020000ba020000b7
:10194800bb020000bc020000be020000bf02000093
:10195800c0020000c1020000c3020000c40200006f
:10196800c5020000c6020000c8020000c90200004b
:10197800ca020000cb020000cc020000ce02000028
:10198800cf020000d0020000d1020000d202000005
:10199800d4020000d5020000d6020000d7020000e1
:1019a800d8020000da020000db020000dc020000be
:1019b800dd020000de020000e0020000e10200009b
:1019c800e2020000e3020000e4020000e502000079
:1019d800e7020000e8020000e9020000ea02000055
:1019e800eb020000ec020000ee020000ef02000033
:1019f800f0020000f1020000f2020000f302000011
:101a0800f4020000f6020000f7020000f8020000ed
:101a1800f9020000fa020000fb020000fc020000cc
:101a2800fe020000ff0200000003000001030000a6
:101a38000203000003030000040300000503000084
:101a48000603000008030000090300000a03000061
:101a58000b0300000c0300000d0300000e03000040
:101a68000f03000010030000110300001203000020
:101a780014030000150300001603000017030000fc
:101a880018030000190300001a0300001b030000dc
:101a98001c0300001d0300001e0300001f030000bc
:101aa800200300002103000022030000230300009c
:101ab800240300002503000026030000270300007c
:101ac800290300002a0300002b0300002c03000058
:101ad8002d0300002e0300002f0300003003000038
:101ae8003103000032030000330300003403000018
:101af80035030000360300003703000038030000f8
:101b0800390300003a0300003b0300003c030000d7
:101b18003d0300003e0300003e0300003f030000b9
:101b2800400300004103000042030000430300009b
:101b3800440300004503000046030000470300007b
:101b480048030000490300004a0300004b0300005b
:101b58004c0300004d0300004e0300004f0300003b
:101b6800500300005003000051030000520300001e
:101b780053030000540300005503000056030000ff
:101b88005703000058030000590300005a030000df
:101b98005a0300005b0300005c0300005d030000c3
:101ba8005e0300005f0300006003000061030000a3
:101bb8006203000062030000630300006403000086
:101bc8006503000066030000670300006803000067
:101bd80068030000690300006a0300006b0300004b
:101be8006c0300006d0300006d0300006e0300002d
:101bf8006f0300007003000071030000720300000f
:101c080072030000730300007403000075030000f2
:101c180076030000770300007703000078030000d4
:101c2800790300007a0300007b0300007b030000b7
:101c38007c0300007d0300007e0300007e0300009b
:101c48007f0300008003000081030000820300007e
:101c58008203000083030000840300008503000062
:101c68008503000086030000870300008803000046
:101c780088030000890300008a0300008b0300002a
:101c88008b0300008c0300008d0300008d0300000f
:101c98008e0300008f0300009003000090030000f3
:101ca80091030000920300009203000093030000d8
:101cb80094030000950300009503000096030000bc
:101cc80097030000970300009803000099030000a1
:101cd800990300009a0300009b0300009b03000087
:101ce8009c0300009d0300009d0300009e0300006c
:101cf8009f0300009f030000a0030000a103000051
:101d0800a1030000a2030000a3030000a303000036
:101d1800a4030000a4030000a5030000a60300001c
:101d2800a6030000a7030000a8030000a803000002
:101d3800a9030000a9030000aa030000ab030000e8
:101d4800ab030000ac030000ac030000ad030000cf
:101d5800ae030000ae030000af030000af030000b5
:101d6800b0030000b0030000b1030000b20300009c
:101d7800b2030000b3030000b3030000b403000083
:101d8800b4030000b5030000b5030000b60300006b
:101d9800b7030000b7030000b8030000b803000051
:101da800b9030000b9030000ba030000ba03000039
:101db800bb030000bb030000bc030000bc03000021
:101dc800bd030000bd030000be030000be03000009
:101dd800bf030000bf030000c0030000c0030000f1
:101de800c1030000c1030000c2030000c2030000d9
:101df800c3030000c3030000c4030000c4030000c1
:101e0800c5030000c5030000c5030000c6030000a9
:101e1800c6030000c7030000c7030000c803000092
:101e2800c8030000c9030000c9030000c90300007b
:101e3800ca030000ca030000cb030000cb03000064
:101e4800cb030000cc030000cc030000cd0300004e
:101e5800cd030000cd030000ce030000ce03000038
:101e6800cf030000cf030000cf030000d003000021
:101e7800d0030000d1030000d1030000d10300000b
:101e8800d2030000d2030000d2030000d3030000f5
:101e9800d3030000d3030000d4030000d4030000e0
:101ea800d4030000d5030000d5030000d5030000cb
:101eb800d6030000d6030000d6030000d7030000b5
:101ec800d7030000d7030000d8030000d8030000a0
:101ed800d8030000d9030000d9030000d90300008b
:101ee800d9030000da030000da030000da03000077
:101ef800db030000db030000db030000db03000062
:101f0800dc030000dc030000dc030000dd0300004c
:101f1800dd030000dd030000dd030000de03000038
:101f2800de030000de030000de030000de03000025
:101f3800df030000df030000df030000df03000011
:101f4800e0030000e0030000e0030000e0030000fd
:101f5800e0030000e1030000e1030000e1030000ea
:101f6800e1030000e1030000e2030000e2030000d7
:101f7800e2030000e2030000e2030000e3030000c4
:101f8800e3030000e3030000e3030000e3030000b1
:101f9800e3030000e4030000e4030000e40300009e
:101fa800e4030000e4030000e4030000e40300008d
:101fb800e5030000e5030000e5030000e503000079
:101fc800e5030000e5030000e5030000e503000069
:101fd800e6030000e6030000e6030000e603000055
:101fe800e6030000e6030000e6030000e603000045
:101ff800e6030000e6030000e6030000e703000034
:10200800e7030000e7030000e7030000e703000020
:10201800e7030000e7030000e7030000e703000010
:10202800e7030000e7030000e7030000e703000000
:10203800e7030000e7030000e7030000e7030000f0
:10204800e7030000e7030000e7030000e7030000e0
:10205800e7030000e7030000e7030000e7030000d0
:10206800e8030000e7030000e7030000e7030000bf
:10207800e7030000e7030000e7030000e7030000b0
:10208800e7030000e7030000e7030000e7030000a0
:10209800e7030000e7030000e7030000e703000090
:1020a800e7030000e7030000e7030000e703000080
:1020b800e7030000e7030000e7030000e703000070
:1020c800e7030000e7030000e6030000e603000062
:1020d800e6030000e6030000e6030000e603000054
:1020e800e6030000e6030000e6030000e603000044
:1020f800e6030000e5030000e5030000e503000037
:10210800e5030000e5030000e5030000e503000027
:10211800e5030000e4030000e4030000e40300001a
:10212800e4030000e4030000e4030000e40300000b
:10213800e3030000e3030000e3030000e3030000ff
:10214800e3030000e3030000e2030000e2030000f1
:10215800e2030000e2030000e2030000e1030000e4
:10216800e1030000e1030000e1030000e1030000d7
:10217800e0030000e0030000e0030000e0030000cb
:10218800e0030000df030000df030000df030000be
:10219800df030000de030000de030000de030000b2
:1021a800de030000de030000dd030000dd030000a5
:1021b800dd030000dd030000dc030000dc03000099
:1021c800dc030000db030000db030000db0300008e
:1021d800db030000da030000da030000da03000082
:1021e800d9030000d9030000d9030000d903000077
:1021f800d8030000d8030000d8030000d70300006c
:10220800d7030000d7030000d6030000d603000060
:10221800d6030000d5030000d5030000d503000055
:10222800d4030000d4030000d4030000d30300004b
:10223800d3030000d3030000d2030000d203000040
:10224800d2030000d1030000d1030000d103000035
:10225800d0030000d0030000cf030000cf0300002c
:10226800cf030000ce030000ce030000cd03000022
:10227800cd030000cd030000cc030000cc03000018
:10228800cb030000cb030000cb030000ca0300000f
:10229800ca030000c9030000c9030000c903000005
:1022a800c8030000c8030000c7030000c7030000fc
:1022b800c6030000c6030000c5030000c5030000f4
:1022c800c5030000c4030000c4030000c3030000ea
:1022d800c3030000c2030000c2030000c1030000e2
:1022e800c1030000c0030000c0030000bf030000da
:1022f800bf030000be030000be030000bd030000d2
:10230800bd030000bc030000bc030000bb030000c9
:10231800bb030000ba030000ba030000b9030000c1
:10232800b9030000b8030000b8030000b7030000b9
:10233800b7030000b6030000b5030000b5030000b2
:10234800b4030000b4030000b3030000b3030000ab
:10235800b2030000b2030000b1030000b0030000a4
:10236800b0030000af030000af030000ae0300009d
:10237800ae030000ad030000ac030000ac03000096
:10238800ab030000ab030000aa030000a903000090
:10239800a9030000a8030000a8030000a703000089
:1023a800a6030000a6030000a5030000a403000084
:1023b800a4030000a3030000a3030000a20300007d
:1023c800a1030000a1030000a00300009f03000078
:1023d8009f0300009e0300009d0300009d03000072
:1023e8009c0300009b0300009b0300009a0300006d
:1023f8009903000099030000980300009703000068
:102408009703000096030000950300009503000061
:10241800940300009303000092030000920300005d
:102428009103000090030000900300008f03000058
:102438008e0300008d0300008d0300008c03000054
:102448008b0300008b0300008a030000890300004f
:10245800880300008803000087030000860300004b
:102468008503000085030000840300008303000047
:102478008203000082030000810300008003000043
:102488007f0300007e0300007e0300007d03000040
:102498007c0300007b0300007b0300007a0300003c
:1024a8007903000078030000770300007703000039
:1024b8007603000075030000740300007303000036
:1024c8007203000072030000710300007003000033
:1024d8006f0300006e0300006d0300006d03000031
:1024e8006c0300006b0300006a030000690300002e
:1024f800680300006803000067030000660300002b
:102508006503000064030000630300006203000029
:102518006203000061030000600300005f03000025
:102528005e0300005d0300005c0300005b03000025
:102538005a0300005a030000590300005803000022
:102548005703000056030000550300005403000021
:102558005303000052030000510300005003000021
:10256800500300004f0300004e0300004d0300001d
:102578004c0300004b0300004a030000490300001d
:10258800480300004703000046030000450300001d
:10259800440300004303000042030000410300001d
:1025a800400300003f0300003e0300003e0300001c
:1025b8003d0300003c0300003b0300003a03000019
:1025c8003903000038030000370300003603000019
:1025d8003503000034030000330300003203000019
:1025e80031030000300300002f0300002e03000019
:1025f8002d0300002c0300002b0300002a03000019
:10260800290300002703000026030000250300001b
:10261800240300002303000022030000210300001c
:10262800200300001f0300001e0300001d0300001c
:102638001c0300001b0300001a030000190300001c
:10264800180300001703000016030000150300001c
:10265800140300001203000011030000100300001f
:102668000f0300000e0300000d0300000c03000020
:102678000b0300000a030000090300000803000020
:102688000603000005030000040300000303000024
:10269800020300000103000000030000ff02000025
:1026a800fe020000fc020000fb020000fa0200002b
:1026b800f9020000f8020000f7020000f60200002c
:1026c800f4020000f3020000f2020000f102000030
:1026d800f0020000ef020000ee020000ec02000031
:1026e800eb020000ea020000e9020000e802000034
:1026f800e7020000e5020000e4020000e302000037
:10270800e2020000e1020000e0020000de02000038
:10271800dd020000dc020000db020000da0200003b
:10272800d8020000d7020000d6020000d50200003f
:10273800d4020000d2020000d1020000d002000042
:10274800cf020000ce020000cc020000cb02000045
:10275800ca020000c9020000c8020000c602000048
:10276800c5020000c4020000c3020000c10200004c
:10277800c0020000bf020000be020000bc02000050
:10278800bb020000ba020000b9020000b702000054
:10279800b6020000b5020000b4020000b202000058
:1027a800b1020000b0020000af020000ad0200005c
:1027b800ac020000ab020000a9020000a802000061
:1027c800a7020000a6020000a4020000a302000065
:1027d800a2020000a10200009f0200009e02000069
:1027e8009d0200009b0200009a020000990200006e
:1027f8009702000096020000950200009402000073
:102808009202000091020000900200008e02000077
:102818008d0200008c0200008a020000890200007c
:102828008802000086020000850200008402000081
:102838008202000081020000800200007e02000087
:102848007d0200007c0200007a020000790200008c
:102858007802000076020000750200007302000092
:1028680072020000710200006f0200006e02000098
:102878006d0200006b0200006a020000690200009d
:1028880067020000660200006402000063020000a4
:1028980062020000600200005f0200005d020000aa
:1028a8005c0200005b0200005902000058020000b0
:1028b80057020000550200005402000052020000b6
:1028c80051020000500200004e0200004d020000bc
:1028d8004b0200004a0200004802000047020000c4
:1028e80046020000440200004302000041020000ca
:1028f800400200003f0200003d0200003c020000d0
:102908003a020000390200003702000036020000d7
:1029180034020000330200003202000030020000de
:102928002f0200002d0200002c0200002a020000e5
:1029380029020000270200002602000025020000ec
:102948002302000022020000200200001f020000f3
:102958001d0200001c0200001a02000019020000fb
:102968001702000016020000140200001302000003
:1029780011020000100200000e0200000d0200000b
:102988000b0200000a020000090200000702000012
:102998000602000004020000030200000102000019
:1029a80000020000fe010000fd010000fb01000024
:1029b800fa010000f8010000f7010000f50100002d
:1029c800f3010000f2010000f0010000ef01000037
:1029d800ed010000ec010000ea010000e90100003f
:1029e800e7010000e6010000e4010000e301000047
:1029f800e1010000e0010000de010000dd0100004f
:102a0800db010000da010000d8010000d701000056
:102a1800d5010000d3010000d2010000d001000060
:102a2800cf010000cd010000cc010000ca01000068
:102a3800c9010000c7010000c5010000c401000071
:102a4800c2010000c1010000bf010000be0100007a
:102a5800bc010000bb010000b9010000b701000083
:102a6800b6010000b4010000b3010000b10100008c
:102a7800b0010000ae010000ac010000ab01000095
:102a8800a9010000a8010000a6010000a50100009e
:102a9800a3010000a1010000a00100009e010000a8
:102aa8009d0100009b0100009901000098010000b1
:102ab80096010000950100009301000091010000bb
:102ac800900100008e0100008d0100008b010000c4
:102ad80089010000880100008601000085010000ce
:102ae8008301000081010000800100007e010000d8
:102af8007d0100007b0100007901000078010000e1
:102b080076010000740100007301000071010000eb
:102b1800700100006e0100006c0100006b010000f4
:102b280069010000670100006601000064010000ff
:102b380063010000610100005f0100005e01000008
:102b48005c0100005a010000590100005701000013
:102b5800560100005401000052010000510100001c
:102b68004f0100004d0100004c0100004a01000027
:102b78004801000047010000450100004301000032
:102b880042010000400100003e0100003d0100003c
:102b98003b01000039010000380100003601000047
:102ba8003501000033010000310100003001000050
:102bb8002e0100002c0100002b010000290100005b
:102bc8002701000026010000240100002201000066
:102bd800210100001f0100001d0100001c01000070
:102be8001a0100001801000016010000150100007c
:102bf8001301000011010000100100000e01000087
:102c08000c0100000b010000090100000701000091
:102c1800060100000401000002010000010100009b
:102c2800ff000000fd000000fc000000fa000000aa
:102c3800f8000000f6000000f5000000f3000000b6
:102c4800f1000000f0000000ee000000ec000000c1
:102c5800eb000000e9000000e7000000e6000000cb
:102c6800e4000000e2000000e0000000df000000d7
:102c7800dd000000db000000da000000d8000000e2
:102c8800d6000000d5000000d3000000d1000000ed
:102c9800cf000000ce000000cc000000ca000000f9
:102ca800c9000000c7000000c5000000c300000004
:102cb800c2000000c0000000be000000bd0000000f
:102cc800bb000000b9000000b7000000b60000001b
:102cd800b4000000b2000000b1000000af00000026
:102ce800ad000000ab000000aa000000a800000032
:102cf800a6000000a5000000a3000000a10000003d
:102d08009f0000009e0000009c0000009a00000048
:102d18009800000097000000950000009300000054
:102d280092000000900000008e0000008c0000005f
:102d38008b0000008900000087000000850000006b
:102d48008400000082000000800000007f00000076
:102d58007d0000007b000000790000007800000082
:102d6800760000007400000072000000710000008e
:102d78006f0000006d0000006b0000006a0000009a
:102d880068000000660000006500000063000000a5
:102d9800610000005f0000005e0000005c000000b1
:102da8005a000000580000005700000055000000bd
:102db8005300000051000000500000004e000000c9
:102dc8004c0000004a0000004900000047000000d5
:102dd80045000000440000004200000040000000e0
:102de8003e0000003d0000003b00000039000000ec
:102df80037000000360000003400000032000000f8
:102e0800300000002f0000002d0000002b00000003
:102e1800290000002800000026000000240000000f
:102e280022000000210000001f0000001d0000001b
:102e38001b0000001a000000180000001600000027
:102e48001400000013000000110000000f00000033
:102e58000d0000000c0000000a000000080000003f
:102e6800060000000500000003000000010000004b
:102e780000000000fffffffffdfffffffbffffff5c
:102e8800fafffffff8fffffff6fffffff4ffffff6a
:102e9800f3fffffff1ffffffefffffffedffffff76
:102ea800ecffffffeaffffffe8ffffffe6ffffff82
:102eb800e5ffffffe3ffffffe1ffffffdfffffff8e
:102ec800deffffffdcffffffdaffffffd8ffffff9a
:102ed800d7ffffffd5ffffffd3ffffffd1ffffffa6
:102ee800d0ffffffceffffffccffffffcaffffffb2
:102ef800c9ffffffc7ffffffc5ffffffc3ffffffbe
:102f0800c2ffffffc0ffffffbeffffffbcffffffc9
:102f1800bbffffffb9ffffffb7ffffffb6ffffffd4
:102f2800b4ffffffb2ffffffb0ffffffafffffffe0
:102f3800adffffffabffffffa9ffffffa8ffffffec
:102f4800a6ffffffa4ffffffa2ffffffa1fffffff8
:102f58009fffffff9dffffff9bffffff9affffff04
:102f680098ffffff96ffffff95ffffff93ffffff0f
:102f780091ffffff8fffffff8effffff8cffffff1b
:102f88008affffff88ffffff87ffffff85ffffff27
:102f980083ffffff81ffffff80ffffff7effffff33
:102fa8007cffffff7bffffff79ffffff77ffffff3e
:102fb80075ffffff74ffffff72ffffff70ffffff4a
:102fc8006effffff6dffffff6bffffff69ffffff56
:102fd80068ffffff66ffffff64ffffff62ffffff61
:102fe80061ffffff5fffffff5dffffff5bffffff6d
:102ff8005affffff58ffffff56ffffff55ffffff78
:1030080053ffffff51ffffff4fffffff4effffff83
:103018004cffffff4affffff49ffffff47ffffff8e
:1030280045ffffff43ffffff42ffffff40ffffff9a
:103038003effffff3dffffff3bffffff39ffffffa5
:1030480037ffffff36ffffff34ffffff32ffffffb1
:1030580031ffffff2fffffff2dffffff2bffffffbc
:103068002affffff28ffffff26ffffff25ffffffc7
:1030780023ffffff21ffffff20ffffff1effffffd2
:103088001cffffff1affffff19ffffff17ffffffde
:1030980015ffffff14ffffff12ffffff10ffffffe9
:1030a8000fffffff0dffffff0bffffff0afffffff3
:1030b80008ffffff06ffffff04ffffff03ffffffff
:1030c80001fffffffffefffffefefffffcfeffff0d
:1030d800fafefffff9fefffff7fefffff5feffff19
:1030e800f4fefffff2fefffff0feffffeffeffff23
:1030f800edfeffffebfeffffeafeffffe8feffff2e
:10310800e6feffffe4feffffe3feffffe1feffff39
:10311800dffeffffdefeffffdcfeffffdafeffff44
:10312800d9feffffd7feffffd5feffffd4feffff4e
:10313800d2feffffd0feffffcffeffffcdfeffff59
:10314800cbfeffffcafeffffc8feffffc7feffff63
:10315800c5feffffc3feffffc2feffffc0feffff6d
:10316800befeffffbdfeffffbbfeffffb9feffff78
:10317800b8feffffb6feffffb4feffffb3feffff82
:10318800b1feffffaffeffffaefeffffacfeffff8d
:10319800aafeffffa9feffffa7feffffa6feffff97
:1031a800a4feffffa2feffffa1feffff9ffeffffa1
:1031b8009dfeffff9cfeffff9afeffff99feffffab
:1031c80097feffff95feffff94feffff92feffffb5
:1031d80090feffff8ffeffff8dfeffff8cfeffffbf
:1031e8008afeffff88feffff87feffff85feffffc9
:1031f80083feffff82feffff80feffff7ffeffffd3
:103208007dfeffff7bfeffff7afeffff78feffffdc
:1032180077feffff75feffff73feffff72feffffe5
:1032280070feffff6ffeffff6dfeffff6bfeffffef
:103238006afeffff68feffff67feffff65fefffff8
:1032480063feffff62feffff60feffff5ffeffff02
:103258005dfeffff5bfeffff5afeffff58feffff0c
:1032680057feffff55feffff54feffff52feffff14
:1032780050feffff4ffeffff4dfeffff4cfeffff1e
:103288004afeffff49feffff47feffff45feffff27
:1032980044feffff42feffff41feffff3ffeffff30
:1032a8003efeffff3cfeffff3bfeffff39feffff38
:1032b80037feffff36feffff34feffff33feffff42
:1032c80031feffff30feffff2efeffff2dfeffff4a
:1032d8002bfeffff29feffff28feffff26feffff54
:1032e80025feffff23feffff22feffff20feffff5c
:1032f8001ffeffff1dfeffff1cfeffff1afeffff64
:1033080019feffff17feffff16feffff14feffff6b
:1033180013feffff11feffff10feffff0efeffff73
:103328000cfeffff0bfeffff09feffff08feffff7d
:1033380006feffff05feffff03feffff02feffff85
:1033480000fefffffffdfffffdfdfffffcfdffff90
:10335800fafdfffff9fdfffff7fdfffff6fdffff99
:10336800f5fdfffff3fdfffff2fdfffff0fdffff9f
:10337800effdffffedfdffffecfdffffeafdffffa7
:10338800e9fdffffe7fdffffe6fdffffe4fdffffaf
:10339800e3fdffffe1fdffffe0fdffffdefdffffb7
:1033a800ddfdffffdbfdffffdafdffffd9fdffffbe
:1033b800d7fdffffd6fdffffd4fdffffd3fdffffc5
:1033c800d1fdffffd0fdffffcefdffffcdfdffffcd
:1033d800ccfdffffcafdffffc9fdffffc7fdffffd3
:1033e800c6fdffffc4fdffffc3fdffffc1fdffffdb
:1033f800c0fdffffbffdffffbdfdffffbcfdffffe1
:10340800bafdffffb9fdffffb8fdffffb6fdffffe7
:10341800b5fdffffb3fdffffb2fdffffb0fdffffee
:10342800affdffffaefdffffacfdffffabfdfffff4
:10343800a9fdffffa8fdffffa7fdffffa5fdfffffb
:10344800a4fdffffa3fdffffa1fdffffa0fdffff00
:103458009efdffff9dfdffff9cfdffff9afdffff07
:1034680099fdffff97fdffff96fdffff95fdffff0d
:1034780093fdffff92fdffff91fdffff8ffdffff13
:103488008efdffff8dfdffff8bfdffff8afdffff18
:1034980088fdffff87fdffff86fdffff84fdffff1f
:1034a80083fdffff82fdffff80fdffff7ffdffff24
:1034b8007efdffff7cfdffff7bfdffff7afdffff29
:1034c80078fdffff77fdffff76fdffff74fdffff2f
:1034d80073fdffff72fdffff70fdffff6ffdffff34
:1034e8006efdffff6cfdffff6bfdffff6afdffff39
:1034f80069fdffff67fdffff66fdffff65fdffff3d
:1035080063fdffff62fdffff61fdffff5ffdffff42
:103518005efdffff5dfdffff5cfdffff5afdffff46
:1035280059fdffff58fdffff57fdffff55fdffff4a
:1035380054fdffff53fdffff51fdffff50fdffff4f
:103548004ffdffff4efdffff4cfdffff4bfdffff53
:103558004afdffff49fdffff47fdffff46fdffff57
:1035680045fdffff44fdffff42fdffff41fdffff5b
:1035780040fdffff3ffdffff3dfdffff3cfdffff5f
:103588003bfdffff3afdffff38fdffff37fdffff63
:1035980036fdffff35fdffff34fdffff32fdffff66
:1035a80031fdffff30fdffff2ffdffff2efdffff69
:1035b8002cfdffff2bfdffff2afdffff29fdffff6d
:1035c80028fdffff26fdffff25fdffff24fdffff70
:1035d80023fdffff22fdffff20fdffff1ffdffff73
:1035e8001efdffff1dfdffff1cfdffff1bfdffff75
:1035f80019fdffff18fdffff17fdffff16fdffff79
:1036080015fdffff14fdffff12fdffff11fdffff7a
:1036180010fdffff0ffdffff0efdffff0dfdffff7c
:103628000cfdffff0afdffff09fdffff08fdffff7f
:1036380007fdffff06fdffff05fdffff04fdffff80
:1036480002fdffff01fdffff00fdfffffffcffff85
:10365800fefcfffffdfcfffffcfcfffffbfcffff88
:10366800fafcfffff8fcfffff7fcfffff6fcffff8b
:10367800f5fcfffff4fcfffff3fcfffff2fcffff8c
:10368800f1fcfffff0fcffffeffcffffeefcffff8c
:10369800ecfcffffebfcffffeafcffffe9fcffff90
:1036a800e8fcffffe7fcffffe6fcffffe5fcffff90
:1036b800e4fcffffe3fcffffe2fcffffe1fcffff90
:1036c800e0fcffffdffcffffdefcffffddfcffff90
:1036d800dcfcffffdbfcffffdafcffffd9fcffff90
:1036e800d7fcffffd6fcffffd5fcffffd4fcffff94
:1036f800d3fcffffd2fcffffd1fcffffd0fcffff94
:10370800cffcffffcefcffffcdfcffffccfcffff93
:10371800cbfcffffcafcffffc9fcffffc8fcffff93
:10372800c7fcffffc6fcffffc5fcffffc4fcffff93
:10373800c3fcffffc2fcffffc2fcffffc1fcffff91
:10374800c0fcffffbffcffffbefcffffbdfcffff8f
:10375800bcfcffffbbfcffffbafcffffb9fcffff8f
:10376800b8fcffffb7fcffffb6fcffffb5fcffff8f
:10377800b4fcffffb3fcffffb2fcffffb1fcffff8f
:10378800b0fcffffb0fcffffaffcffffaefcffff8c
:10379800adfcffffacfcffffabfcffffaafcffff8b
:1037a800a9fcffffa8fcffffa7fcffffa6fcffff8b
:1037b800a6fcffffa5fcffffa4fcffffa3fcffff87
:1037c800a2fcffffa1fcffffa0fcffff9ffcffff87
:1037d8009efcffff9efcffff9dfcffff9cfcffff84
:1037e8009bfcffff9afcffff99fcffff98fcffff83
:1037f80098fcffff97fcffff96fcffff95fcffff7f
:1038080094fcffff93fcffff93fcffff92fcffff7c
:1038180091fcffff90fcffff8ffcffff8efcffff7a
:103828008efcffff8dfcffff8cfcffff8bfcffff76
:103838008afcffff89fcffff89fcffff88fcffff74
:1038480087fcffff86fcffff85fcffff85fcffff71
:1038580084fcffff83fcffff82fcffff82fcffff6d
:1038680081fcffff80fcffff7ffcffff7efcffff6a
:103878007efcffff7dfcffff7cfcffff7bfcffff66
:103888007bfcffff7afcffff79fcffff78fcffff62
:1038980078fcffff77fcffff76fcffff75fcffff5e
:1038a80075fcffff74fcffff73fcffff73fcffff59
:1038b80072fcffff71fcffff70fcffff70fcffff55
:1038c8006ffcffff6efcffff6efcffff6dfcffff50
:1038d8006cfcffff6bfcffff6bfcffff6afcffff4c
:1038e80069fcffff69fcffff68fcffff67fcffff47
:1038f80067fcffff66fcffff65fcffff65fcffff41
:1039080064fcffff63fcffff63fcffff62fcffff3b
:1039180061fcffff61fcffff60fcffff5ffcffff36
:103928005ffcffff5efcffff5dfcffff5dfcffff30
:103938005cfcffff5cfcffff5bfcffff5afcffff2a
:103948005afcffff59fcffff58fcffff58fcffff24
:1039580057fcffff57fcffff56fcffff55fcffff1e
:1039680055fcffff54fcffff54fcffff53fcffff17
:1039780052fcffff52fcffff51fcffff51fcffff11
:1039880050fcffff50fcffff4ffcffff4efcffff0a
:103998004efcffff4dfcffff4dfcffff4cfcffff03
:1039a8004cfcffff4bfcffff4bfcffff4afcfffffb
:1039b80049fcffff49fcffff48fcffff48fcfffff5
:1039c80047fcffff47fcffff46fcffff46fcffffed
:1039d80045fcffff45fcffff44fcffff44fcffffe5
:1039e80043fcffff43fcffff42fcffff42fcffffdd
:1039f80041fcffff41fcffff40fcffff40fcffffd5
:103a08003ffcffff3ffcffff3efcffff3efcffffcc
:103a18003dfcffff3dfcffff3cfcffff3cfcffffc4
:103a28003bfcffff3bfcffff3bfcffff3afcffffbb
:103a38003afcffff39fcffff39fcffff38fcffffb2
:103a480038fcffff37fcffff37fcffff37fcffffa9
:103a580036fcffff36fcffff35fcffff35fcffffa0
:103a680035fcffff34fcffff34fcffff33fcffff96
:103a780033fcffff33fcffff32fcffff32fcffff8c
:103a880031fcffff31fcffff31fcffff30fcffff83
:103a980030fcffff2ffcffff2ffcffff2ffcffff79
:103aa8002efcffff2efcffff2efcffff2dfcffff6f
:103ab8002dfcffff2dfcffff2cfcffff2cfcffff64
:103ac8002cfcffff2bfcffff2bfcffff2bfcffff59
:103ad8002afcffff2afcffff2afcffff29fcffff4f
:103ae80029fcffff29fcffff28fcffff28fcffff44
:103af80028fcffff27fcffff27fcffff27fcffff39
:103b080027fcffff26fcffff26fcffff26fcffff2c
:103b180025fcffff25fcffff25fcffff25fcffff21
:103b280024fcffff24fcffff24fcffff23fcffff16
:103b380023fcffff23fcffff23fcffff22fcffff0a
:103b480022fcffff22fcffff22fcffff22fcfffffd
:103b580021fcffff21fcffff21fcffff21fcfffff1
:103b680020fcffff20fcffff20fcffff20fcffffe5
:103b780020fcffff1ffcffff1ffcffff1ffcffffd8
:103b88001ffcffff1ffcffff1efcffff1efcffffcb
:103b98001efcffff1efcffff1efcffff1dfcffffbe
:103ba8001dfcffff1dfcffff1dfcffff1dfcffffb1
:103bb8001dfcffff1cfcffff1cfcffff1cfcffffa4
:103bc8001cfcffff1cfcffff1cfcffff1cfcffff95
:103bd8001bfcffff1bfcffff1bfcffff1bfcffff89
:103be8001bfcffff1bfcffff1bfcffff1bfcffff79
:103bf8001afcffff1afcffff1afcffff1afcffff6d
:103c08001afcffff1afcffff1afcffff1afcffff5c
:103c18001afcffff1afcffff1afcffff19fcffff4d
:103c280019fcffff19fcffff19fcffff19fcffff40
:103c380019fcffff19fcffff19fcffff19fcffff30
:103c480019fcffff19fcffff19fcffff19fcffff20
:103c580019fcffff19fcffff19fcffff19fcffff10
:103c680019fcffff19fcffff19fcffff19fcffff00
:103c780019fcffff19fcffff19fcffff19fcfffff0
:103c880018fcffff19fcffff19fcffff19fcffffe1
:103c980019fcffff19fcffff19fcffff19fcffffd0
:103ca80019fcffff19fcffff19fcffff19fcffffc0
:103cb80019fcffff19fcffff19fcffff19fcffffb0
:103cc80019fcffff19fcffff19fcffff19fcffffa0
:103cd80019fcffff19fcffff19fcffff19fcffff90
:103ce80019fcffff19fcffff1afcffff1afcffff7e
:103cf8001afcffff1afcffff1afcffff1afcffff6c
:103d08001afcffff1afcffff1afcffff1afcffff5b
:103d18001afcffff1bfcffff1bfcffff1bfcffff48
:103d28001bfcffff1bfcffff1bfcffff1bfcffff37
:103d38001bfcffff1cfcffff1cfcffff1cfcffff24
:103d48001cfcffff1cfcffff1cfcffff1cfcffff13
:103d58001dfcffff1dfcffff1dfcffff1dfcffffff
:103d68001dfcffff1dfcffff1efcffff1efcffffed
:103d78001efcffff1efcffff1efcffff1ffcffffda
:103d88001ffcffff1ffcffff1ffcffff1ffcffffc7
:103d980020fcffff20fcffff20fcffff20fcffffb3
:103da80020fcffff21fcffff21fcffff21fcffffa0
:103db80021fcffff22fcffff22fcffff22fcffff8c
:103dc80022fcffff22fcffff23fcffff23fcffff79
:103dd80023fcffff23fcffff24fcffff24fcffff65
:103de80024fcffff25fcffff25fcffff25fcffff50
:103df80025fcffff26fcffff26fcffff26fcffff3c
:103e080027fcffff27fcffff27fcffff27fcffff26
:103e180028fcffff28fcffff28fcffff29fcffff11
:103e280029fcffff29fcffff2afcffff2afcfffffc
:103e38002afcffff2bfcffff2bfcffff2bfcffffe7
:103e48002cfcffff2cfcffff2cfcffff2dfcffffd1
:103e58002dfcffff2dfcffff2efcffff2efcffffbc
:103e68002efcffff2ffcffff2ffcffff2ffcffffa7
:103e780030fcffff30fcffff31fcffff31fcffff90
:103e880031fcffff32fcffff32fcffff33fcffff7a
:103e980033fcffff33fcffff34fcffff34fcffff64
:103ea80035fcffff35fcffff35fcffff36fcffff4d
:103eb80036fcffff37fcffff37fcffff37fcffff37
:103ec80038fcffff38fcffff39fcffff39fcffff20
:103ed8003afcffff3afcffff3bfcffff3bfcffff08
:103ee8003bfcffff3cfcffff3cfcffff3dfcfffff2
:103ef8003dfcffff3efcffff3efcffff3ffcffffda
:103f08003ffcffff40fcffff40fcffff41fcffffc1
:103f180041fcffff42fcffff42fcffff43fcffffa9
:103f280043fcffff44fcffff44fcffff45fcffff91
:103f380045fcffff46fcffff46fcffff47fcffff79
:103f480047fcffff48fcffff48fcffff49fcffff61
:103f580049fcffff4afcffff4bfcffff4bfcffff48
:103f68004cfcffff4cfcffff4dfcffff4dfcffff2f
:103f78004efcffff4efcffff4ffcffff50fcffff16
:103f880050fcffff51fcffff51fcffff52fcfffffd
:103f980052fcffff53fcffff54fcffff54fcffffe4
:103fa80055fcffff55fcffff56fcffff57fcffffca
:103fb80057fcffff58fcffff58fcffff59fcffffb1
:103fc8005afcffff5afcffff5bfcffff5cfcffff96
:103fd8005cfcffff5dfcffff5dfcffff5efcffff7d
:103fe8005ffcffff5ffcffff60fcffff61fcffff62
:103ff80061fcffff62fcffff63fcffff63fcffff48
:1040080064fcffff65fcffff65fcffff66fcffff2c
:1040180067fcffff67fcffff68fcffff69fcffff11
:1040280069fcffff6afcffff6bfcffff6bfcfffff7
:104038006cfcffff6dfcffff6efcffff6efcffffdb
:104048006ffcffff70fcffff70fcffff71fcffffc0
:1040580072fcffff73fcffff73fcffff74fcffffa4
:1040680075fcffff75fcffff76fcffff77fcffff89
:1040780078fcffff78fcffff79fcffff7afcffff6d
:104088007bfcffff7bfcffff7cfcffff7dfcffff51
:104098007efcffff7efcffff7ffcffff80fcffff35
:1040a80081fcffff82fcffff82fcffff83fcffff18
:1040b80084fcffff85fcffff85fcffff86fcfffffc
:1040c80087fcffff88fcffff89fcffff89fcffffdf
:1040d8008afcffff8bfcffff8cfcffff8dfcffffc2
:1040e8008efcffff8efcffff8ffcffff90fcffffa5
:1040f80091fcffff92fcffff93fcffff93fcffff87
:1041080094fcffff95fcffff96fcffff97fcffff69
:1041180098fcffff98fcffff99fcffff9afcffff4c
:104128009bfcffff9cfcffff9dfcffff9efcffff2d
:104138009efcffff9ffcffffa0fcffffa1fcffff11
:10414800a2fcffffa3fcffffa4fcffffa5fcfffff1
:10415800a6fcffffa6fcffffa7fcffffa8fcffffd4
:10416800a9fcffffaafcffffabfcffffacfcffffb5
:10417800adfcffffaefcffffaffcffffb0fcffff95
:10418800b0fcffffb1fcffffb2fcffffb3fcffff79
:10419800b4fcffffb5fcffffb6fcffffb7fcffff59
:1041a800b8fcffffb9fcffffbafcffffbbfcffff39
:1041b800bcfcffffbdfcffffbefcffffbffcffff19
:1041c800c0fcffffc1fcffffc2fcffffc2fcfffffa
:1041d800c3fcffffc4fcffffc5fcffffc6fcffffdd
:1041e800c7fcffffc8fcffffc9fcffffcafcffffbd
:1041f800cbfcffffccfcffffcdfcffffcefcffff9d
:10420800cffcffffd0fcffffd1fcffffd2fcffff7c
:10421800d3fcffffd4fcffffd5fcffffd6fcffff5c
:10422800d7fcffffd9fcffffdafcffffdbfcffff39
:10423800dcfcffffddfcffffdefcffffdffcffff18
:10424800e0fcffffe1fcffffe2fcffffe3fcfffff8
:10425800e4fcffffe5fcffffe6fcffffe7fcffffd8
:10426800e8fcffffe9fcffffeafcffffebfcffffb8
:10427800ecfcffffeefcffffeffcfffff0fcffff95
:10428800f1fcfffff2fcfffff3fcfffff4fcffff74
:10429800f5fcfffff6fcfffff7fcfffff8fcffff54
:1042a800fafcfffffbfcfffffcfcfffffdfcffff30
:1042b800fefcfffffffcffff00fdffff01fdffff0e
:1042c80002fdffff04fdffff05fdffff06fdffffe9
:1042d80007fdffff08fdffff09fdffff0afdffffc8
:1042e8000cfdffff0dfdffff0efdffff0ffdffffa4
:1042f80010fdffff11fdffff12fdffff14fdffff83
:1043080015fdffff16fdffff17fdffff18fdffff5f
:1043180019fdffff1bfdffff1cfdffff1dfdffff3c
:104328001efdffff1ffdffff20fdffff22fdffff1a
:1043380023fdffff24fdffff25fdffff26fdfffff7
:1043480028fdffff29fdffff2afdffff2bfdffffd3
:104358002cfdffff2efdffff2ffdffff30fdffffb0
:1043680031fdffff32fdffff34fdffff35fdffff8d
:1043780036fdffff37fdffff38fdffff3afdffff6a
:104388003bfdffff3cfdffff3dfdffff3ffdffff46
:1043980040fdffff41fdffff42fdffff44fdffff22
:1043a80045fdffff46fdffff47fdffff49fdfffffe
:1043b8004afdffff4bfdffff4cfdffff4efdffffda
:1043c8004ffdffff50fdffff51fdffff53fdffffb6
:1043d80054fdffff55fdffff57fdffff58fdffff91
:1043e80059fdffff5afdffff5cfdffff5dfdffff6d
:1043f8005efdffff5ffdffff61fdffff62fdffff49
:1044080063fdffff65fdffff66fdffff67fdffff23
:1044180069fdffff6afdffff6bfdffff6cfdfffffe
:104428006efdffff6ffdffff70fdffff72fdffffd9
:1044380073fdffff74fdffff76fdffff77fdffffb4
:1044480078fdffff7afdffff7bfdffff7cfdffff8f
:104458007efdffff7ffdffff80fdffff82fdffff69
:1044680083fdffff84fdffff86fdffff87fdffff44
:1044780088fdffff8afdffff8bfdffff8dfdffff1e
:104488008efdffff8ffdffff91fdffff92fdfffff8
:1044980093fdffff95fdffff96fdffff97fdffffd3
:1044a80099fdffff9afdffff9cfdffff9dfdffffac
:1044b8009efdffffa0fdffffa1fdffffa3fdffff86
:1044c800a4fdffffa5fdffffa7fdffffa8fdffff60
:1044d800a9fdffffabfdffffacfdffffaefdffff3a
:1044e800affdffffb0fdffffb2fdffffb3fdffff14
:1044f800b5fdffffb6fdffffb8fdffffb9fdffffec
:10450800bafdffffbcfdffffbdfdffffbffdffffc5
:10451800c0fdffffc1fdffffc3fdffffc4fdffff9f
:10452800c6fdffffc7fdffffc9fdffffcafdffff77
:10453800ccfdffffcdfdffffcefdffffd0fdffff50
:10454800d1fdffffd3fdffffd4fdffffd6fdffff29
:10455800d7fdffffd9fdffffdafdffffdbfdffff02
:10456800ddfdffffdefdffffe0fdffffe1fdffffdb
:10457800e3fdffffe4fdffffe6fdffffe7fdffffb3
:10458800e9fdffffeafdffffecfdffffedfdffff8b
:10459800effdfffff0fdfffff2fdfffff3fdffff63
:1045a800f5fdfffff6fdfffff7fdfffff9fdffff3c
:1045b800fafdfffffcfdfffffdfdfffffffdffff15
:1045c80000feffff02feffff03feffff05feffffe9
:1045d80006feffff08feffff09feffff0bfeffffc1
:1045e8000dfeffff0efeffff10feffff11feffff97
:1045f80013feffff14feffff16feffff17feffff6f
:1046080019feffff1afeffff1cfeffff1dfeffff46
:104618001ffeffff20feffff22feffff23feffff1e
:1046280025feffff26feffff28feffff29fefffff6
:104638002bfeffff2dfeffff2efeffff30feffffcc
:1046480031feffff33feffff34feffff36feffffa4
:1046580037feffff39feffff3bfeffff3cfeffff7b
:104668003efeffff3ffeffff41feffff42feffff52
:1046780044feffff45feffff47feffff49feffff29
:104688004afeffff4cfeffff4dfeffff4ffeffff00
:1046980050feffff52feffff54feffff55feffffd7
:1046a80057feffff58feffff5afeffff5bfeffffae
:1046b8005dfeffff5ffeffff60feffff62feffff84
:1046c80063feffff65feffff67feffff68feffff5b
:1046d8006afeffff6bfeffff6dfeffff6ffeffff31
:1046e80070feffff72feffff73feffff75feffff08
:1046f80077feffff78feffff7afeffff7bfeffffde
:104708007dfeffff7ffeffff80feffff82feffffb3
:1047180083feffff85feffff87feffff88feffff8a
:104728008afeffff8cfeffff8dfeffff8ffeffff5f
:1047380090feffff92feffff94feffff95feffff36
:1047480097feffff99feffff9afeffff9cfeffff0b
:104758009dfeffff9ffeffffa1feffffa2feffffe2
:10476800a4feffffa6feffffa7feffffa9feffffb7
:10477800aafeffffacfeffffaefeffffaffeffff8e
:10478800b1feffffb3feffffb4feffffb6feffff63
:10479800b8feffffb9feffffbbfeffffbdfeffff38
:1047a800befeffffc0feffffc2feffffc3feffff0e
:1047b800c5feffffc7feffffc8feffffcafeffffe3
:1047c800cbfeffffcdfeffffcffeffffd0feffffba
:1047d800d2feffffd4feffffd5feffffd7feffff8f
:1047e800d9feffffdafeffffdcfeffffdefeffff64
:1047f800dffeffffe1feffffe3feffffe4feffff3a
:10480800e6feffffe8feffffeafeffffebfeffff0d
:10481800edfeffffeffefffff0fefffff2feffffe2
:10482800f4fefffff5fefffff7fefffff9feffffb7
:10483800fafefffffcfefffffefefffffffeffff8d
:1048480001ffffff03ffffff04ffffff06ffffff5e
:1048580008ffffff0affffff0bffffff0dffffff32
:104868000fffffff10ffffff12ffffff14ffffff07
:1048780015ffffff17ffffff19ffffff1affffffdd
:104888001cffffff1effffff20ffffff21ffffffb1
:1048980023ffffff25ffffff26ffffff28ffffff86
:1048a8002affffff2bffffff2dffffff2fffffff5b
:1048b80031ffffff32ffffff34ffffff36ffffff2f
:1048c80037ffffff39ffffff3bffffff3dffffff04
:1048d8003effffff40ffffff42ffffff43ffffffd9
:1048e80045ffffff47ffffff49ffffff4affffffad
:1048f8004cffffff4effffff4fffffff51ffffff82
:1049080053ffffff55ffffff56ffffff58ffffff55
:104918005affffff5bffffff5dffffff5fffffff2a
:1049280061ffffff62ffffff64ffffff66fffffffe
:1049380068ffffff69ffffff6bffffff6dffffffd2
:104948006effffff70ffffff72ffffff74ffffffa7
:1049580075ffffff77ffffff79ffffff7bffffff7b
:104968007cffffff7effffff80ffffff81ffffff50
:1049780083ffffff85ffffff87ffffff88ffffff24
:104988008affffff8cffffff8effffff8ffffffff8
:1049980091ffffff93ffffff95ffffff96ffffffcc
:1049a80098ffffff9affffff9bffffff9dffffffa1
:1049b8009fffffffa1ffffffa2ffffffa4ffffff75
:1049c800a6ffffffa8ffffffa9ffffffabffffff49
:1049d800adffffffafffffffb0ffffffb2ffffff1d
:1049e800b4ffffffb6ffffffb7ffffffb9fffffff1
:1049f800bbffffffbcffffffbeffffffc0ffffffc6
:104a0800c2ffffffc3ffffffc5ffffffc7ffffff99
:104a1800c9ffffffcaffffffccffffffceffffff6d
:104a2800d0ffffffd1ffffffd3ffffffd5ffffff41
:104a3800d7ffffffd8ffffffdaffffffdcffffff15
:104a4800deffffffdfffffffe1ffffffe3ffffffe9
:104a5800e5ffffffe6ffffffe8ffffffeaffffffbd
:104a6800ecffffffedffffffeffffffff1ffffff91
:104a7800f3fffffff4fffffff6fffffff8ffffff65
:104a8800fafffffffbfffffffdffffffffffffff39
:104a980000000000e8030000e7030000e70300004f
:104aa800e7030000e7030000e7030000e703000056
:104ab800e7030000e7030000e7030000e703000046
:104ac800e7030000e7030000e7030000e703000036
:104ad800e7030000e7030000e7030000e703000026
:104ae800e7030000e7030000e7030000e703000016
:104af800e7030000e7030000e7030000e603000007
:104b0800e6030000e6030000e6030000e6030000f9
:104b1800e6030000e6030000e6030000e6030000e9
:104b2800e6030000e6030000e5030000e5030000db
:104b3800e5030000e5030000e5030000e5030000cd
:104b4800e5030000e5030000e4030000e4030000bf
:104b5800e4030000e4030000e4030000e4030000b1
:104b6800e4030000e3030000e3030000e3030000a4
:104b7800e3030000e3030000e3030000e203000096
:104b8800e2030000e2030000e2030000e203000089
:104b9800e1030000e1030000e1030000e10300007d
:104ba800e1030000e0030000e0030000e003000070
:104bb800e0030000e0030000df030000df03000063
:104bc800df030000df030000de030000de03000057
:104bd800de030000de030000de030000dd0300004a
:104be800dd030000dd030000dd030000dc0300003e
:104bf800dc030000dc030000db030000db03000033
:104c0800db030000db030000da030000da03000026
:104c1800da030000d9030000d9030000d90300001b
:104c2800d9030000d8030000d8030000d80300000f
:104c3800d7030000d7030000d7030000d603000005
:104c4800d6030000d6030000d5030000d5030000fa
:104c5800d5030000d4030000d4030000d4030000ef
:104c6800d3030000d3030000d3030000d2030000e5
:104c7800d2030000d2030000d1030000d1030000da
:104c8800d1030000d0030000d0030000cf030000d0
:104c9800cf030000cf030000ce030000ce030000c6
:104ca800cd030000cd030000cd030000cc030000bd
:104cb800cc030000cb030000cb030000cb030000b3
:104cc800ca030000ca030000c9030000c9030000aa
:104cd800c9030000c8030000c8030000c7030000a0
:104ce800c7030000c6030000c6030000c503000098
:104cf800c5030000c5030000c4030000c40300008e
:104d0800c3030000c3030000c2030000c203000085
:104d1800c1030000c1030000c0030000c00300007d
:104d2800bf030000bf030000be030000be03000075
:104d3800bd030000bd030000bc030000bc0300006d
:104d4800bb030000bb030000ba030000ba03000065
:104d5800b9030000b9030000b8030000b80300005d
:104d6800b7030000b7030000b6030000b503000056
:104d7800b5030000b4030000b4030000b30300004f
:104d8800b3030000b2030000b2030000b103000047
:104d9800b0030000b0030000af030000af03000041
:104da800ae030000ae030000ad030000ac0300003a
:104db800ac030000ab030000ab030000aa03000033
:104dc800a9030000a9030000a8030000a80300002d
:104dd800a7030000a6030000a6030000a503000027
:104de800a4030000a4030000a3030000a303000021
:104df800a2030000a1030000a1030000a00300001b
:104e08009f0300009f0300009e0300009d03000015
:104e18009d0300009c0300009b0300009b0300000f
:104e28009a0300009903000099030000980300000a
:104e38009703000097030000960300009503000005
:104e48009503000094030000930300009203000000
:104e580092030000910300009003000090030000fb
:104e68008f0300008e0300008d0300008d030000f7
:104e78008c0300008b0300008b0300008a030000f2
:104e880089030000880300008803000087030000ee
:104e980086030000850300008503000084030000ea
:104ea80083030000820300008203000081030000e6
:104eb800800300007f0300007e0300007e030000e3
:104ec8007d0300007c0300007b0300007b030000df
:104ed8007a030000790300007803000077030000dc
:104ee80077030000760300007503000074030000d8
:104ef80073030000720300007203000071030000d6
:104f0800700300006f0300006e0300006d030000d3
:104f18006d0300006c0300006b0300006a030000cf
:104f280069030000680300006803000067030000cd
:104f380066030000650300006403000063030000cb
:104f480062030000620300006103000060030000c8
:104f58005f0300005e0300005d0300005c030000c7
:104f68005b0300005a0300005a03000059030000c5
:104f780058030000570300005603000055030000c3
:104f880054030000530300005203000051030000c3
:104f980050030000500300004f0300004e030000c0
:104fa8004d0300004c0300004b0300004a030000bf
:104fb80049030000480300004703000046030000bf
:104fc80045030000440300004303000042030000bf
:104fd80041030000400300003f0300003e030000bf
:104fe8003e0300003d0300003c0300003b030000bb
:104ff8003a030000390300003803000037030000bb
:1050080036030000350300003403000033030000ba
:105018003203000031030000300300002f030000ba
:105028002e0300002d0300002c0300002b030000ba
:105038002a030000290300002703000026030000bc
:1050480025030000240300002303000022030000be
:1050580021030000200300001f0300001e030000be
:105068001d0300001c0300001b0300001a030000be
:1050780019030000180300001703000016030000be
:1050880015030000140300001203000011030000c0
:10509800100300000f0300000e0300000d030000c2
:1050a8000c0300000b0300000a03000009030000c2
:1050b80008030000060300000503000004030000c5
:1050c80003030000020300000103000000030000c6
:1050d800ff020000fe020000fc020000fb020000cc
:1050e800fa020000f9020000f8020000f7020000ce
:1050f800f6020000f4020000f3020000f2020000d1
:10510800f1020000f0020000ef020000ee020000d1
:10511800ec020000eb020000ea020000e9020000d5
:10512800e8020000e7020000e5020000e4020000d7
:10513800e3020000e2020000e1020000e0020000d9
:10514800de020000dd020000dc020000db020000dd
:10515800da020000d8020000d7020000d6020000e0
:10516800d5020000d4020000d2020000d1020000e3
:10517800d0020000cf020000ce020000cc020000e6
:10518800cb020000ca020000c9020000c8020000e9
:10519800c6020000c5020000c4020000c3020000ed
:1051a800c1020000c0020000bf020000be020000f1
:1051b800bc020000bb020000ba020000b9020000f5
:1051c800b7020000b6020000b5020000b4020000f9
:1051d800b2020000b1020000b0020000af020000fd
:1051e800ad020000ac020000ab020000a902000002
:1051f800a8020000a7020000a6020000a402000006
:10520800a3020000a2020000a10200009f02000009
:105218009e0200009d0200009b0200009a0200000e
:105228009902000097020000960200009502000013
:105238009402000092020000910200009002000017
:105248008e0200008d0200008c0200008a0200001d
:105258008902000088020000860200008502000022
:105268008402000082020000810200008002000027
:105278007e0200007d0200007c0200007a0200002d
:105288007902000078020000760200007502000032
:105298007302000072020000710200006f02000039
:1052a8006e0200006d0200006b0200006a0200003e
:1052b8006902000067020000660200006402000044
:1052c8006302000062020000600200005f0200004a
:1052d8005d0200005c0200005b0200005902000051
:1052e8005802000057020000550200005402000056
:1052f8005202000051020000500200004e0200005d
:105308004d0200004b0200004a0200004802000063
:105318004702000046020000440200004302000069
:1053280041020000400200003f0200003d02000070
:105338003c0200003a020000390200003702000077
:10534800360200003402000033020000320200007e
:10535800300200002f0200002d0200002c02000085
:105368002a0200002902000027020000260200008d
:105378002502000023020000220200002002000093
:105388001f0200001d0200001c0200001a0200009b
:1053980019020000170200001602000014020000a3
:1053a8001302000011020000100200000e020000ab
:1053b8000d0200000b0200000a02000009020000b2
:1053c80007020000060200000402000003020000b9
:1053d8000102000000020000fe010000fd010000c3
:1053e800fb010000fa010000f8010000f7010000cd
:1053f800f5010000f3010000f2010000f0010000d7
:10540800ef010000ed010000ec010000ea010000de
:10541800e9010000e7010000e6010000e4010000e6
:10542800e3010000e1010000e0010000de010000ee
:10543800dd010000db010000da010000d8010000f6
:10544800d7010000d5010000d3010000d2010000ff
:10545800d0010000cf010000cd010000cc01000008
:10546800ca010000c9010000c7010000c501000011
:10547800c4010000c2010000c1010000bf0100001a
:10548800be010000bc010000bb010000b901000022
:10549800b7010000b6010000b4010000b30100002c
:1054a800b1010000b0010000ae010000ac01000035
:1054b800ab010000a9010000a8010000a60100003e
:1054c800a5010000a3010000a1010000a001000047
:1054d8009e0100009d0100009b0100009901000051
:1054e800980100009601000095010000930100005a
:1054f80091010000900100008e0100008d01000064
:105508008b0100008901000088010000860100006d
:105518008501000083010000810100008001000076
:105528007e0100007d0100007b0100007901000080
:10553800780100007601000074010000730100008a
:1055480071010000700100006e0100006c01000094
:105558006b0100006901000067010000660100009e
:105568006401000063010000610100005f010000a8
:105578005e0100005c0100005a01000059010000b2
:1055880057010000560100005401000052010000bc
:10559800510100004f0100004d0100004c010000c6
:1055a8004a010000480100004701000045010000d1
:1055b8004301000042010000400100003e010000dc
:1055c8003d0100003b0100003901000038010000e6
:1055d80036010000350100003301000031010000f0
:1055e800300100002e0100002c0100002b010000fa
:1055f8002901000027010000260100002401000005
:1056080022010000210100001f0100001d0100000f
:105618001c0100001a01000018010000160100001a
:105628001501000013010000110100001001000025
:105638000e0100000c0100000b0100000901000030
:10564800070100000601000004010000020100003b
:1056580001010000ff000000fd000000fc00000048
:10566800fa000000f8000000f6000000f500000055
:10567800f3000000f1000000f0000000ee00000060
:10568800ec000000eb000000e9000000e70000006b
:10569800e6000000e4000000e2000000e000000076
:1056a800df000000dd000000db000000da00000081
:1056b800d8000000d6000000d5000000d30000008c
:1056c800d1000000cf000000ce000000cc00000098
:1056d800ca000000c9000000c7000000c5000000a3
:1056e800c3000000c2000000c0000000be000000af
:1056f800bd000000bb000000b9000000b7000000ba
:10570800b6000000b4000000b2000000b1000000c4
:10571800af000000ad000000ab000000aa000000d0
:10572800a8000000a6000000a5000000a3000000db
:10573800a10000009f0000009e0000009c000000e7
:105748009a000000980000009700000095000000f3
:105758009300000092000000900000008e000000fe
:105768008c0000008b00000089000000870000000a
:105778008500000084000000820000008000000016
:105788007f0000007d0000007b0000007900000021
:10579800780000007600000074000000720000002d
:1057a800710000006f0000006d0000006b00000039
:1057b8006a00000068000000660000006500000044
:1057c80063000000610000005f0000005e00000050
:1057d8005c0000005a00000058000000570000005c
:1057e8005500000053000000510000005000000068
:1057f8004e0000004c0000004a0000004900000074
:10580800470000004500000044000000420000007e
:10581800400000003e0000003d0000003b0000008a
:105828003900000037000000360000003400000096
:1058380032000000300000002f0000002d000000a2
:105848002b000000290000002800000026000000ae
:105858002400000022000000210000001f000000ba
:105868001d0000001b0000001a00000018000000c6
:1058780016000000140000001300000011000000d2
:105888000f0000000d0000000c0000000a000000de
:1058980008000000060000000500000003000000ea
:1058a8000100000000000000fffffffffdfffffff9
:1058b800fbfffffffafffffff8fffffff6ffffff09
:1058c800f4fffffff3fffffff1ffffffefffffff15
:1058d800edffffffecffffffeaffffffe8ffffff21
:1058e800e6ffffffe5ffffffe3ffffffe1ffffff2d
:1058f800dfffffffdeffffffdcffffffdaffffff39
:10590800d8ffffffd7ffffffd5ffffffd3ffffff44
:10591800d1ffffffd0ffffffceffffffccffffff50
:10592800caffffffc9ffffffc7ffffffc5ffffff5c
:10593800c3ffffffc2ffffffc0ffffffbeffffff68
:10594800bcffffffbbffffffb9ffffffb7ffffff74
:10595800b6ffffffb4ffffffb2ffffffb0ffffff7f
:10596800afffffffadffffffabffffffa9ffffff8b
:10597800a8ffffffa6ffffffa4ffffffa2ffffff97
:10598800a1ffffff9fffffff9dffffff9bffffffa3
:105998009affffff98ffffff96ffffff95ffffffae
:1059a80093ffffff91ffffff8fffffff8effffffba
:1059b8008cffffff8affffff88ffffff87ffffffc6
:1059c80085ffffff83ffffff81ffffff80ffffffd2
:1059d8007effffff7cffffff7bffffff79ffffffdd
:1059e80077ffffff75ffffff74ffffff72ffffffe9
:1059f80070ffffff6effffff6dffffff6bfffffff5
:105a080069ffffff68ffffff66ffffff64ffffffff
:105a180062ffffff61ffffff5fffffff5dffffff0b
:105a28005bffffff5affffff58ffffff56ffffff17
:105a380055ffffff53ffffff51ffffff4fffffff22
:105a48004effffff4cffffff4affffff49ffffff2d
:105a580047ffffff45ffffff43ffffff42ffffff39
:105a680040ffffff3effffff3dffffff3bffffff44
:105a780039ffffff37ffffff36ffffff34ffffff50
:105a880032ffffff31ffffff2fffffff2dffffff5b
:105a98002bffffff2affffff28ffffff26ffffff67
:105aa80025ffffff23ffffff21ffffff20ffffff71
:105ab8001effffff1cffffff1affffff19ffffff7d
:105ac80017ffffff15ffffff14ffffff12ffffff88
:105ad80010ffffff0fffffff0dffffff0bffffff93
:105ae8000affffff08ffffff06ffffff04ffffff9e
:105af80003ffffff01fffffffffefffffefeffffab
:105b0800fcfefffffafefffff9fefffff7feffffb7
:105b1800f5fefffff4fefffff2fefffff0feffffc2
:105b2800effeffffedfeffffebfeffffeafeffffcc
:105b3800e8feffffe6feffffe4feffffe3feffffd8
:105b4800e1feffffdffeffffdefeffffdcfeffffe3
:105b5800dafeffffd9feffffd7feffffd5feffffee
:105b6800d4feffffd2feffffd0feffffcffefffff8
:105b7800cdfeffffcbfeffffcafeffffc8feffff03
:105b8800c7feffffc5feffffc3feffffc2feffff0c
:105b9800c0feffffbefeffffbdfeffffbbfeffff17
:105ba800b9feffffb8feffffb6feffffb4feffff22
:105bb800b3feffffb1feffffaffeffffaefeffff2c
:105bc800acfeffffaafeffffa9feffffa7feffff37
:105bd800a6feffffa4feffffa2feffffa1feffff40
:105be8009ffeffff9dfeffff9cfeffff9afeffff4b
:105bf80099feffff97feffff95feffff94feffff54
:105c080092feffff90feffff8ffeffff8dfeffff5e
:105c18008cfeffff8afeffff88feffff87feffff67
:105c280085feffff83feffff82feffff80feffff72
:105c38007ffeffff7dfeffff7bfeffff7afeffff7b
:105c480078feffff77feffff75feffff73feffff85
:105c580072feffff70feffff6ffeffff6dfeffff8e
:105c68006bfeffff6afeffff68feffff67feffff98
:105c780065feffff63feffff62feffff60feffffa2
:105c88005ffeffff5dfeffff5bfeffff5afeffffab
:105c980058feffff57feffff55feffff54feffffb4
:105ca80052feffff50feffff4ffeffff4dfeffffbe
:105cb8004cfeffff4afeffff49feffff47feffffc6
:105cc80045feffff44feffff42feffff41feffffd0
:105cd8003ffeffff3efeffff3cfeffff3bfeffffd8
:105ce80039feffff37feffff36feffff34feffffe2
:105cf80033feffff31feffff30feffff2efeffffea
:105d08002dfeffff2bfeffff29feffff28fefffff2
:105d180026feffff25feffff23feffff22fefffffb
:105d280020feffff1ffeffff1dfeffff1cfeffff03
:105d38001afeffff19feffff17feffff16feffff0b
:105d480014feffff13feffff11feffff10feffff13
:105d58000efeffff0cfeffff0bfeffff09feffff1d
:105d680008feffff06feffff05feffff03feffff25
:105d780002feffff00fefffffffdfffffdfdffff2f
:105d8800fcfdfffffafdfffff9fdfffff7fdffff39
:105d9800f6fdfffff5fdfffff3fdfffff2fdffff3f
:105da800f0fdffffeffdffffedfdffffecfdffff47
:105db800eafdffffe9fdffffe7fdffffe6fdffff4f
:105dc800e4fdffffe3fdffffe1fdffffe0fdffff57
:105dd800defdffffddfdffffdbfdffffdafdffff5f
:105de800d9fdffffd7fdffffd6fdffffd4fdffff65
:105df800d3fdffffd1fdffffd0fdffffcefdffff6d
:105e0800cdfdffffccfdffffcafdffffc9fdffff72
:105e1800c7fdffffc6fdffffc4fdffffc3fdffff7a
:105e2800c1fdffffc0fdffffbffdffffbdfdffff81
:105e3800bcfdffffbafdffffb9fdffffb8fdffff87
:105e4800b6fdffffb5fdffffb3fdffffb2fdffff8e
:105e5800b0fdffffaffdffffaefdffffacfdffff95
:105e6800abfdffffa9fdffffa8fdffffa7fdffff9b
:105e7800a5fdffffa4fdffffa3fdffffa1fdffffa1
:105e8800a0fdffff9efdffff9dfdffff9cfdffffa7
:105e98009afdffff99fdffff97fdffff96fdffffae
:105ea80095fdffff93fdffff92fdffff91fdffffb3
:105eb8008ffdffff8efdffff8dfdffff8bfdffffb9
:105ec8008afdffff88fdffff87fdffff86fdffffbf
:105ed80084fdffff83fdffff82fdffff80fdffffc5
:105ee8007ffdffff7efdffff7cfdffff7bfdffffca
:105ef8007afdffff78fdffff77fdffff76fdffffcf
:105f080074fdffff73fdffff72fdffff70fdffffd4
:105f18006ffdffff6efdffff6cfdffff6bfdffffd9
:105f28006afdffff69fdffff67fdffff66fdffffdd
:105f380065fdffff63fdffff62fdffff61fdffffe2
:105f48005ffdffff5efdffff5dfdffff5cfdffffe7
:105f58005afdffff59fdffff58fdffff57fdffffeb
:105f680055fdffff54fdffff53fdffff51fdfffff0
:105f780050fdffff4ffdffff4efdffff4cfdfffff4
:105f88004bfdffff4afdffff49fdffff47fdfffff8
:105f980046fdffff45fdffff44fdffff42fdfffffc
:105fa80041fdffff40fdffff3ffdffff3dfdffff00
:105fb8003cfdffff3bfdffff3afdffff38fdffff04
:105fc80037fdffff36fdffff35fdffff34fdffff07
:105fd80032fdffff31fdffff30fdffff2ffdffff0b
:105fe8002efdffff2cfdffff2bfdffff2afdffff0e
:105ff80029fdffff28fdffff26fdffff25fdffff11
:1060080024fdffff23fdffff22fdffff20fdffff13
:106018001ffdffff1efdffff1dfdffff1cfdffff16
:106028001bfdffff19fdffff18fdffff17fdffff19
:1060380016fdffff15fdffff14fdffff12fdffff1b
:1060480011fdffff10fdffff0ffdffff0efdffff1e
:106058000dfdffff0cfdffff0afdffff09fdffff20
:1060680008fdffff07fdffff06fdffff05fdffff22
:1060780004fdffff02fdffff01fdffff00fdffff25
:10608800fffcfffffefcfffffdfcfffffcfcffff2a
:10609800fbfcfffffafcfffff8fcfffff7fcffff2c
:1060a800f6fcfffff5fcfffff4fcfffff3fcffff2e
:1060b800f2fcfffff1fcfffff0fcffffeffcffff2e
:1060c800eefcffffecfcffffebfcffffeafcffff31
:1060d800e9fcffffe8fcffffe7fcffffe6fcffff32
:1060e800e5fcffffe4fcffffe3fcffffe2fcffff32
:1060f800e1fcffffe0fcffffdffcffffdefcffff32
:10610800ddfcffffdcfcffffdbfcffffdafcffff31
:10611800d9fcffffd7fcffffd6fcffffd5fcffff34
:10612800d4fcffffd3fcffffd2fcffffd1fcffff35
:10613800d0fcffffcffcffffcefcffffcdfcffff35
:10614800ccfcffffcbfcffffcafcffffc9fcffff35
:10615800c8fcffffc7fcffffc6fcffffc5fcffff35
:10616800c4fcffffc3fcffffc2fcffffc2fcffff34
:10617800c1fcffffc0fcffffbffcffffbefcffff31
:10618800bdfcffffbcfcffffbbfcffffbafcffff31
:10619800b9fcffffb8fcffffb7fcffffb6fcffff31
:1061a800b5fcffffb4fcffffb3fcffffb2fcffff31
:1061b800b1fcffffb0fcffffb0fcffffaffcffff2f
:1061c800aefcffffadfcffffacfcffffabfcffff2d
:1061d800aafcffffa9fcffffa8fcffffa7fcffff2d
:1061e800a6fcffffa6fcffffa5fcffffa4fcffff2a
:1061f800a3fcffffa2fcffffa1fcffffa0fcffff29
:106208009ffcffff9efcffff9efcffff9dfcffff26
:106218009cfcffff9bfcffff9afcffff99fcffff24
:1062280098fcffff98fcffff97fcffff96fcffff21
:1062380095fcffff94fcffff93fcffff93fcffff1f
:1062480092fcffff91fcffff90fcffff8ffcffff1c
:106258008efcffff8efcffff8dfcffff8cfcffff19
:106268008bfcffff8afcffff89fcffff89fcffff17
:1062780088fcffff87fcffff86fcffff85fcffff14
:1062880085fcffff84fcffff83fcffff82fcffff10
:1062980082fcffff81fcffff80fcffff7ffcffff0c
:1062a8007efcffff7efcffff7dfcffff7cfcffff09
:1062b8007bfcffff7bfcffff7afcffff79fcffff05
:1062c80078fcffff78fcffff77fcffff76fcffff01
:1062d80075fcffff75fcffff74fcffff73fcfffffd
:1062e80073fcffff72fcffff71fcffff70fcfffff8
:1062f80070fcffff6ffcffff6efcffff6efcfffff3
:106308006dfcffff6cfcffff6bfcffff6bfcffffee
:106318006afcffff69fcffff69fcffff68fcffffe9
:1063280067fcffff67fcffff66fcffff65fcffffe4
:1063380065fcffff64fcffff63fcffff63fcffffde
:1063480062fcffff61fcffff61fcffff60fcffffd9
:106358005ffcffff5ffcffff5efcffff5dfcffffd4
:106368005dfcffff5cfcffff5cfcffff5bfcffffcd
:106378005afcffff5afcffff59fcffff58fcffffc8
:1063880058fcffff57fcffff57fcffff56fcffffc1
:1063980055fcffff55fcffff54fcffff54fcffffbb
:1063a80053fcffff52fcffff52fcffff51fcffffb5
:1063b80051fcffff50fcffff50fcffff4ffcffffad
:1063c8004efcffff4efcffff4dfcffff4dfcffffa7
:1063d8004cfcffff4cfcffff4bfcffff4bfcffff9f
:1063e8004afcffff49fcffff49fcffff48fcffff99
:1063f80048fcffff47fcffff47fcffff46fcffff91
:1064080046fcffff45fcffff45fcffff44fcffff88
:1064180044fcffff43fcffff43fcffff42fcffff80
:1064280042fcffff41fcffff41fcffff40fcffff78
:1064380040fcffff3ffcffff3ffcffff3efcffff70
:106448003efcffff3dfcffff3dfcffff3cfcffff68
:106458003cfcffff3bfcffff3bfcffff3bfcffff5f
:106468003afcffff3afcffff39fcffff39fcffff56
:1064780038fcffff38fcffff37fcffff37fcffff4e
:1064880037fcffff36fcffff36fcffff35fcffff44
:1064980035fcffff35fcffff34fcffff34fcffff3a
:1064a80033fcffff33fcffff33fcffff32fcffff31
:1064b80032fcffff31fcffff31fcffff31fcffff27
:1064c80030fcffff30fcffff2ffcffff2ffcffff1e
:1064d8002ffcffff2efcffff2efcffff2efcffff13
:1064e8002dfcffff2dfcffff2dfcffff2cfcffff09
:1064f8002cfcffff2cfcffff2bfcffff2bfcfffffe
:106508002bfcffff2afcffff2afcffff2afcfffff2
:1065180029fcffff29fcffff29fcffff28fcffffe8
:1065280028fcffff28fcffff27fcffff27fcffffdd
:1065380027fcffff27fcffff26fcffff26fcffffd1
:1065480026fcffff25fcffff25fcffff25fcffffc6
:1065580025fcffff24fcffff24fcffff24fcffffba
:1065680023fcffff23fcffff23fcffff23fcffffaf
:1065780022fcffff22fcffff22fcffff22fcffffa3
:1065880022fcffff21fcffff21fcffff21fcffff96
:1065980021fcffff20fcffff20fcffff20fcffff8a
:1065a80020fcffff20fcffff1ffcffff1ffcffff7d
:1065b8001ffcffff1ffcffff1ffcffff1efcffff70
:1065c8001efcffff1efcffff1efcffff1efcffff63
:1065d8001dfcffff1dfcffff1dfcffff1dfcffff57
:1065e8001dfcffff1dfcffff1cfcffff1cfcffff49
:1065f8001cfcffff1cfcffff1cfcffff1cfcffff3b
:106608001cfcffff1bfcffff1bfcffff1bfcffff2d
:106618001bfcffff1bfcffff1bfcffff1bfcffff1e
:106628001bfcffff1afcffff1afcffff1afcffff11
:106638001afcffff1afcffff1afcffff1afcffff02
:106648001afcffff1afcffff1afcffff1afcfffff2
:1066580019fcffff19fcffff19fcffff19fcffffe6
:1066680019fcffff19fcffff19fcffff19fcffffd6
:1066780019fcffff19fcffff19fcffff19fcffffc6
:1066880019fcffff19fcffff19fcffff19fcffffb6
:1066980019fcffff19fcffff19fcffff19fcffffa6
:1066a80019fcffff19fcffff19fcffff19fcffff96
:1066b80019fcffff18fcffff19fcffff19fcffff87
:1066c80019fcffff19fcffff19fcffff19fcffff76
:1066d80019fcffff19fcffff19fcffff19fcffff66
:1066e80019fcffff19fcffff19fcffff19fcffff56
:1066f80019fcffff19fcffff19fcffff19fcffff46
:1067080019fcffff19fcffff19fcffff19fcffff35
:1067180019fcffff19fcffff19fcffff1afcffff24
:106728001afcffff1afcffff1afcffff1afcffff11
:106738001afcffff1afcffff1afcffff1afcffff01
:106748001afcffff1afcffff1bfcffff1bfcffffef
:106758001bfcffff1bfcffff1bfcffff1bfcffffdd
:106768001bfcffff1bfcffff1cfcffff1cfcffffcb
:106778001cfcffff1cfcffff1cfcffff1cfcffffb9
:106788001cfcffff1dfcffff1dfcffff1dfcffffa6
:106798001dfcffff1dfcffff1dfcffff1efcffff94
:1067a8001efcffff1efcffff1efcffff1efcffff81
:1067b8001ffcffff1ffcffff1ffcffff1ffcffff6d
:1067c8001ffcffff20fcffff20fcffff20fcffff5a
:1067d80020fcffff20fcffff21fcffff21fcffff47
:1067e80021fcffff21fcffff22fcffff22fcffff33
:1067f80022fcffff22fcffff22fcffff23fcffff20
:1068080023fcffff23fcffff23fcffff24fcffff0b
:1068180024fcffff24fcffff25fcffff25fcfffff6
:1068280025fcffff25fcffff26fcffff26fcffffe2
:1068380026fcffff27fcffff27fcffff27fcffffcd
:1068480027fcffff28fcffff28fcffff28fcffffb9
:1068580029fcffff29fcffff29fcffff2afcffffa3
:106868002afcffff2afcffff2bfcffff2bfcffff8e
:106878002bfcffff2cfcffff2cfcffff2cfcffff79
:106888002dfcffff2dfcffff2dfcffff2efcffff63
:106898002efcffff2efcffff2ffcffff2ffcffff4e
:1068a8002ffcffff30fcffff30fcffff31fcffff38
:1068b80031fcffff31fcffff32fcffff32fcffff22
:1068c80033fcffff33fcffff33fcffff34fcffff0b
:1068d80034fcffff35fcffff35fcffff35fcfffff5
:1068e80036fcffff36fcffff37fcffff37fcffffde
:1068f80037fcffff38fcffff38fcffff39fcffffc8
:1069080039fcffff3afcffff3afcffff3bfcffffaf
:106918003bfcffff3bfcffff3cfcffff3cfcffff99
:106928003dfcffff3dfcffff3efcffff3efcffff81
:106938003ffcffff3ffcffff40fcffff40fcffff69
:1069480041fcffff41fcffff42fcffff42fcffff51
:1069580043fcffff43fcffff44fcffff44fcffff39
:1069680045fcffff45fcffff46fcffff46fcffff21
:1069780047fcffff47fcffff48fcffff48fcffff09
:1069880049fcffff49fcffff4afcffff4bfcfffff0
:106998004bfcffff4cfcffff4cfcffff4dfcffffd7
:1069a8004dfcffff4efcffff4efcffff4ffcffffbf
:1069b80050fcffff50fcffff51fcffff51fcffffa5
:1069c80052fcffff52fcffff53fcffff54fcffff8c
:1069d80054fcffff55fcffff55fcffff56fcffff73
:1069e80057fcffff57fcffff58fcffff58fcffff59
:1069f80059fcffff5afcffff5afcffff5bfcffff3f
:106a08005cfcffff5cfcffff5dfcffff5dfcffff24
:106a18005efcffff5ffcffff5ffcffff60fcffff0a
:106a280061fcffff61fcffff62fcffff63fcffffef
:106a380063fcffff64fcffff65fcffff65fcffffd5
:106a480066fcffff67fcffff67fcffff68fcffffba
:106a580069fcffff69fcffff6afcffff6bfcffff9f
:106a68006bfcffff6cfcffff6dfcffff6efcffff84
:106a78006efcffff6ffcffff70fcffff70fcffff69
:106a880071fcffff72fcffff73fcffff73fcffff4d
:106a980074fcffff75fcffff75fcffff76fcffff32
:106aa80077fcffff78fcffff78fcffff79fcffff16
:106ab8007afcffff7bfcffff7bfcffff7cfcfffffa
:106ac8007dfcffff7efcffff7efcffff7ffcffffde
:106ad80080fcffff81fcffff82fcffff82fcffffc1
:106ae80083fcffff84fcffff85fcffff85fcffffa5
:106af80086fcffff87fcffff88fcffff89fcffff88
:106b080089fcffff8afcffff8bfcffff8cfcffff6b
:106b18008dfcffff8efcffff8efcffff8ffcffff4d
:106b280090fcffff91fcffff92fcffff93fcffff2f
:106b380093fcffff94fcffff95fcffff96fcffff13
:106b480097fcffff98fcffff98fcffff99fcfffff5
:106b58009afcffff9bfcffff9cfcffff9dfcffffd7
:106b68009efcffff9efcffff9ffcffffa0fcffffba
:106b7800a1fcffffa2fcffffa3fcffffa4fcffff9b
:106b8800a5fcffffa6fcffffa6fcffffa7fcffff7d
:106b9800a8fcffffa9fcffffaafcffffabfcffff5f
:106ba800acfcffffadfcffffaefcffffaffcffff3f
:106bb800b0fcffffb0fcffffb1fcffffb2fcffff22
:106bc800b3fcffffb4fcffffb5fcffffb6fcffff03
:106bd800b7fcffffb8fcffffb9fcffffbafcffffe3
:106be800bbfcffffbcfcffffbdfcffffbefcffffc3
:106bf800bffcffffc0fcffffc1fcffffc2fcffffa3
:106c0800c2fcffffc3fcffffc4fcffffc5fcffff86
:106c1800c6fcffffc7fcffffc8fcffffc9fcffff66
:106c2800cafcffffcbfcffffccfcffffcdfcffff46
:106c3800cefcffffcffcffffd0fcffffd1fcffff26
:106c4800d2fcffffd3fcffffd4fcffffd5fcffff06
:106c5800d6fcffffd7fcffffd9fcffffdafcffffe4
:106c6800dbfcffffdcfcffffddfcffffdefcffffc2
:106c7800dffcffffe0fcffffe1fcffffe2fcffffa2
:106c8800e3fcffffe4fcffffe5fcffffe6fcffff82
:106c9800e7fcffffe8fcffffe9fcffffeafcffff62
:106ca800ebfcffffecfcffffeefcffffeffcffff40
:106cb800f0fcfffff1fcfffff2fcfffff3fcffff1e
:106cc800f4fcfffff5fcfffff6fcfffff7fcfffffe
:106cd800f8fcfffffafcfffffbfcfffffcfcffffdb
:106ce800fdfcfffffefcfffffffcffff00fdffffb9
:106cf80001fdffff02fdffff04fdffff05fdffff94
:106d080006fdffff07fdffff08fdffff09fdffff71
:106d18000afdffff0cfdffff0dfdffff0efdffff4e
:106d28000ffdffff10fdffff11fdffff12fdffff2d
:106d380014fdffff15fdffff16fdffff17fdffff09
:106d480018fdffff19fdffff1bfdffff1cfdffffe7
:106d58001dfdffff1efdffff1ffdffff20fdffffc5
:106d680022fdffff23fdffff24fdffff25fdffffa1
:106d780026fdffff28fdffff29fdffff2afdffff7e
:106d88002bfdffff2cfdffff2efdffff2ffdffff5b
:106d980030fdffff31fdffff32fdffff34fdffff38
:106da80035fdffff36fdffff37fdffff38fdffff15
:106db8003afdffff3bfdffff3cfdffff3dfdfffff1
:106dc8003ffdffff40fdffff41fdffff42fdffffcd
:106dd80044fdffff45fdffff46fdffff47fdffffa9
:106de80049fdffff4afdffff4bfdffff4cfdffff85
:106df8004efdffff4ffdffff50fdffff51fdffff61
:106e080053fdffff54fdffff55fdffff57fdffff3b
:106e180058fdffff59fdffff5afdffff5cfdffff17
:106e28005dfdffff5efdffff5ffdffff61fdfffff3
:106e380062fdffff63fdffff65fdffff66fdffffce
:106e480067fdffff69fdffff6afdffff6bfdffffa9
:106e58006cfdffff6efdffff6ffdffff70fdffff85
:106e680072fdffff73fdffff74fdffff76fdffff5f
:106e780077fdffff78fdffff7afdffff7bfdffff3a
:106e88007cfdffff7efdffff7ffdffff80fdffff15
:106e980082fdffff83fdffff84fdffff86fdffffef
:106ea80087fdffff88fdffff8afdffff8bfdffffca
:106eb8008dfdffff8efdffff8ffdffff91fdffffa3
:106ec80092fdffff93fdffff95fdffff96fdffff7e
:106ed80097fdffff99fdffff9afdffff9cfdffff58
:106ee8009dfdffff9efdffffa0fdffffa1fdffff32
:106ef800a3fdffffa4fdffffa5fdffffa7fdffff0b
:106f0800a8fdffffa9fdffffabfdffffacfdffffe5
:106f1800aefdffffaffdffffb0fdffffb2fdffffbe
:106f2800b3fdffffb5fdffffb6fdffffb8fdffff97
:106f3800b9fdffffbafdffffbcfdffffbdfdffff71
:106f4800bffdffffc0fdffffc1fdffffc3fdffff4a
:106f5800c4fdffffc6fdffffc7fdffffc9fdffff23
:106f6800cafdffffccfdffffcdfdffffcefdfffffc
:106f7800d0fdffffd1fdffffd3fdffffd4fdffffd5
:106f8800d6fdffffd7fdffffd9fdffffdafdffffad
:106f9800dbfdffffddfdffffdefdffffe0fdffff87
:106fa800e1fdffffe3fdffffe4fdffffe6fdffff5f
:106fb800e7fdffffe9fdffffeafdffffecfdffff37
:106fc800edfdffffeffdfffff0fdfffff2fdffff0f
:106fd800f3fdfffff5fdfffff6fdfffff7fdffffe8
:106fe800f9fdfffffafdfffffcfdfffffdfdffffc1
:106ff800fffdffff00feffff02feffff03feffff96
:1070080005feffff06feffff08feffff09feffff6c
:107018000bfeffff0dfeffff0efeffff10feffff42
:1070280011feffff13feffff14feffff16feffff1a
:1070380017feffff19feffff1afeffff1cfefffff2
:107048001dfeffff1ffeffff20feffff22feffffca
:1070580023feffff25feffff26feffff28feffffa2
:1070680029feffff2bfeffff2dfeffff2efeffff79
:1070780030feffff31feffff33feffff34feffff50
:1070880036feffff37feffff39feffff3bfeffff27
:107098003cfeffff3efeffff3ffeffff41fefffffe
:1070a80042feffff44feffff45feffff47feffffd6
:1070b80049feffff4afeffff4cfeffff4dfeffffac
:1070c8004ffeffff50feffff52feffff54feffff83
:1070d80055feffff57feffff58feffff5afeffff5a
:1070e8005bfeffff5dfeffff5ffeffff60feffff31
:1070f80062feffff63feffff65feffff67feffff07
:1071080068feffff6afeffff6bfeffff6dfeffffdd
:107118006ffeffff70feffff72feffff73feffffb3
:1071280075feffff77feffff78feffff7afeffff89
:107138007bfeffff7dfeffff7ffeffff80feffff60
:1071480082feffff83feffff85feffff87feffff36
:1071580088feffff8afeffff8cfeffff8dfeffff0c
:107168008ffeffff90feffff92feffff94feffffe2
:1071780095feffff97feffff99feffff9afeffffb8
:107188009cfeffff9dfeffff9ffeffffa1feffff8e
:10719800a2feffffa4feffffa6feffffa7feffff64
:1071a800a9feffffaafeffffacfeffffaefeffff3a
:1071b800affeffffb1feffffb3feffffb4feffff10
:1071c800b6feffffb8feffffb9feffffbbfeffffe5
:1071d800bdfeffffbefeffffc0feffffc2feffffba
:1071e800c3feffffc5feffffc7feffffc8feffff90
:1071f800cafeffffcbfeffffcdfeffffcffeffff66
:10720800d0feffffd2feffffd4feffffd5feffff3b
:10721800d7feffffd9feffffdafeffffdcfeffff10
:10722800defeffffdffeffffe1feffffe3feffffe5
:10723800e4feffffe6feffffe8feffffeafeffffba
:10724800ebfeffffedfeffffeffefffff0feffff8f
:10725800f2fefffff4fefffff5fefffff7feffff64
:10726800f9fefffffafefffffcfefffffefeffff39
:10727800fffeffff01ffffff03ffffff04ffffff0c
:1072880006ffffff08ffffff0affffff0bffffffdf
:107298000dffffff0fffffff10ffffff12ffffffb4
:1072a80014ffffff15ffffff17ffffff19ffffff89
:1072b8001affffff1cffffff1effffff20ffffff5e
:1072c80021ffffff23ffffff25ffffff26ffffff33
:1072d80028ffffff2affffff2bffffff2dffffff08
:1072e8002fffffff31ffffff32ffffff34ffffffdc
:1072f80036ffffff37ffffff39ffffff3bffffffb1
:107308003dffffff3effffff40ffffff42ffffff84
:1073180043ffffff45ffffff47ffffff49ffffff59
:107328004affffff4cffffff4effffff4fffffff2e
:1073380051ffffff53ffffff55ffffff56ffffff02
:1073480058ffffff5affffff5bffffff5dffffffd7
:107358005fffffff61ffffff62ffffff64ffffffab
:1073680066ffffff68ffffff69ffffff6bffffff7f
:107378006dffffff6effffff70ffffff72ffffff54
:1073880074ffffff75ffffff77ffffff79ffffff28
:107398007bffffff7cffffff7effffff80fffffffc
:1073a80081ffffff83ffffff85ffffff87ffffffd1
:1073b80088ffffff8affffff8cffffff8effffffa5
:1073c8008fffffff91ffffff93ffffff95ffffff79
:1073d80096ffffff98ffffff9affffff9bffffff4e
:1073e8009dffffff9fffffffa1ffffffa2ffffff22
:1073f800a4ffffffa6ffffffa8ffffffa9fffffff6
:10740800abffffffadffffffafffffffb0ffffffc9
:10741800b2ffffffb4ffffffb6ffffffb7ffffff9d
:10742800b9ffffffbbffffffbcffffffbeffffff72
:10743800c0ffffffc2ffffffc3ffffffc5ffffff46
:10744800c7ffffffc9ffffffcaffffffccffffff1a
:10745800ceffffffd0ffffffd1ffffffd3ffffffee
:10746800d5ffffffd7ffffffd8ffffffdaffffffc2
:10747800dcffffffdeffffffdfffffffe1ffffff96
:10748800e3ffffffe5ffffffe6ffffffe8ffffff6a
:10749800eaffffffecffffffedffffffefffffff3e
:1074a800f1fffffff3fffffff4fffffff6ffffff12
:1074b800f8fffffffafffffffbfffffffdffffffe6
:1074c800ffffffff000000000100000003000000b4
:1074d8000500000006000000080000000a00000087
:1074e8000c0000000d0000000f000000110000005b
:1074f800130000001400000016000000180000002f
:107508001a0000001b0000001d0000001f00000002
:1075180021000000220000002400000026000000d6
:1075280028000000290000002b0000002d000000aa
:107538002f0000003000000032000000340000007e
:107548003600000037000000390000003b00000052
:107558003d0000003e000000400000004200000026
:1075680044000000450000004700000049000000fa
:107578004a0000004c0000004e00000050000000cf
:1075880051000000530000005500000057000000a3
:10759800580000005a0000005c0000005e00000077
:1075a8005f0000006100000063000000650000004b
:1075b80066000000680000006a0000006b00000020
:1075c8006d0000006f0000007100000072000000f4
:1075d80074000000760000007800000079000000c8
:1075e8007b0000007d0000007f000000800000009c
:1075f8008200000084000000850000008700000071
:10760800890000008b0000008c0000008e00000044
:107618009000000092000000930000009500000018
:1076280097000000980000009a0000009c000000ed
:107638009e0000009f000000a1000000a3000000c1
:10764800a5000000a6000000a8000000aa00000095
:10765800ab000000ad000000af000000b10000006a
:10766800b2000000b4000000b6000000b70000003f
:10767800b9000000bb000000bd000000be00000013
:10768800c0000000c2000000c3000000c5000000e8
:10769800c7000000c9000000ca000000cc000000bc
:1076a800ce000000cf000000d1000000d300000091
:1076b800d5000000d6000000d8000000da00000065
:1076c800db000000dd000000df000000e00000003b
:1076d800e2000000e4000000e6000000e70000000f
:1076e800e9000000eb000000ec000000ee000000e4
:1076f800f0000000f1000000f3000000f5000000b9
:10770800f6000000f8000000fa000000fc0000008d
:10771800fd000000ff000000010100000201000060
:107728000401000006010000070100000901000033
:107738000b0100000c0100000e0100001001000008
:1077480011010000130100001501000016010000de
:10775800180100001a0100001c0100001d010000b2
:107768001f01000021010000220100002401000087
:107778002601000027010000290100002b0100005c
:107788002c0100002e010000300100003101000032
:107798003301000035010000360100003801000007
:1077a800390100003b0100003d0100003e010000de
:1077b80040010000420100004301000045010000b3
:1077c80047010000480100004a0100004c01000088
:1077d8004d0100004f01000051010000520100005e
:1077e8005401000056010000570100005901000033
:1077f8005a0100005c0100005e0100005f0100000a
:1078080061010000630100006401000066010000de
:1078180067010000690100006b0100006c010000b5
:107828006e0100007001000071010000730100008a
:107838007401000076010000780100007901000061
:107848007b0100007d0100007e0100008001000036
:10785800810100008301000085010000860100000d
:1078680088010000890100008b0100008d010000e3
:107878008e010000900100009101000093010000ba
:107888009501000096010000980100009901000090
:107898009b0100009d0100009e010000a001000066
:1078a800a1010000a3010000a5010000a60100003d
:1078b800a8010000a9010000ab010000ac01000014
:1078c800ae010000b0010000b1010000b3010000ea
:1078d800b4010000b6010000b7010000b9010000c2
:1078e800bb010000bc010000be010000bf01000098
:1078f800c1010000c2010000c4010000c501000070
:10790800c7010000c9010000ca010000cc01000045
:10791800cd010000cf010000d0010000d20100001d
:10792800d3010000d5010000d7010000d8010000f4
:10793800da010000db010000dd010000de010000cb
:10794800e0010000e1010000e3010000e4010000a3
:10795800e6010000e7010000e9010000ea0100007b
:10796800ec010000ed010000ef010000f001000053
:10797800f2010000f4010000f5010000f701000029
:10798800f8010000fa010000fb010000fd01000001
:10799800fe010000000200000102000003020000d6
:1079a80004020000060200000702000009020000ad
:1079b8000a0200000b0200000d0200000e02000087
:1079c800100200001102000013020000140200005f
:1079d8001602000017020000190200001a02000037
:1079e8001c0200001d0200001f020000200200000f
:1079f80022020000230200002502000026020000e7
:107a080027020000290200002a0200002c020000c0
:107a18002d0200002f020000300200003202000098
:107a28003302000034020000360200003702000072
:107a3800390200003a0200003c0200003d0200004a
:107a48003f02000040020000410200004302000023
:107a580044020000460200004702000048020000fd
:107a68004a0200004b0200004d0200004e020000d6
:107a780050020000510200005202000054020000af
:107a88005502000057020000580200005902000089
:107a98005b0200005c0200005d0200005f02000063
:107aa800600200006202000063020000640200003d
:107ab8006602000067020000690200006a02000016
:107ac8006b0200006d0200006e0200006f020000f1
:107ad80071020000720200007302000075020000cb
:107ae8007602000078020000790200007a020000a5
:107af8007c0200007d0200007e020000800200007f
:107b08008102000082020000840200008502000059
:107b18008602000088020000890200008a02000034
:107b28008c0200008d0200008e020000900200000e
:107b380091020000920200009402000095020000e9
:107b48009602000097020000990200009a020000c5
:107b58009b0200009d0200009e0200009f020000a0
:107b6800a1020000a2020000a3020000a40200007b
:107b7800a6020000a7020000a8020000a902000057
:107b8800ab020000ac020000ad020000af02000032
:107b9800b0020000b1020000b2020000b40200000e
:107ba800b5020000b6020000b7020000b9020000ea
:107bb800ba020000bb020000bc020000be020000c6
:107bc800bf020000c0020000c1020000c3020000a2
:107bd800c4020000c5020000c6020000c80200007e
:107be800c9020000ca020000cb020000cc0200005b
:107bf800ce020000cf020000d0020000d102000037
:107c0800d2020000d4020000d5020000d602000013
:107c1800d7020000d8020000da020000db020000f0
:107c2800dc020000dd020000de020000e0020000cd
:107c3800e1020000e2020000e3020000e4020000aa
:107c4800e5020000e7020000e8020000e902000087
:107c5800ea020000eb020000ec020000ee02000065
:107c6800ef020000f0020000f1020000f202000042
:107c7800f3020000f4020000f6020000f702000020
:107c8800f8020000f9020000fa020000fb020000fe
:107c9800fc020000fe020000ff02000000030000da
:107ca80001030000020300000303000004030000b6
:107cb8000503000006030000080300000903000094
:107cc8000a0300000b0300000c0300000d03000072
:107cd8000e0300000f030000100300001103000052
:107ce800120300001403000015030000160300002f
:107cf8001703000018030000190300001a0300000e
:107d08001b0300001c0300001d0300001e030000ed
:107d18001f030000200300002103000022030000cd
:107d280023030000240300002503000026030000ad
:107d380027030000290300002a0300002b0300008a
:107d48002c0300002d0300002e0300002f03000069
:107d58003003000031030000320300003303000049
:107d68003403000035030000360300003703000029
:107d780038030000390300003a0300003b03000009
:107d88003c0300003d0300003e0300003e030000ea
:107d98003f030000400300004103000042030000cd
:107da80043030000440300004503000046030000ad
:107db8004703000048030000490300004a0300008d
:107dc8004b0300004c0300004d0300004e0300006d
:107dd8004f0300005003000050030000510300004f
:107de8005203000053030000540300005503000031
:107df8005603000057030000580300005903000011
:107e08005a0300005a0300005b0300005c030000f3
:107e18005d0300005e0300005f03000060030000d4
:107e280061030000620300006203000063030000b6
:107e38006403000065030000660300006703000098
:107e48006803000068030000690300006a0300007b
:107e58006b0300006c0300006d0300006d0300005d
:107e68006e0300006f030000700300007103000040
:107e78007203000072030000730300007403000023
:107e88007503000076030000770300007703000005
:107e980078030000790300007a0300007b030000e8
:107ea8007b0300007c0300007d0300007e030000cc
:107eb8007e0300007f0300008003000081030000b0
:107ec8008203000082030000830300008403000093
:107ed8008503000085030000860300008703000077
:107ee8008803000088030000890300008a0300005b
:107ef8008b0300008b0300008c0300008d0300003f
:107f08008d0300008e0300008f0300009003000023
:107f18009003000091030000920300009203000008
:107f280093030000940300009503000095030000ec
:107f380096030000970300009703000098030000d1
:107f480099030000990300009a0300009b030000b6
:107f58009b0300009c0300009d0300009d0300009c
:107f68009e0300009f0300009f030000a003000081
:107f7800a1030000a1030000a2030000a303000066
:107f8800a3030000a4030000a4030000a50300004d
:107f9800a6030000a6030000a7030000a803000032
:107fa800a8030000a9030000a9030000aa03000019
:107fb800ab030000ab030000ac030000ac030000ff
:107fc800ad030000ae030000ae030000af030000e5
:107fd800af030000b0030000b0030000b1030000cd
:107fe800b2030000b2030000b3030000b3030000b3
:107ff800b4030000b4030000b5030000b50300009b
:10800800b6030000b7030000b7030000b803000080
:10801800b8030000b9030000b9030000ba03000068
:10802800ba030000bb030000bb030000bc03000050
:10803800bc030000bd030000bd030000be03000038
:10804800be030000bf030000bf030000c003000020
:10805800c0030000c1030000c1030000c203000008
:10806800c2030000c3030000c3030000c4030000f0
:10807800c4030000c5030000c5030000c5030000d9
:10808800c6030000c6030000c7030000c7030000c2
:10809800c8030000c8030000c9030000c9030000aa
:1080a800c9030000ca030000ca030000cb03000094
:1080b800cb030000cb030000cc030000cc0300007e
:1080c800cd030000cd030000cd030000ce03000067
:1080d800ce030000cf030000cf030000cf03000051
:1080e800d0030000d0030000d1030000d10300003a
:1080f800d1030000d2030000d2030000d203000025
:10810800d3030000d3030000d3030000d40300000e
:10811800d4030000d4030000d5030000d5030000f9
:10812800d5030000d6030000d6030000d6030000e4
:10813800d7030000d7030000d7030000d8030000ce
:10814800d8030000d8030000d9030000d9030000b9
:10815800d9030000d9030000da030000da030000a5
:10816800da030000db030000db030000db03000090
:10817800db030000dc030000dc030000dc0300007c
:10818800dd030000dd030000dd030000dd03000067
:10819800de030000de030000de030000de03000053
:1081a800de030000df030000df030000df03000040
:1081b800df030000e0030000e0030000e00300002c
:1081c800e0030000e0030000e1030000e103000019
:1081d800e1030000e1030000e1030000e203000006
:1081e800e2030000e2030000e2030000e2030000f3
:1081f800e3030000e3030000e3030000e3030000df
:10820800e3030000e3030000e4030000e4030000cc
:10821800e4030000e4030000e4030000e4030000ba
:10822800e4030000e5030000e5030000e5030000a7
:10823800e5030000e5030000e5030000e503000096
:10824800e5030000e6030000e6030000e603000083
:10825800e6030000e6030000e6030000e603000072
:10826800e6030000e6030000e6030000e603000062
:10827800e7030000e7030000e7030000e70300004e
:10828800e7030000e7030000e7030000e70300003e
:10829800e7030000e7030000e7030000e70300002e
:1082a800e7030000e7030000e7030000e70300001e
:1082b800e7030000e7030000e7030000e70300000e
:1082c800e7030000e7030000e7030000e7030000fe
:0882d800e7030000e8030000c9
:020000040000fa
:020000041d00dd
:1082e000e0ffbd271c00bfaf1800beaf21f0a00308
:1082f0002000c4af2110a0002400c2a32000c28f20
:1083000000004290211840002000c28f010042244a
:108310000000429000120200251862002000c28f67
:108320000200422400004290001402002510620066
:108330001000c2af2000c28f030042240000429010
:10834000201e027c2000c28f0400422400004290c4
:10835000001202002016027c251062001400c2a741
:108360002000c28f05004224000042902014027cad
:108370008431027c2014027c648082af2000c28f92
:108380000500422400004290400042301600c2a383
:108390002400c2930700422c070040100000000098
:1083a000029d023c1cf0428c688082afc88280af84
:1083b0000c21400b000000002000c28f0600422468
:1083c0000000429002110200ff0042300f004230d4
:1083d000000082442000804600000344029d023ccd
:1083e00020f0428c00088344000082444308004689
:1083f00000080244688082af2000c28f0600422439
:10840000000042900f00423000088244600880461d
:1084100000080344029d023c20f0428c000083448b
:10842000000882440300014600000244c88282af73
:108430001600c393400002241700621400000000dd
:10844000c48282931400401400000000fc82838fd9
:10845000020002240e00621000000000d883828f08
:108460004408027cd88382afd883828f0100032422
:10847000c418627cd88382af773c400f00000000b4
:1084800002000224fc8282af3121400b0000000078
:108490003121400b000000001600c2930900401477
:1084a00000000000c482839340000224050062148f
:1084b000000000000100042401000524b92b400f36
:1084c000000000001600c293c48282a3948280af91
:1084d0001000c38f8000023c241062000500401091
:1084e000000000001000c38f00ff023c2510620056
:1084f0001000c2af1400c287088482affc82838f51
:108500000300022414006214000000001000c28f57
:10851000008482af8c8280af908280af9c81838ff9
:10852000cccc023ccdcc42341900620010100000cb
:1085300042110200c01002008020020021104400fd
:1085400023106200d88282afa46e400f00000000aa
:108550005b21400b00000000fc82838f020002249c
:108560000200621400000000908280af21e8c00386
:108570001c00bf8f1800be8f2000bd270800e0033d
:108580000000000000e85d4100701b4002601a40de
:10859000c0febd273c01bbaf00601b403401baaf39
:1085a0003801bbaf44781b7c00147b3700609b40d4
:1085b0002400a3af2000a2af3401a38f0f006330cb
:1085c00012006014000000006400bfaf6000beaf86
:1085d0005c00b9af5800b8af5400afaf5000aeafb9
:1085e0004c00adaf4800acaf4400abaf4000aaaf09
:1085f0003c00a9af3800a8af3400a7af3000a6af49
:108600002c00a5af2800a4af1c00a1af0000000003
:108610000001b3f7f800b2f7f000b1f7e800b0f7e7
:10862000e000aff7d800aef7d000adf7c800acf768
:10863000c000abf7b800aaf7b000a9f7a800a8f7e8
:10864000a000a7f79800a6f79000a5f78800a4f768
:108650008000a3f77800a2f77000a1f76800a0f7e8
:10866000121000002c01a2af101800002801a3afc7
:10867000121020002401a2af101820002001a3af87
:10868000121040001c01a2af101840001801a3af47
:10869000121060001401a2af101860001001a3af07
:1086a000b81c3f7c1800a3af00f842440c01a2aff5
:1086b00021f0a0034222400b000000001080828fb6
:1086c00021184000ec82828f080062140000000034
:1086d000f0828293f482842721284000b820400f42
:1086e000000000004222400b000000002080828f2a
:1086f00021184000ec82828f080062140000000004
:10870000f0828293f4828427212840009b22400f2c
:10871000000000004222400b000000002480828ff5
:1087200021184000ec82828f0600621000000000d9
:108730002880828f21184000ec82828f72006214a0
:1087400000000000f48282931000c2aff582829391
:108750001400c2af1000c28f0500401400000000da
:1087600003000224fc8282af4222400b0000000082
:108770001000c38f010002240500621400000000f5
:1087800005000224fc8282af4222400b0000000060
:108790001000c38f020002242d00621400000000ac
:1087a000fc82828f030003240d00431000000000b0
:1087b000040043280500601000000000520040043f
:1087c000000000000f22400b000000000400032402
:1087d0001a004310000000004222400b000000007d
:1087e0001400c38f2110600080100200211043008c
:1087f0009c8282af9c82828f14004228030040102a
:1088000000000000140002249c8282af9c82828fb0
:10881000140042249c8282afa08280af1c83828f8e
:10882000a88282afd882828f988182af070002240b
:10883000fc8282af1222400b0000000005000224df
:10884000fc8282af000000004222400b00000000ca
:108850001000c38f030002242b00621400000000ec
:10886000fc82828f030003240d00431000000000ef
:1088700004004328050060100000000022004004ae
:10888000000000003f22400b000000000400032411
:108890001a004310000000004222400b00000000bc
:1088a0001400c38f211060008010020021104300cb
:1088b0009c8282af9c82828f140042280300401069
:1088c00000000000140002249c8282af9c82828ff0
:1088d000140042249c8282afa08280af1c83828fce
:1088e000a88282afd882828f988182af070002244b
:1088f000fc8282af4222400b0000000005000224ef
:10890000fc8282af00000000ec828427f48285277d
:10891000f08286276d5c400f0000000021184000a7
:108920000100022465ff62100000000081bf033ccb
:108930009000628cc439027c900062ac21e8c003d4
:108940000c01a28f00f8c2441800a38ff8fc617cd0
:108950002c01a28f130040002801a38f110060009a
:108960002401a58f1308a0002001a58f1108a000e5
:108970001c01a58f1310a0001801a58f1110a000d5
:108980001401a58f1318a0001001a58f1118a000c5
:108990003401a28f0f004230140040140000000088
:1089a0006400bf8f6000be8f5c00b98f5800b88f25
:1089b0005400af8f5000ae8f4c00ad8f4800ac8f8d
:1089c0004400ab8f4000aa8f3c00a98f3800a88fcd
:1089d0003400a78f3000a68f2c00a58f2800a48f0d
:1089e0002400a38f2000a28f1c00a18f0000000094
:1089f0000001b3d7f800b2d7f000b1d7e800b0d784
:108a0000e000afd7d800aed7d000add7c800acd704
:108a1000c000abd7b800aad7b000a9d7a800a8d784
:108a2000a000a7d79800a6d79000a5d78800a4d704
:108a30008000a3d77800a2d77000a1d76800a0d784
:108a400000606041c00000003c01ba8f3801bb8f5c
:108a500000709a403401ba8f4001bd2702609a40ed
:108a600000e8dd4100609b4018000042f0febd2799
:108a70000c01bfaf0801beaf21f0a0031001c4afcd
:108a80002120a0001401c4a31001c48f0000849011
:108a9000f500852c2e07a01000000000802804009f
:108aa000019d043cb88a84242120a4000000848c09
:108ab000080080000000000050a7009d8c8e009de3
:108ac000a48e009db48e009dc48e009d50a7009d75
:108ad000d48e009d50a7009df08e009d50a7009d54
:108ae00050a7009d248f009d50a7009d50a7009d7a
:108af0004c8f009d50a7009d50a7009d50a7009d42
:108b000050a7009d50a7009d50a7009d50a7009d15
:108b100050a7009d50a7009d50a7009d50a7009d05
:108b200050a7009d50a7009d50a7009d50a7009df5
:108b300050a7009d50a7009d50a7009d50a7009de5
:108b400050a7009d50a7009d888f009d50a7009db5
:108b500050a7009d50a7009d50a7009d50a7009dc5
:108b600050a7009d50a7009d50a7009d50a7009db5
:108b700050a7009d50a7009d50a7009d50a7009da5
:108b800050a7009d50a7009d50a7009d50a7009d95
:108b900050a7009d50a7009d50a7009d50a7009d85
:108ba00050a7009d50a7009d50a7009d50a7009d75
:108bb00050a7009d50a7009d50a7009d50a7009d65
:108bc00050a7009d50a7009d50a7009d50a7009d55
:108bd00050a7009d50a7009d50a7009d50a7009d45
:108be00050a7009d50a7009d50a7009d50a7009d35
:108bf00050a7009d50a7009da48f009d50a7009de9
:108c000050a7009d50a7009d50a7009d50a7009d14
:108c1000c08f009d50a7009d50a7009d50a7009dac
:108c200050a7009d50a7009d50a7009d50a7009df4
:108c300050a7009d50a7009d50a7009d50a7009de4
:108c400050a7009d50a7009d50a7009d50a7009dd4
:108c500050a7009d50a7009d50a7009d50a7009dc4
:108c600050a7009d50a7009d50a7009d50a7009db4
:108c700050a7009d50a7009d50a7009d50a7009da4
:108c800050a7009d50a7009d50a7009d0c8f009df0
:108c900050a7009d50a7009d50a7009d50a7009d84
:108ca00050a7009d50a7009d50a7009d50a7009d74
:108cb00050a7009d50a7009d50a7009d50a7009d64
:108cc00050a7009d50a7009d50a7009d50a7009d54
:108cd00050a7009d50a7009d50a7009d50a7009d44
:108ce00050a7009d50a7009d50a7009d50a7009d34
:108cf00050a7009d50a7009d50a7009d50a7009d24
:108d000050a7009d50a7009d50a7009d50a7009d13
:108d100050a7009d50a7009d50a7009d50a7009d03
:108d200050a7009d50a7009d50a7009d50a7009df3
:108d300050a7009d50a7009d50a7009ddc8f009d6f
:108d400050a7009d50a7009d50a7009d50a7009dd3
:108d500050a7009d50a7009d50a7009d50a7009dc3
:108d600050a7009d50a7009d50a7009d50a7009db3
:108d700050a7009d50a7009d50a7009d50a7009da3
:108d800050a7009d50a7009d50a7009d50a7009d93
:108d900050a7009d50a7009d50a7009d50a7009d83
:108da00050a7009d50a7009d50a7009d50a7009d73
:108db00050a7009d50a7009d4090009d5c90009d95
:108dc0007890009d9490009d50a7009d74a6009df2
:108dd00090a6009daca6009dc8a6009d50a7009d32
:108de00050a7009d50a7009d50a7009d50a7009d33
:108df00050a7009d50a7009db090009d50a7009dda
:108e0000cc90009de890009d50a7009df0a5009d8e
:108e10000ca6009d50a7009d28a6009d0491009dd2
:108e20002091009dcca3009dcca4009d50a7009d47
:108e300050a7009d50a7009d50a7009d58a6009ddb
:108e400030a7009d50a7009d50a7009d50a7009df2
:108e500050a7009d50a7009d50a7009d50a7009dc2
:108e600050a7009d50a7009d50a7009d50a7009db2
:108e7000f8a6009d50a7009dec8f009d50a7009d77
:108e80000890009d2490009d14a7009dda29400fb2
:108e90000000000001000224048282afd429400bac
:108ea0000000000001000224048282afd429400b9c
:108eb00000000000fa29400f00000000d429400bf8
:108ec00000000000982a400f00000000d429400b49
:108ed000000000001401c2931001c48f212840003b
:108ee000c92a400f00000000d429400b00000000f8
:108ef0001401c2931001c48f21284000f32a400faf
:108f000000000000d429400b00000000852b400f1a
:108f10000000000001000224048282afd429400b2b
:108f2000000000001001c28f0200422400004290a5
:108f3000010042301000c2af1000c48f992b400fc7
:108f400000000000d429400b000000001001c28f77
:108f50000200422400004290010042301000c2afe3
:108f60001001c28f03004224000042901400c2afdf
:108f70001000c48f1400c58fb92b400f00000000f3
:108f8000d429400b000000001401c2931001c48fcb
:108f9000212840006b2c400f00000000d429400b1a
:108fa000000000001401c2931001c48f212840006a
:108fb000802d400f00000000d429400b000000006d
:108fc0001401c2931001c48f21284000d22d400ffc
:108fd00000000000d429400b000000005c2e400f70
:108fe00000000000d429400b000000001401c293cf
:108ff0001001c48f21284000242e400f00000000e3
:10900000d429400b000000001401c2931001c48f4a
:1090100021284000812e400f00000000d429400b81
:10902000000000001401c2931001c48f21284000e9
:10903000e02e400f00000000d429400b000000008b
:109040001401c2931001c48f212840004d2f400ffe
:1090500000000000d429400b000000001401c2935e
:109060001001c48f21284000ad2f400f00000000e8
:10907000d429400b000000001401c2931001c48fda
:1090800021284000bc2f400f00000000d429400bd5
:10909000000000001401c2931001c48f2128400079
:1090a000d12f400f00000000d429400b0000000029
:1090b0001401c2931001c48f212840001b30400fbf
:1090c00000000000d429400b000000001401c293ee
:1090d0001001c48f212840004b30400f00000000d9
:1090e000d429400b000000001401c2931001c48f6a
:1090f00021284000eb30400f00000000d429400b35
:10910000000000001401c2931001c48f2128400008
:109110002631400f00000000d429400b0000000061
:10912000dc828493a7048010000000001001c48f2b
:1091300001008424000084900900801400000000d5
:10914000b880828fac8082afbc80828fb08082afcb
:10915000c080828fb48082aff128400b00000000f5
:109160001001c48f010084240000859001000424b4
:109170002a00a414000000001001c28f0200422443
:1091800000004290201e027c1001c28f0300422486
:1091900000004290001202002016027c251062009e
:1091a0002016027cffff4230ac8082af1001c28fdc
:1091b0000400422400004290201e027c1001c28f55
:1091c0000500422400004290001202002016027c9a
:1091d000251062002016027cffff4230b08082af73
:1091e0001001c28f0600422400004290201e027c23
:1091f0001001c28f070042240000429000120200ba
:109200002016027c251062002016027cffff4230ef
:10921000b48082aff128400b000000001001c48f21
:109220000100842400008590020004240b00a41493
:10923000000000009c80828f8c8082afa480828f8f
:10924000948082afa080828f908082afa880828f2e
:10925000988082aff128400b000000001001c48ffd
:109260000100842400008590030004241f00a4143e
:10927000000000001001c28f020042240000429052
:10928000201e027c1001c28f030042240000429085
:10929000001202002016027c251062002016027cbb
:1092a000948082af9480828f8c8082af1001c28fb5
:1092b0000400422400004290201e027c1001c28f54
:1092c0000500422400004290001202002016027c99
:1092d000251062002016027c988082af9880828fd1
:1092e000908082aff128400b000000001001c48f75
:1092f0000100842400008590040004240500a414c7
:10930000000000006c80828f708082aff128400bdb
:10931000000000001001c48f01008424000085902b
:10932000050004241a00a414000000001001c28fdc
:109330000200422400004290211840001001c28f18
:10934000030042240000429000120200251862002f
:109350001001c28f04004224000042900014020059
:10936000251062001800c2af1800c28f21304000e3
:1093700021380000000086440000e7442000a04699
:1093800000000244708082aff128400b0000000012
:109390001001c48f0100842400008590060004247d
:1093a0003400a414000000006c80828f029d033cf6
:1093b00024f0638c00088244000083443e00014690
:1093c0000600014500000000000882444d080046e8
:1093d000000802440025400b000000000000824409
:1093e0000008834401000146000002440080033c61
:1093f000000082440d000046000002442510430096
:109400001c00c2afb000c0afb400c0a3daff02249a
:10941000b000c2a31001c28f01004290b100c2a3ec
:109420001c00c28fff004230b200c2a31c00c28fda
:1094300002120200ff004230b300c2a31c00c28f20
:1094400002140200ff004230b400c2a31c80828fcd
:1094500021184000b000c22721206000050005242b
:1094600021304000df5c400f00000000f128400b7d
:10947000000000001001c48f0100842400008590ca
:10948000070004243400a414000000007080828fc0
:10949000029d033c24f0638c000882440000834456
:1094a0003e01014606000545000000000008824418
:1094b0004d080046000802443925400b000000001a
:1094c0000000824400088344010001460000024479
:1094d0000080033c000082440d000046000002446e
:1094e000251043002000c2afb800c0afbc00c0a32d
:1094f000daff0224b800c2a31001c28f010042901b
:10950000b900c2a32000c28fff004230ba00c2a33c
:109510002000c28f02120200ff004230bb00c2a333
:109520002000c28f02140200ff004230bc00c2a320
:109530001c80828f21184000b800c22721206000c3
:109540000500052421304000df5c400f00000000d2
:10955000f128400b000000001001c48f010084249a
:1095600000008590080004241c00a41400000000e2
:1095700083bf023c3200032410a143ac83bf023cf2
:109580003200032410a243ac83bf023c3200032408
:1095900010a343ac83bf023c6400032420a143ac6e
:1095a00083bf023c6400032420a243ac83bf023c7f
:1095b0006400032420a343ac029d023c28f0428cab
:1095c000808082af1a000224c48082af850b0224ff
:1095d000c88082aff128400b000000001001c48f4a
:1095e0000100842400008590090004243e00a41496
:1095f000000000001001c48f020084240000849049
:10960000212880001001c48f03008424000084906e
:10961000002204002520a4002400c4af1001c48f40
:109620000400842400008490212880001001c48f4d
:109630000500842400008490002204002520a4005a
:109640002800c4af83bf043c2400c58f10a185aca3
:1096500083bf043c2400c58f10a285ac83bf043cab
:109660002400c58f10a385ac83bf043c2800c58fa0
:1096700020a185ac83bf043c2800c58f20a285ac07
:1096800083bf043c2800c58f20a385ac2400c48f71
:109690002110800021180000000882440008e344e3
:1096a0006008a04600080344029d023c2cf0428c56
:1096b0000000834400088244030001460000024485
:1096c000808082af2400c28f01004224c48082af18
:1096d000b70b03242800c28f23106200c88082af1a
:1096e000f128400b000000001001c28f010042244d
:1096f000000043900a0002242400621400000000cd
:10970000320002242c00c2af640002243000c2af39
:10971000c000c0afc400c0a7daff0224c000c2a3cb
:109720001001c28f01004290c100c2a32c00c28f61
:10973000ff004230c200c2a32c00c28f02120200fe
:10974000ff004230c300c2a33000c28fff0042308e
:10975000c400c2a33000c28f02120200ff004230d8
:10976000c500c2a31c80828f21184000c000c22700
:10977000212060000600052421304000df5c400ffe
:1097800000000000f128400b000000001001c28f13
:1097900001004224000043900b00022426006214c2
:1097a0000000000083bf023c10a1428c3400c2af15
:1097b00083bf023c20a1428c3800c2afc800c0afba
:1097c000cc00c0a7daff0224c800c2a31001c28fd8
:1097d00001004290c900c2a33400c28fff00423092
:1097e000ca00c2a33400c28f02120200ff0042303e
:1097f000cb00c2a33800c28fff004230cc00c2a30e
:109800003800c28f02120200ff004230cd00c2a316
:109810001c80828f21184000c800c22721206000d0
:109820000600052421304000df5c400f00000000ee
:10983000f128400b000000001001c28f01004224fb
:10984000000043900c000224070062140000000096
:10985000580202244c8082af78000224508082afec
:10986000f128400b000000001001c28f01004224cb
:10987000000043900d0002241b0062140000000051
:109880001001c28f020042240000429021184000c3
:109890001001c28f03004224000042900012020017
:1098a000251062003c00c2af1001c28f04004224a8
:1098b00000004290211840001001c28f0500422490
:1098c0000000429000120200251062004000c2af6a
:1098d0003c00c28f4c8082af4000c28f508082af6c
:1098e000f128400b000000001001c28f010042244b
:1098f000000043900e0002242400621400000000c7
:10990000580202244400c2af780002244800c2afcb
:10991000d000c0afd400c0a7daff0224d000c2a399
:109920001001c28f01004290d100c2a34400c28f37
:10993000ff004230d200c2a34400c28f02120200d4
:10994000ff004230d300c2a34800c28fff00423064
:10995000d400c2a34800c28f02120200ff004230ae
:10996000d500c2a31c80828f21184000d000c227de
:10997000212060000600052421304000df5c400ffc
:1099800000000000f128400b000000001001c28f11
:1099900001004224000043900f00022424006214be
:1099a000000000004c80828f4c00c2af5080828f3c
:1099b0005000c2afd800c0afdc00c0a7daff02245d
:1099c000d800c2a31001c28f01004290d900c2a3e7
:1099d0004c00c28fff004230da00c2a34c00c28f9d
:1099e00002120200ff004230db00c2a35000c28f0f
:1099f000ff004230dc00c2a35000c28f02120200fe
:109a0000ff004230dd00c2a31c80828f211840007d
:109a1000d800c22721206000060005242130400024
:109a2000df5c400f00000000f128400b0000000048
:109a30001001c28f01004224000043901000022454
:109a40000c00621400000000029d023c30f0428cc9
:109a5000d08082af029d023c34f0428cd48082af31
:109a6000029d023c38f0428cd88082aff128400b36
:109a7000000000001001c28f01004224000043904a
:109a80001100022442006214000000001001c28f85
:109a90000200422400004290211840001001c28fb1
:109aa00003004224000042900012020025106200d0
:109ab0005400c2af1001c28f040042240000429043
:109ac000211840001001c28f05004224000042907e
:109ad00000120200251062005800c2af1001c28fb0
:109ae0000600422400004290211840001001c28f5d
:109af000070042240000429000120200251062007c
:109b00005c00c2af5400c28f000082442000804637
:109b100000000344029d023c3cf0428c0008834458
:109b2000000082444308004600080244d08082af0f
:109b30005800c28f00088244600880460008034431
:109b4000029d023c40f0428c0000834400088244a5
:109b50000300014600000244d48082af5c00c28f43
:109b6000000082442000804600000344029d023c25
:109b70003cf0428c000883440000824443080046c5
:109b800000080244d88082aff128400b000000009a
:109b90001001c28f010042240000439012000224f1
:109ba0002d00621400000000390302246000c2afdf
:109bb000a60002246400c2afdc2802246800c2af01
:109bc000e000c0afe400c0afdaff0224e000c2a3af
:109bd0001001c28f01004290e100c2a36000c28f59
:109be000ff004230e200c2a36000c28f02120200f6
:109bf000ff004230e300c2a36400c28fff00423086
:109c0000e400c2a36400c28f02120200ff004230cf
:109c1000e500c2a36800c28fff004230e600c2a385
:109c20006800c28f02120200ff004230e700c2a3a8
:109c30001c80828f21184000e000c2272120600094
:109c40000800052421304000df5c400f00000000c8
:109c5000f128400b000000001001c28f01004224d7
:109c600000004390130002247e00621400000000f4
:109c7000d080838f029d023c3cf0428c00088344dc
:109c8000000082444208004600080244029d033c52
:109c900024f0638c00088244000083443e020146a5
:109ca0000600094500000000000882444d080046f7
:109cb000000802443827400b0000000000008244e6
:109cc0000008834401000146000002440080033c78
:109cd000000082440d0000460000024425104300ad
:109ce0006c00c2afd480838f029d023c40f0428c56
:109cf00000088344000082444208004600080244f1
:109d0000029d033c24f0638c0008824400008344dd
:109d10003e03014606000d45000000000008824495
:109d20004d080046000802445527400b0000000083
:109d30000000824400088344010001460000024400
:109d40000080033c000082440d00004600000244f5
:109d5000251043007000c2afd880838f029d023c63
:109d60003cf0428c000883440000824442080046d4
:109d700000080244029d033c24f0638c00088244e6
:109d8000000083443e040146060011450000000027
:109d9000000882444d080046000802447227400b28
:109da00000000000000082440008834401000146d6
:109db000000002440080033c000082440d00004685
:109dc00000000244251043007400c2afe800c0af99
:109dd000ec00c0afdaff0224e800c2a31001c28f7a
:109de00001004290e900c2a36c00c28fff00423024
:109df000ea00c2a36c00c28f02120200ff004230d0
:109e0000eb00c2a37000c28fff004230ec00c2a37f
:109e10007000c28f02120200ff004230ed00c2a3a8
:109e20007400c28fff004230ee00c2a37400c28fe4
:109e300002120200ff004230ef00c2a31c80828f9a
:109e400021184000e800c2272120600008000524f6
:109e500021304000df5c400f00000000f128400b83
:109e6000000000001001c28f010042240000439056
:109e7000140002240c00621400000000029d023c49
:109e800028f0428c808082af029d023c44f0428cdc
:109e9000848082af029d023c48f0428c888082af71
:109ea000f128400b000000001001c28f0100422485
:109eb00000004390150002240a0062140000000014
:109ec000808080af029d023c44f0428c848082af4f
:109ed000029d023c48f0428c888082aff128400b02
:109ee000000000001001c28f0100422400004390d6
:109ef0001600022442006214000000001001c28f0c
:109f00000200422400004290211840001001c28f3c
:109f1000030042240000429000120200251062005b
:109f20007800c2af1001c28f0400422400004290aa
:109f3000211840001001c28f050042240000429009
:109f400000120200251062007c00c2af1001c28f17
:109f50000600422400004290211840001001c28fe8
:109f60000700422400004290001202002510620007
:109f70008000c2af7800c28f00088244600880462b
:109f800000080344029d023c3cf0428c00008344e4
:109f9000000882440300014600000244808082af32
:109fa0007c00c28f000082442000804600000344f1
:109fb000029d023c20f0428c000883440000824451
:109fc0004308004600080244848082af8000c28fac
:109fd000000882446008804600080344029d023c59
:109fe0004cf0428c00008344000882440300014688
:109ff00000000244888082aff128400b000000007e
:10a000001001c28f01004224000043901700022477
:10a010007e006214000000008080838f029d023c5d
:10a020003cf0428c00008344000882440200014658
:10a0300000000244029d033c24f0638c0000824433
:10a04000000883443e0d0046060015450000000050
:10a05000000082440d000046000002442228400b0c
:10a0600000000000000882440000834441080046cc
:10a07000000802440080033c000882444d0800466a
:10a0800000080244251043008400c2af8480838fff
:10a09000029d023c20f0428c000083440008824470
:10a0a0000200014600000244029d033c24f0638c40
:10a0b00000008244000883443e0e00460600194515
:10a0c00000000000000082440d0000460000024431
:10a0d0003f28400b00000000000882440000834439
:10a0e00041080046000802440080033c0008824406
:10a0f0004d08004600080244251043008800c2af06
:10a100008880838f029d023c4cf0428c0000834487
:10a11000000882440200014600000244029d033c04
:10a1200024f0638c00008244000883443e0f004604
:10a1300006001d4500000000000082440d0000469e
:10a14000000002445c28400b00000000000882442c
:10a150000000834441080046000802440080033c9c
:10a16000000882444d0800460008024425104300c0
:10a170008c00c2aff000c0aff400c0afdaff022421
:10a18000f000c2a31001c28f01004290f100c2a3ef
:10a190008400c28fff004230f200c2a38400c28f4d
:10a1a00002120200ff004230f300c2a38800c28ff7
:10a1b000ff004230f400c2a38800c28f02120200e6
:10a1c000ff004230f500c2a38c00c28fff00423076
:10a1d000f600c2a38c00c28f02120200ff004230c0
:10a1e000f700c2a31c80828f21184000f000c22714
:10a1f000212060000800052421304000df5c400f72
:10a2000000000000f128400b000000001001c28f88
:10a210000100422400004390180002240800621448
:10a22000000000000c8380a30d8380a30e8380a315
:10a230000f8380a3108380a3f128400b000000004f
:10a240001001c28f01004224000043901900022433
:10a250002c006214000000001001c28f0200422492
:10a26000000042909000c2af1001c28f0300422450
:10a27000000042909400c2af9000c38f9400c28f40
:10a28000241062009800c2af9800c28fff004230d5
:10a2900001004230ff0042300c8382a39800c28f3d
:10a2a00042100200ff00423001004230ff00423005
:10a2b0000d8382a39800c28f82100200ff004230fb
:10a2c00001004230ff0042300e8382a39800c28f0b
:10a2d000c2100200ff00423001004230ff00423055
:10a2e0000f8382a39800c28f02110200ff00423048
:10a2f00001004230ff004230108382a3f128400b5e
:10a30000000000001001c28f0100422400004390b1
:10a310001a0002242b006214000000000c838293b8
:10a32000211840000d83829340100200251862001e
:10a330000e83829380100200251862000f8382939f
:10a34000c0100200251862001083829300110200e1
:10a35000251062009c00c2aff800c0affc00c0af87
:10a36000daff0224f800c2a31001c28f010042905c
:10a37000f900c2a39c00c28fff004230fa00c2a3c2
:10a380009c00c28fff004230fb00c2a3fc00c0a3b0
:10a39000fd00c0a3fe00c0a3ff00c0a31c80828fed
:10a3a00021184000f800c227212060000800052481
:10a3b00021304000df5c400f00000000d429400b3a
:10a3c00000000000d429400b000000001001c28fe3
:10a3d00001004224000042900f00401400000000e1
:10a3e0001001c28f02004224000042902118400058
:10a3f0001001c28f030042240000429000120200ac
:10a4000025106200a000c2afa000c28f5c8082afa6
:10a410003129400b000000001001c28f01004224ce
:10a420000000439001000224260062140000000096
:10a430001001c28f02004224000042902118400007
:10a440001001c28f0300422400004290001202005b
:10a4500025106200a400c2af1001c28f0400422484
:10a4600000004290211840001001c28f05004224d4
:10a470000000429000120200251862001001c28ff5
:10a4800006004224000042900014020025186200d9
:10a490001001c28f07004224000042900016020003
:10a4a00025106200a800c2af21200000a400c58fc3
:10a4b000a800c68ffe55400f00000000d429400bb5
:10a4c00000000000d429400b000000001001c28fe2
:10a4d0000100422400004390aa00022423006214d9
:10a4e000000000001001c28f0200422400004390cf
:10a4f000bb0002241d006214000000001001c28f86
:10a500000300422400004390cc0002241700621490
:10a51000000000001001c28f04004290dc8282a380
:10a520000001c0afdcff02240001c2a31001c28ff2
:10a53000010042900101c2a3dc8282930201c2a306
:10a540000301c0a31c80828f211840000001c22794
:10a55000212060000400052421304000df5c400f12
:10a56000000000007a29400b000000001001c28f9b
:10a570000100422400004390640002241a00621487
:10a58000000000008c000224ac00c2af0401c0af88
:10a59000dcff02240401c2a31001c28f010042901b
:10a5a0000501c2a3ac00c28fff0042300601c2a366
:10a5b000ac00c28f02120200ff0042300701c2a3aa
:10a5c0001c80828f211840000401c22721206000d6
:10a5d0000400052421304000df5c400f0000000033
:10a5e000d429400b00000000d429400b00000000db
:10a5f0001401c2931001c48f212840006f31400f15
:10a6000000000000d429400b000000001401c29398
:10a610001001c48f212840005932400f0000000073
:10a62000d429400b000000001001c28f0100422419
:10a63000000042900400401400000000988280afa7
:10a64000d429400b0000000001000224988282af50
:10a65000d429400b000000001401c2931001c48fe4
:10a66000212840001733400f00000000d429400b80
:10a67000000000001401c2931001c48f2128400083
:10a680003634400f00000000d429400b00000000c9
:10a690001401c2931001c48f212840009434400f4c
:10a6a00000000000d429400b000000001401c293f8
:10a6b0001001c48f21284000ac34400f000000007e
:10a6c000d429400b000000001001c28f0100422479
:10a6d000000042900400401400000000148480af89
:10a6e000d429400b0000000001000224148482af32
:10a6f000d429400b000000001401c2931001c48f44
:10a7000021284000ef34400f00000000d429400b06
:10a71000000000001401c2931001c48f21284000e2
:10a720002536400f00000000d429400b0000000037
:10a73000852b400f000000001401c2931001c48f4c
:10a74000212840002a37400f0000000000000000d0
:10a7500021e8c0030c01bf8f0801be8f1001bd2787
:10a760000800e00300000000e0ffbd271c00bfafb1
:10a770001800beaf21f0a0031000c0af1400c0af9e
:10a78000010002241000c2a3040002241100c2a38d
:10a79000010002241200c2a3a5ff02241300c2a3d9
:10a7a000c8ff02241400c2a3120002241500c2a391
:10a7b0001600c0a31c80828f2120400007000524c2
:10a7c0001000c22721304000df5c400f0000000075
:10a7d00021e8c0031c00bf8f1800be8f2000bd27da
:10a7e0000800e00300000000d0ffbd272c00bfaf31
:10a7f0002800beaf21f0a0031c00c0af2000c0aff6
:10a800000881828f1800c2af1800c28f00b0427c4e
:10a810001000c2af1800c28f050041040000000004
:10a820001000c38f8000023c251062001000c2aff0
:10a830001000c28fff0042301c00c2a31000c28f64
:10a8400003120200ff0042301d00c2a31000c28f9d
:10a8500003140200ff0042301e00c2a31400c0a770
:10a860004484838f008002342a1062000500401463
:10a8700000000000ff7f02241400c2a72b2a400b17
:10a88000000000004484828f0180422805004010af
:10a8900000000000018002241400c2a72b2a400bf4
:10a8a000000000004484828f1400c2a7f083838fcd
:10a8b0000100022405006214000000001400c29789
:10a8c00023100200ffff42301400c2a71400c297f9
:10a8d000ff0042301f00c2a31400c287031202000f
:10a8e0002016027cff0042302000c2a3d883828f52
:10a8f0004000427cff004230201c027cd883828fc3
:10a90000c000427cff004230401002002014027c54
:10a9100025106200201c027cd883828f0002427cba
:10a92000ff004230801002002014027c25106200db
:10a93000201c027cd883828f4002427cff00423080
:10a94000c01002002014027c25106200201c027c32
:10a95000d883828f8002427cff00423000110200c7
:10a960002014027c25106200201c027cd883828f78
:10a97000c002427cff004230401102002014027ce1
:10a9800025106200201c027cd883828f8003427cc9
:10a99000ff00423021204000d883828fc003427cd8
:10a9a000ff00423025108200801102002014027c3a
:10a9b00025106200201c027cd883828fc001427c5b
:10a9c000ff004230c01102002014027c25106200fa
:10a9d0002014027cff0042302100c2a3e082828f5b
:10a9e0000800401400000000f080828fff00423019
:10a9f0007f004230ff0042302200c2a3882a400b71
:10aa000000000000f480828f201c027c80ff022462
:10aa1000251062002014027cff0042302200c2a3f5
:10aa2000e082828f01004238e08282af1480838fff
:10aa30001c00c227212060000700052421304000af
:10aa4000195c400f0000000021e8c0032c00bf8ffc
:10aa50002800be8f3000bd270800e0030000000082
:10aa6000d8ffbd272400bfaf2000beaf21f0a00358
:10aa70001400c0af1800c0af1081828f6666033c1f
:10aa80006766633418004300101800008318030041
:10aa9000c3170200231062001000c2af1000c28f63
:10aaa00004004104000000001000c28f23100200c7
:10aab0001000c2af4484828f2014027c1400c2a311
:10aac0004484828f031202002014027c1500c2a36a
:10aad0001000c28f2014027c1600c2a31000c28f87
:10aae000031202002014027c1700c2a31c80828f74
:10aaf000211840001400c227212060000400052412
:10ab000021304000df5c400f0000000021e8c0035e
:10ab10002400bf8f2000be8f2800bd270800e0035f
:10ab200000000000e0ffbd271c00bfaf1800beaf53
:10ab300021f0a0032000c4af2110a0002400c2a374
:10ab40002000c28f01004224000042901000c2afda
:10ab5000852b400f00000000d883828f8410027c78
:10ab6000d88382af2a2c400f00000000fc8280af07
:10ab700083bf023ce0a040ac83bf023ce0a140acfc
:10ab800083bf023ce0a240ac0a000224e48182af11
:10ab9000548080af2000c28f020042240000429007
:10aba00021204000a037400f0000000001000224d7
:10abb000048282af21e8c0031c00bf8f1800be8f43
:10abc0002000bd270800e00300000000d8ffbd27db
:10abd0002400bfaf2000beaf21f0a0032800c4af07
:10abe0002110a0002c00c2a32800c28f0100422423
:10abf0000000429067004014000000002800c28f4f
:10ac000002004224000042901200401400000000a4
:10ac10002800c28f030042240000439077000224e2
:10ac200076006214000000002800c28f0400422455
:10ac300000004390890002247000621400000000ac
:10ac400001000424be64400f000000007f2b400b75
:10ac5000000000002800c28f020042240000439040
:10ac60000100022465006214000000001000c0af63
:10ac7000c483838f401f0224030062100000000081
:10ac8000010002241000c2afd483838f2823022442
:10ac90000300621000000000010002241000c2af97
:10aca000e883838f0a000224030062100000000082
:10acb000010002241000c2afdc83838f0a0002244b
:10acc0000300621000000000010002241000c2af67
:10acd000e483838fb80b022403006210000000009d
:10ace000010002241000c2afd083838f307502248c
:10acf0000300621000000000010002241000c2af37
:10ad00000484838fdfff023c71bc42340300621075
:10ad100000000000010002241000c2affc83838ffa
:10ad20002000023c8f434234030062100000000008
:10ad3000010002241000c2af1400c0af1800c0af61
:10ad4000080002241400c2a31500c0a31000c28f83
:10ad50000500401400000000010002241600c2a3f8
:10ad60005b2b400b000000001600c0a31c80828fec
:10ad7000211840001400c227212060000300052490
:10ad800021304000df5c400f000000007f2b400bb3
:10ad9000000000002800c28f010042240000439000
:10ada0000100022415006214000000002800c28f78
:10adb00002004224000042901000401400000000f5
:10adc0002800c28f03004224000043907700022431
:10add0000a006214000000002800c28f0400422410
:10ade0000000439089000224040062140000000067
:10adf00001000424b465400f0000000021e8c003f6
:10ae00002400bf8f2000be8f2800bd270800e0036c
:10ae100000000000f8ffbd270400beaf21f0a00332
:10ae2000d883828f047a027cd88382afd883828fc2
:10ae3000448c027cd88382af088280af0c8280afc2
:10ae4000208280af248280af288280af448280af8e
:10ae500021e8c0030400be8f0800bd270800e003fe
:10ae600000000000e8ffbd271400bfaf1000beaf18
:10ae700021f0a0031800c4afd883828f4408027c5d
:10ae8000d88382af1800c38f010002240d00621422
:10ae900000000000d883828f800042300300401001
:10aea00000000000b32b400b000000000100022452
:10aeb000148482af3c2c400f00000000b32b400be9
:10aec00000000000532c400f0000000021e8c003e8
:10aed0001400bf8f1000be8f1800bd270800e003cc
:10aee00000000000e0ffbd271c00bfaf1800beaf90
:10aef00021f0a0032000c4af2400c5afd883828f07
:10af0000010042305800401000000000b080828fe5
:10af10002b00401800000000c882828f029d033c75
:10af20001cf0638c00008344000882440100014649
:10af3000000003447883828f000082442000804612
:10af40000000024400088344000082444208004696
:10af5000000802441000c2aff083838f0100022476
:10af600005006214000000001000c38f0080023c46
:10af7000261062001000c2af1000c38f029d023c79
:10af800020f0428c000883440000824442080046be
:10af900000080344b080828f000882446008804625
:10afa0000008024400008344000882440300014674
:10afb00000000244008382aff12b400b0000000030
:10afc000008380af2000c38f010002241a006214a6
:10afd00000000000b46e400f000000000881828f66
:10afe000088382af0883828fec8382afec83828fe9
:10aff000008482af2400c28f0400401400000000cf
:10b00000708380af773c400f00000000d883828fb0
:10b01000010003244408627cd88382afd883828fe6
:10b02000c418027cd88382af03000224fc8282af62
:10b03000242c400b00000000d883828f4408027c3f
:10b04000d88382affc8280af83bf023ce0a040acdb
:10b0500083bf023ce0a140ac83bf023ce0a240ac15
:10b06000242c400b00000000d883828f4408027c0f
:10b07000d88382affc8280af83bf023ce0a040acab
:10b0800083bf023ce0a140ac83bf023ce0a240ace5
:10b0900021e8c0031c00bf8f1800be8f2000bd2711
:10b0a0000800e00300000000e8ffbd271400bfaf68
:10b0b0001000beaf21f0a003b46e400f00000000ee
:10b0c000188480afec8380af088380af008480afaa
:10b0d000088180af048180af21e8c0031400bf8fd6
:10b0e0001000be8f1800bd270800e003000000001c
:10b0f000f8ffbd270400beaf21f0a003d883828fe4
:10b10000000f423003004010000000004e2c400ba6
:10b110000000000086bf033c30006294010004245c
:10b12000c45a827c300062a4d883828f0100032439
:10b130000400627cd88382af21e8c0030400be8f84
:10b140000800bd270800e00300000000f8ffbd274d
:10b150000400beaf21f0a00383bf023ce0a040acde
:10b1600083bf023ce0a140ac83bf023ce0a240ac04
:10b1700086bf033c30006294c45a027c300062a453
:10b18000d883828f0400027cd88382afd883828fd9
:10b190004408027cd88382af21e8c0030400be8f3c
:10b1a0000800bd270800e00300000000c8ffbd271d
:10b1b0003400bfaf3000beaf21f0a0033800c4aff1
:10b1c0002110a0003c00c2a31400c0af2400c0aff7
:10b1d0002800c0af3800c28f010042240000429016
:10b1e000ffff42241800c2af3800c28f0200422481
:10b1f000000042901c00c2af1800c28ffa00401439
:10b20000000000001c00c28f0900422ce800401022
:10b21000000000001c00c28f80180200019d023c4b
:10b2200034b24224211062000000428c0800400029
:10b2300000000000b0b5009d58b2009dacb2009d6a
:10b24000dcb2009d7cb3009dccb3009d20b4009d7a
:10b25000bcb4009d34b5009d080002241000c2afac
:10b260002400c0a32500c0a32600c0a32700c0a3bc
:10b270002800c0a32900c0a3f083828fc01302005e
:10b28000ffff42302000c2af2000c28f2014027c9a
:10b290002a00c2a32000c28f021202002014027ce6
:10b2a0002b00c2a36f2d400b0000000008000224f9
:10b2b0001000c2af2400c0a32500c0a32600c0a375
:10b2c0002700c0a32800c0a32900c0a32a00c0a350
:10b2d0002b00c0a36f2d400b0000000008000224cb
:10b2e0001000c2af2400c0a32500c0a30080023c10
:10b2f0007c0a42245c00428c2014027c2600c2a3fb
:10b300000080023c7c0a42245c00428c0212020053
:10b310002014027c2700c2a30080023c7c0a422445
:10b320005c00428c021402002014027c2800c2a39c
:10b330000080023c7c0a42245c00428c021602001f
:10b340002014027c2900c2a30080023c7c0a422413
:10b350006000428c2014027c2a00c2a30080023cc0
:10b360007c0a42246000428c021202002014027cfb
:10b370002b00c2a36f2d400b000000000800022428
:10b380001000c2af0080023c7c0a42246000428c64
:10b39000021402002014027c2400c2a30080023c9c
:10b3a0007c0a42246000428c021602002014027cb7
:10b3b0002500c2a32600c0a32700c0a32800c0a365
:10b3c0002900c0a36f2d400b0000000008000224dc
:10b3d0001000c2af2400c0a32500c0a32600c0a354
:10b3e0002700c0a32800c0a32900c0a30080023cfe
:10b3f0007c0a42244400428c2014027c2a00c2a30e
:10b400000080023c7c0a42244400428c021202006a
:10b410002014027c2b00c2a36f2d400b0000000003
:10b42000080002241000c2af0080023c7c0a4224c3
:10b430004800428c2014027c2400c2a30080023cfd
:10b440007c0a42244800428c021202002014027c32
:10b450002500c2a30080023c7c0a42244c00428c9e
:10b460002014027c2600c2a30080023c7c0a4224f5
:10b470004c00428c021202002014027c2700c2a35e
:10b480000080023c7c0a42245000428c2014027c42
:10b490002800c2a30080023c7c0a42245000428c57
:10b4a000021202002014027c2900c2a32a00c0a3b9
:10b4b0002b00c0a36f2d400b0000000008000224e9
:10b4c0001000c2af2400c0a32500c0a32600c0a363
:10b4d0002700c0a30080023c7c0a42245400428c16
:10b4e0002014027c2800c2a30080023c7c0a422473
:10b4f0005400428c021202002014027c2900c2a3d4
:10b500000080023c7c0a42245800428c2014027cb9
:10b510002a00c2a30080023c7c0a42245800428ccc
:10b52000021202002014027c2b00c2a36f2d400bdc
:10b5300000000000060002241000c2af0080023ca0
:10b540007c0a42242003428c2014027c2400c2a3e3
:10b550000080023c7c0a42242003428c2014027c9e
:10b560002500c2a32600c0a30080023c7c0a42241e
:10b570002403428c2014027c2700c2a30080023cda
:10b580007c0a42246003428c2014027c2800c2a35f
:10b590000080023c7c0a42246003428c02120200ba
:10b5a0002014027c2900c2a36f2d400b0000000074
:10b5b000010002241400c2af000000001400c28f7a
:10b5c00009004014000000001c80828f21184000f8
:10b5d0002400c227212060001000c58f21304000c8
:10b5e000df5c400f0000000021e8c0033400bf8f83
:10b5f0003000be8f3800bd270800e00300000000c7
:10b60000e0ffbd271c00bfaf1800beaf21f0a003b4
:10b610002000c4af2110a0002400c2a32000c28fcc
:10b620000100422400004290ffff42241000c2affc
:10b630001000c28f0300401000000000cc2d400b12
:10b64000000000002000c28f02004224000042904f
:10b6500001004230f88382af2000c28f02004224f2
:10b6600000004290020042301a004010000000002a
:10b670002000c28f0600422400004290048482af62
:10b680000484828f001a02002000c28f0500422429
:10b690000000429025106200048482af0484828fef
:10b6a000001a02002000c28f0400422400004290d1
:10b6b00025106200048482af0484828f001a020085
:10b6c0002000c28f03004224000042902510620037
:10b6d000048482aff883838f010002240600621481
:10b6e000000000000484828f01004234048482af91
:10b6f000c12d400b000000000484828f0400027cf6
:10b70000048482af0484828f212000001700052466
:10b7100021304000fe55400f000000000484828f5d
:10b72000211840000080023c7c0a42245c0043acab
:10b7300021e8c0031c00bf8f1800be8f2000bd276a
:10b740000800e00300000000e0ffbd271c00bfafc1
:10b750001800beaf21f0a0032000c4af2110a0004c
:10b760002400c2a32000c28f0100422400004290a6
:10b77000ffff42241000c2af1000c28f0300401030
:10b78000000000001e2e400b000000002000c28fb1
:10b79000020042240000429001004230f48382af54
:10b7a0002000c28f0200422400004290020042307a
:10b7b0001a004010000000002000c28f0600422442
:10b7c00000004290fc8382affc83828f001a02004b
:10b7d0002000c28f05004224000042902510620024
:10b7e000fc8382affc83828f001a02002000c28f8c
:10b7f000040042240000429025106200fc8382afc6
:10b80000fc83828f001a02002000c28f03004224b2
:10b810000000429025106200fc8382aff483838f86
:10b82000010002240600621400000000fc83828fe5
:10b8300001004234fc8382af132e400b0000000055
:10b84000fc83828f0400027cfc8382affc83828fa6
:10b85000212000001800052421304000fe55400f33
:10b8600000000000fc83828f211840000080023c11
:10b870007c0a4224600043ac21e8c0031c00bf8f57
:10b880001800be8f2000bd270800e0030000000064
:10b89000d0ffbd272c00bfaf2800beaf21f0a00312
:10b8a0003000c4af2110a0003400c2a33000c28f0a
:10b8b00001004224000042901000c2af3000c28f4d
:10b8c00002004224000042901400c2afcc83828f59
:10b8d0000d00401000000000cc83838f0200022482
:10b8e0000900621000000000cc83838f0400022452
:10b8f00004006214000000001000c28f422e400bb2
:10b90000000000001000c28f1000c28f020004244b
:10b910002128000021304000fe55400f00000000ab
:10b920001400c28f020004240100052421304000cd
:10b93000fe55400f000000001000c38f0080023c45
:10b940007c0a4224200343ac1400c38f0080023cd5
:10b950007c0a4224240343ac21e8c0032c00bf8f9f
:10b960002800be8f3000bd270800e0030000000063
:10b97000e0ffbd271c00bfaf1800beaf21f0a00341
:10b980001000c0af1400c0afa1ff02241000c2a37a
:10b99000e480828fff0042301100c2a3e480828fd6
:10b9a00003120200ff0042301200c2a3e880828f1f
:10b9b000ff0042301300c2a3e880828f031202000e
:10b9c000ff0042301400c2a31500c0a31600c0a39c
:10b9d0001c80828f21204000070005241000c22710
:10b9e00021304000df5c400f0000000021e8c00370
:10b9f0001c00bf8f1800be8f2000bd270800e00389
:10ba000000000000e0ffbd271c00bfaf1800beaf64
:10ba100021f0a0032000c4af2110a0002400c2a385
:10ba20002000c28f0100422400004290ffff422408
:10ba30001000c2af1000c28f0300401000000000d1
:10ba4000da2e400b000000002000c28f02004224ca
:10ba500000004290201e027c2000c28f030042247e
:10ba600000004290001202002016027c25106200a5
:10ba70002016027cc48382af2000c28f04004224bf
:10ba800000004290201e027c2000c28f050042244c
:10ba900000004290001202002016027c2510620075
:10baa0002016027cd48382af2000c28f060042247d
:10bab00000004290e88382af2000c28f070042243a
:10bac00000004290dc8382afc483828f212000007b
:10bad0001100052421304000fe55400f00000000f9
:10bae000d483828f212000001200052421304000e1
:10baf000fe55400f00000000e883828f21200000e7
:10bb00001300052421304000fe55400f00000000c6
:10bb1000dc83828f212000001400052421304000a6
:10bb2000fe55400f00000000c483838f0080023c5c
:10bb30007c0a4224440043acd483838f0080023cbf
:10bb40007c0a4224480043ace883838f0080023c97
:10bb50007c0a42244c0043acdc83838f0080023c8f
:10bb60007c0a4224500043ac21e8c0031c00bf8f74
:10bb70001800be8f2000bd270800e0030000000071
:10bb8000d8ffbd272400bfaf2000beaf21f0a00327
:10bb90002800c4af2110a0002c00c2a32800c28f2f
:10bba0000100422400004290ffff42241000c2af77
:10bbb0001000c28f0300401000000000472f400b10
:10bbc000000000002800c28f0300422400004290c1
:10bbd0001400c2af1400c28f001a02002800c28fe6
:10bbe0000200422400004290251062001400c2afff
:10bbf0002800c28f05004224000042901800c2af06
:10bc00001800c28f001a02002800c28f04004224cc
:10bc100000004290251062001800c2af2800c28fb9
:10bc200007004224000042901c00c2af1c00c28fdb
:10bc3000001a02002800c28f060042240000429031
:10bc4000251062001c00c2af1400c28fe48382afd3
:10bc50001800c28fd08382af1c00c28fc88382af0e
:10bc6000e483838f0100023c2a1062000300401429
:10bc700000000000ffff0234e48382afd083838f93
:10bc80000100023c2a106200030040140000000082
:10bc9000ffff0234d08382afd083828f2120000047
:10bca0001600052421304000fe55400f0000000022
:10bcb000e483828f212000001500052421304000fc
:10bcc000fe55400f00000000c883828f020004244c
:10bcd0001000052421304000fe55400f00000000f8
:10bce000d083828f211840000080023c7c0a4224cd
:10bcf000580043ace483828f211840000080023c4e
:10bd00007c0a4224540043acc883828f211840002f
:10bd10000080023c7c0a4224400043ac21e8c0037e
:10bd20002400bf8f2000be8f2800bd270800e0033d
:10bd300000000000e8ffbd271400bfaf1000beaf39
:10bd400021f0a0031800c4af2110a0001c00c2a362
:10bd50001800c28f010042240000429011004014dc
:10bd60000000000002000224548082afd883828f3a
:10bd70004408027cd88382affc8280af83bf023c40
:10bd8000e0a040ac83bf023ce0a140ac83bf023cda
:10bd9000e0a240ac532c400f00000000a72f400b46
:10bda000000000001800c28f0100422400004390f0
:10bdb0000100022427006214000000000a0002248f
:10bdc000e48182af548080af1c00c2930300422cf8
:10bdd00032004014000000001800c28f020042240c
:10bde000000042900a0040140000000086bf033c9f
:10bdf00030006294c45a027c300062a4d883828fdf
:10be00000400027cd88382afa72f400b0000000003
:10be10001800c28f02004224000043900100022457
:10be20001e0062140000000086bf033c30006294d4
:10be300001000424c45a827c300062a4d883828f1b
:10be4000010003240400627cd88382afa72f400b3b
:10be5000000000001800c28f01004224000043903f
:10be60000200022405006214000000000100022408
:10be7000548082afa72f400b000000001800c28f33
:10be800001004224000043900300022403006214d6
:10be90000000000002000224548082af21e8c003a9
:10bea0001400bf8f1000be8f1800bd270800e003ec
:10beb00000000000e8ffbd271400bfaf1000beafb8
:10bec00021f0a0031800c4af2110a0001c00c2a3e1
:10bed000f83a400f0000000021e8c0031400bf8fb3
:10bee0001000be8f1800bd270800e003000000000e
:10bef000e8ffbd271400bfaf1000beaf21f0a003c4
:10bf00001800c4af2110a0001c00c2a3852b400f55
:10bf1000000000001800c28f01004224000042907f
:10bf200021204000a037400f0000000021e8c0039e
:10bf30001400bf8f1000be8f1800bd270800e0035b
:10bf400000000000f0ffbd270c00beaf21f0a003f1
:10bf50001000c4af2110a0001400c2a31400c393aa
:10bf6000010002240500621400000000dc0002242d
:10bf7000588082af1230400b000000001400c393c1
:10bf80000200022417006214000000001000c28f9b
:10bf900001004224000042900000c2af0000c28fa6
:10bfa000c010020080180200211043008018020017
:10bfb000211043000019020023106200eb51033ce2
:10bfc0001f85633418004300101800004319030054
:10bfd000c317020023106200588082af1230400b5a
:10bfe000000000001400c393040002241600621431
:10bff000000000001000c28f0200422400004290a6
:10c00000201e027c1000c28f0300422400004290d8
:10c01000001202002016027c251062000400c2a754
:10c02000029d023c1cf0428c688082af029d023c63
:10c030001cf0428cc88282af0400c287088482afa1
:10c04000dc000224588082af010002244c8282afbf
:10c0500001000224488282af21e8c0030c00be8f99
:10c060001000bd270800e00300000000e8ffbd2726
:10c070001400bfaf1000beaf21f0a0031800c4af82
:10c080002110a0001c00c2a31800c28f010042248e
:10c09000000042900a00401400000000fc8280afc3
:10c0a00083bf023ce0a040ac83bf023ce0a140acb7
:10c0b00083bf023ce0a240ac4530400b00000000d2
:10c0c0001800c28f010042240000439001000224a6
:10c0d0001000621400000000fc82838f0200022422
:10c0e0000c00621000000000d883828f4408027c9c
:10c0f000d88382afd883828f01000324c418627c66
:10c10000d88382af773c400f000000000200022479
:10c11000fc8282af21e8c0031400bf8f1000be8fe5
:10c120001800bd270800e00300000000d0ffbd2775
:10c130002c00bfaf2800beaf21f0a0033000c4af79
:10c140002110a0003400c2a33000c28f010042249d
:10c150000000429033004014000000003000c28f05
:10c160000200422400004290201e027c3000c28f58
:10c170000300422400004290001202002016027cbc
:10c18000251062002016027ca48082afa480828fda
:10c190009c8082af3000c28f040042240000429095
:10c1a000201e027c3000c28f050042240000429015
:10c1b000001202002016027c251062002016027c6c
:10c1c000a88082afa880828fa08082afa480828f57
:10c1d000948082af9480828f8c8082afa880828f7f
:10c1e000988082af9880828f908082af9480828f77
:10c1f000212000002400052421304000fe55400f7e
:10c20000000000009880828f212000002500052476
:10c2100021304000fe55400f00000000e530400b8b
:10c22000000000003000c28f010042240000439053
:10c23000010002241c006214000000001000c0afc6
:10c240001400c0afd2ff02241000c2a3a480828fca
:10c25000ff0042301100c2a3a480828f03120200ab
:10c26000ff0042301200c2a3a880828fff0042303c
:10c270001300c2a3a880828f03120200ff00423085
:10c280001400c2a31c80828f2120400005000524d9
:10c290001000c22721304000df5c400f000000008a
:10c2a000e530400b000000003000c28f0100422446
:10c2b00000004390020002241d00621400000000f0
:10c2c0001800c0af1c00c0afd2ff02241800c2a3e8
:10c2d0009480828fff0042301900c2a39480828f25
:10c2e00003120200ff0042301a00c2a39880828f1e
:10c2f000ff0042301b00c2a39880828f031202000d
:10c30000ff0042301c00c2a31c80828f2118400015
:10c310001800c227212060000500052421304000bc
:10c32000df5c400f00000000e530400b0000000023
:10c330003000c28f01004224000043900300022419
:10c3400014006214000000002000c0af2400c0af41
:10c35000d2ff02242000c2a3f8ff02242100c2a3be
:10c360002a0002242200c2a3640002242300c2a3e4
:10c370002400c0a31c80828f211840002000c22707
:10c38000212060000500052421304000df5c400fc3
:10c390000000000021e8c0032c00bf8f2800be8fe2
:10c3a0003000bd270800e00300000000e8ffbd27c3
:10c3b0001400bfaf1000beaf21f0a0031800c4af3f
:10c3c0002110a0001c00c2a31800c28f010042244b
:10c3d000000042900a00401400000000fc8280af80
:10c3e00083bf023ce0a040ac83bf023ce0a140ac74
:10c3f00083bf023ce0a240ac2031400b00000000b3
:10c400001800c28f01004224000043900100022462
:10c410001b006214000000001800c28f02004224ba
:10c4200000004290201e027c1800c28f03004224ac
:10c4300000004290001202002016027c25106200cb
:10c440002016027c401002008018020021104300d8
:10c45000688382affc82838f01000224080062108f
:10c4600000000000d883828f4408027cd88382af0a
:10c470008c3c400f0000000001000224fc8282afcf
:10c4800021e8c0031400bf8f1000be8f1800bd2725
:10c490000800e00300000000e8ffbd271400bfaf64
:10c4a0001000beaf21f0a0031800c4af2110a000ff
:10c4b0001c00c2a31800c28f010042240000429059
:10c4c0000c00401400000000688380af6c8380afd4
:10c4d000fc8280af83bf023ce0a040ac83bf023c43
:10c4e000e0a140ac83bf023ce0a240ac6931400b0c
:10c4f000000000001800c28f010042240000439099
:10c500000100022427006214000000001800c28ffe
:10c510000200422400004290201e027c1800c28fbc
:10c520000300422400004290001202002016027c08
:10c53000251062002016027c4010020080180200c4
:10c5400021104300688382af1800c28f0400422488
:10c5500000004290201e027c1800c28f0500422479
:10c5600000004290001202002016027c251062009a
:10c570002016027c6c8382affc82838f0900022428
:10c580000800621000000000d883828f4408027cfb
:10c59000d88382af8c3c400f0000000009000224c9
:10c5a000fc8282af21e8c0031400bf8f1000be8f51
:10c5b0001800bd270800e00300000000c8ffbd27e9
:10c5c0003400bfaf3000beaf21f0a0033800c4afcd
:10c5d0002110a0003c00c2a33800c28f01004224f9
:10c5e0000000429042004014000000003800c28f5a
:10c5f0000200422400004290201e027c3800c28fbc
:10c600000300422400004290001202002016027c27
:10c61000251062002016027cffff4230b88082aff6
:10c620003800c28f0400422400004290201e027c89
:10c630003800c28f05004224000042900012020020
:10c640002016027c251062002016027cffff42307b
:10c65000bc8082af3800c28f0600422400004290a6
:10c66000201e027c3800c28f070042240000429046
:10c67000001202002016027c251062002016027ca7
:10c68000ffff4230c08082afb880828fac8082af23
:10c69000bc80828fb08082afc080828fb48082af36
:10c6a000ac80828f2120000026000524213040002c
:10c6b000fe55400f00000000b080828f2120000056
:10c6c0002700052421304000fe55400f00000000e7
:10c6d000b480828f212000002800052421304000f2
:10c6e000fe55400f000000005332400b00000000d8
:10c6f0003800c28f01004224000043900100022450
:10c7000025006214000000001000c0af1400c0af8c
:10c71000d5ff02241000c2a3b880828fff004230f0
:10c720001100c2a3b880828f03120200ff004230c2
:10c730001200c2a3bc80828fff0042301300c2a34c
:10c74000bc80828f03120200ff0042301400c2a39b
:10c75000c080828fff0042301500c2a3c080828f4c
:10c7600003120200ff0042301600c2a3010002249f
:10c770001700c2a31c80828f2120400008000524de
:10c780001000c22721304000df5c400f0000000095
:10c790005332400b000000003800c28f01004224d9
:10c7a00000004390020002246800621000000000b4
:10c7b0003800c28f0100422400004390030002248d
:10c7c00017006214000000001800c0af1c00c0afca
:10c7d000d5ff02241800c2a31900c0a31a00c0a3e9
:10c7e0001b00c0a31c00c0a31d00c0a31e00c0a34b
:10c7f000020002241f00c2a31c80828f2118400067
:10c800001800c227212060000800052421304000c4
:10c81000df5c400f000000005332400b00000000be
:10c820003800c28f0100422400004390040002241b
:10c8300046006210000000003800c28f0100422450
:10c84000000043900500022417006214000000005d
:10c850002000c0af2400c0afd5ff02242000c2a337
:10c860002100c0a32200c0a32300c0a32400c0a3b2
:10c870002500c0a32600c0a3030002242700c2a3f2
:10c880001c80828f211840002000c22721206000d8
:10c890000800052421304000df5c400f000000004c
:10c8a0005332400b000000003800c28f01004224c8
:10c8b00000004390060002242400621400000000df
:10c8c0002800c0af2c00c0afd5ff02242800c2a3af
:10c8d000ac80828fff0042302900c2a3ac80828fdf
:10c8e00003120200ff0042302a00c2a3b080828ff0
:10c8f000ff0042302b00c2a3b080828f03120200df
:10c90000ff0042302c00c2a3b480828fff0042306f
:10c910002d00c2a3b480828f03120200ff004230b8
:10c920002e00c2a3010002242f00c2a31c80828f0c
:10c93000211840002800c22721206000080005249b
:10c9400021304000df5c400f0000000021e8c00300
:10c950003400bf8f3000be8f3800bd270800e003d1
:10c9600000000000e0ffbd271c00bfaf1800beaff5
:10c9700021f0a0032000c4af2110a0002400c2a316
:10c980002000c28f01004224000042901700401492
:10c9900000000000bb41400f000000002884828f8f
:10c9a000212000006000052421304000fe55400f8a
:10c9b000000000001084828f212000006100052407
:10c9c00021304000fe55400f000000003084828f6f
:10c9d000212000006200052421304000fe55400f58
:10c9e000000000001133400b000000002000c28f47
:10c9f000010042240000439001000224230062143d
:10ca0000000000001000c0af1400c0afd6ff022429
:10ca10001000c2a32884828fff0042301100c2a3fd
:10ca20002884828f03120200ff0042301200c2a34a
:10ca30001084828fff0042301300c2a31084828fc3
:10ca400003120200ff0042301400c2a33084828f20
:10ca5000ff0042301500c2a33084828f031202000f
:10ca6000ff0042301600c2a31c80828f21204000ac
:10ca7000070005241000c22721304000df5c400f72
:10ca8000000000001133400b000000002000c28fa6
:10ca90000100422400004390050002242700621494
:10caa000000000002000c28f0200422400004290db
:10cab000201e027c2000c28f03004224000042900e
:10cac000001202002016027c251062002016027c53
:10cad000288482af2000c28f0400422400004290cc
:10cae000201e027c2000c28f0500422400004290dc
:10caf000001202002016027c251062002016027c23
:10cb0000108482af2000c28f0600422400004290b1
:10cb1000201e027c2000c28f0700422400004290a9
:10cb2000001202002016027c251062002016027cf2
:10cb3000308482af1133400b000000002000c28f10
:10cb400001004224000043900a0002243d006214c8
:10cb5000000000002000c28f02004224000042902a
:10cb600010004014000000002000c28f0300422487
:10cb70000000429006004014000000002884828fcc
:10cb800001004224288482af1133400b00000000d2
:10cb90002884828fffff4224288482af1133400b08
:10cba000000000002000c28f0200422400004390d9
:10cbb0000100022410006214000000002000c28f57
:10cbc00003004224000042900600401400000000d0
:10cbd0001084828f01004224108482af1133400bf5
:10cbe000000000001084828fffff4224108482af77
:10cbf0001133400b000000002000c28f02004224cd
:10cc000000004390020002240e00621400000000a5
:10cc10002000c28f0300422400004290060040140e
:10cc2000000000003084828f01004224308482aff3
:10cc30001133400b000000003084828fffff42243c
:10cc4000308482af21e8c0031c00bf8f1800be8f64
:10cc50002000bd270800e00300000000d0ffbd2732
:10cc60002c00bfaf2800beaf21f0a0033000c4af3e
:10cc70002110a0003400c2a33000c28f0100422462
:10cc80000000429006004014000000000080023cba
:10cc90005c0f4224280040ac3034400b0000000000
:10cca0003000c28f010042240000439001000224a2
:10ccb0007f00621400000000d883828f01004230a0
:10ccc0000500401000000000d883828f020042302f
:10ccd00003004014000000003034400b000000004e
:10cce0006082828f03004010000000003034400b4f
:10ccf000000000000080023c5c0f42242800438cae
:10cd00000100022403006214000000003034400bd4
:10cd1000000000008c82828f030042280300401034
:10cd2000000000003034400b000000003000c28fd3
:10cd30000200422400004290211840003000c28fbf
:10cd400003004224000042900012020025186200f5
:10cd50003000c28f04004224000042900014020000
:10cd6000251862003000c28f050042240000429066
:10cd70000016020025106200000082442000804658
:10cd8000000002441000c2af3000c28f06004224ef
:10cd900000004290201e027c3000c28f0700422417
:10cda00000004290001202002016027c2510620052
:10cdb0002016027cffff4230000882446008804653
:10cdc000000802441400c2af0080023c5c0f422401
:10cdd0000c00438cc083828f000082442000804678
:10cde00000000244000883440000824441080046d9
:10cdf000000802441c00c2af1c00c28f000882441d
:10ce00006108004600080244000863440060824450
:10ce10000060e3444f7c400f00000000000002442b
:10ce200000006344000082440000e34420002046e8
:10ce30000000024421184000029d023c3cf0428c5c
:10ce400000088344000082443c0001460a0000457b
:10ce500000000000c083828f000882446008804682
:10ce60000008024400608244f067400f00000000a8
:10ce7000a433400b000000000080023c5c0f422401
:10ce80000c00428c00608244f067400f00000000fc
:10ce90001000ccc71400cec7fc67400f0000000094
:10cea00003000224fc8282af3034400b00000000fb
:10ceb0003000c28f0100422400004390020002248f
:10cec000050062140000000002000224608282afac
:10ced0003034400b000000003000c28f01004224bb
:10cee000000043900300022475006214000000005b
:10cef000d883828f010042300500401000000000fe
:10cf0000d883828f020042300300401400000000ea
:10cf10003034400b000000006082828f030040101c
:10cf2000000000003034400b000000000080023c94
:10cf30005c0f42242800438c010002240300621489
:10cf4000000000003034400b000000008c82828f13
:10cf50000300422803004010000000003034400b62
:10cf6000000000003000c28f020042240000429006
:10cf7000211840003000c28f03004224000042907c
:10cf800000120200251862003000c28f0400422403
:10cf90000000429000140200251862003000c28f89
:10cfa0000500422400004290001602002510620095
:10cfb0001800c2af3000c28f060042240000429029
:10cfc000201e027c3000c28f0700422400004290e5
:10cfd000001202002016027c251062002016027c3e
:10cfe000ffff4230548282af1800c28f80130200cc
:10cff000e745033c73b26334180043001018000087
:10d00000431b0300c317020023106200508282af4b
:10d010005082828f0000824420008046000002443b
:10d020002000c2af2000c28f000882446108004681
:10d030000008024400086344006082440060e34446
:10d040004f7c400f000000000000024400006344d9
:10d05000000082440000e344200020460000024417
:10d0600021184000029d023c50f0428c000883448d
:10d07000000082444308004600080244000882443d
:10d080004d08004600080244548282af5482828fc9
:10d090000300401c0000000001000224548282af03
:10d0a0006082828f02004014000000005c8280af2a
:10d0b00001000224608282af03000224fc8282af5e
:10d0c00021e8c0032c00bf8f2800be8f3000bd2791
:10d0d0000800e00300000000e8ffbd271400bfaf18
:10d0e0001000beaf21f0a0031800c4af2110a000b3
:10d0f0001c00c2a31800c28f01004224000042900d
:10d10000050040140000000001000224848282af68
:10d110008e34400b000000001800c28f0100422432
:10d120000000439001000224430062100000000050
:10d130001800c28f01004224000043900200022424
:10d14000050062140000000001000224b48282afd6
:10d150008e34400b000000001800c28f01004224f2
:10d160000000439003000224060062140000000047
:10d17000ac8280af01000224b08282af8e34400bbb
:10d18000000000001800c28f0100422400004390fc
:10d1900004000224050062140000000001000224c3
:10d1a000d08282af8e34400b000000001800c28f86
:10d1b0000100422400004390050002241e0062107a
:10d1c000000000001800c28f0100422400004390bc
:10d1d000060002241800621400000000d883828f29
:10d1e0000100423003004014000000008e34400b68
:10d1f00000000000fc82838f080002240c006210f3
:10d2000000000000d883828f4408027cd88382af5c
:10d21000d883828f01000324c418627cd88382af34
:10d22000773c400f0000000008000224fc8282af1f
:10d2300001000224d48282af21e8c0031400bf8f12
:10d240001000be8f1800bd270800e003000000009a
:10d25000f8ffbd270400beaf21f0a0030800c4af53
:10d260002110a0000c00c2a30800c28f01004224bc
:10d270000000429009004014000000000800c28f26
:10d2800006004224000043900100022403006214bf
:10d290000000000001000224848282af21e8c00364
:10d2a0000400be8f0800bd270800e0030000000056
:10d2b000e0ffbd271c00bfaf1800beaf21f0a003e8
:10d2c0002000c4af2110a0002400c2a32000c28f00
:10d2d00001004224000042901a00401400000000a7
:10d2e0002000c28f05004224000042902118400017
:10d2f000f083828f07006214000000002000c28fbc
:10d300000500422400004290f08382afc934400bf4
:10d31000000000002000c28f05004224000042905f
:10d32000f08382aff083828f212000000800052463
:10d3300021304000fe55400f00000000e934400b52
:10d34000000000002000c28f010042240000439032
:10d350000100022413006214000000001000c0af9e
:10d360001400c0afc7ff02241000c2a31100c0a365
:10d37000400002241200c2a31300c0a3f083828fd6
:10d38000ff0042301400c2a31c80828f2120400085
:10d39000050005241000c22721304000df5c400f4b
:10d3a0000000000021e8c0031c00bf8f1800be8fe2
:10d3b0002000bd270800e00300000000d8ffbd27c3
:10d3c0002400bfaf2000beaf21f0a0032800c4afef
:10d3d0002110a0002c00c2a32800c28f010042240b
:10d3e0000000429014004014000000002800c28f8a
:10d3f0000200422400004290388182af3881838f3e
:10d40000010002240700621400000000d883828f0c
:10d41000010003248431627cd88382af1f36400b25
:10d4200000000000d883828f8431027cd88382afd1
:10d430001f36400b000000002800c28f010042246c
:10d4400000004390010002243c0062140000000030
:10d450002800c28f02004224000042900f004014b6
:10d46000000000001200042421280000c956400fcb
:10d470000000000011000424a5000524c956400f37
:10d48000000000002800c28f0200422400004290e9
:10d490003c8182af1f36400b000000002800c28f85
:10d4a0000200422400004390020002240f00621494
:10d4b000000000001200042420000524c956400f7b
:10d4c00000000000110004248e000524c956400ffe
:10d4d000000000002800c28f020042240000429099
:10d4e0003c8182af1f36400b000000002800c28f35
:10d4f00002004224000043900a000224df0062146c
:10d50000000000001200042421280000c956400f2a
:10d510000000000011000424b5000524c956400f86
:10d52000000000002800c28f020042240000429048
:10d530003c8182af1f36400b000000002800c28fe4
:10d5400001004224000043900200022408006214fb
:10d5500000000000708280af6c8280af688280af74
:10d5600001000224648282af1f36400b00000000dd
:10d570002800c28f010042240000439003000224cf
:10d5800011006214000000002800c28f0200422433
:10d59000000042901000c2af2800c28f0300422456
:10d5a000000042901400c2af1000c38f1400c28f5d
:10d5b0002120600021284000c956400f00000000d3
:10d5c0001f36400b000000002800c28f01004224db
:10d5d00000004390040002241a00621400000000be
:10d5e000d883828f02004230030040100000000008
:10d5f0001f36400b00000000fc82838f03000224d2
:10d6000003006214000000001f36400b0000000001
:10d61000fc82838f040002240300621400000000d7
:10d620001f36400b00000000fc8280af532c400fdf
:10d6300000000000ee36400f000000001f36400bd7
:10d64000000000002800c28f010042240000439027
:10d65000050002242100621400000000d883828f9c
:10d660000200423003004010000000001f36400b53
:10d6700000000000fc82838f030002240300621478
:10d68000000000001f36400b00000000fc82838f6a
:10d690000400022403006214000000001f36400b47
:10d6a00000000000fc8280af532c400f00000000ff
:10d6b00001000224c08282af3881828f6f00401443
:10d6c00000000000d883828f010003248431627c33
:10d6d000d88382af1f36400b000000002800c28fa5
:10d6e000010042240000439007000224400062141d
:10d6f000000000002800c28f020042240000439076
:10d70000010002241f00621400000000d883828ff1
:10d71000010003240484627cd88382af82bf033c6f
:10d720000070628cc47b027c007062ac86bf033cdc
:10d7300010016294010004244429827c100162a437
:10d7400086bf033c1002629401000424c439827c29
:10d75000100262a486bf033c1003629401000424fb
:10d760004429827c100362a486bf033c10016294aa
:10d7700001000424c439827c100162a41f36400bce
:10d7800000000000d883828f0484027cd88382af9b
:10d7900082bf033c0070628c01000424c47b827c45
:10d7a000007062ac86bf033c100162944429027c85
:10d7b000100162a486bf033c10026294c439027c4b
:10d7c000100262a486bf033c10036294010004248b
:10d7d0004429827c100362a486bf033c100162943a
:10d7e000c439027c100162a41f36400b0000000007
:10d7f0002800c28f01004224000043900a00022446
:10d800000600621400000000788280af010002244c
:10d81000748282af1f36400b000000002800c28fc8
:10d8200001004224000043900b0002240600621411
:10d8300000000000808280af010002247c8282af61
:10d840001f36400b000000002800c28f0100422458
:10d85000000043904d000224080062140000000004
:10d8600025000324211000001a006200f40140008a
:10d8700010100000121000001800c2af21e8c00311
:10d880002400bf8f2000be8f2800bd270800e003c2
:10d8900000000000f8ffbd270400beaf21f0a00388
:10d8a0000800c4af2110a0000c00c2a30800c28f62
:10d8b00001004224000042900400401400000000d7
:10d8c000cc8280af4e36400b000000000800c28fb3
:10d8d000010042240000439001000224050062146c
:10d8e0000000000001000224cc8282af4e36400bc3
:10d8f000000000000800c28f010042240000439095
:10d900000a0002240400621400000000d08280afec
:10d910004e36400b000000000800c28f0100422478
:10d92000000043900b00022403006214000000007a
:10d9300001000224d08282af21e8c0030400be8f20
:10d940000800bd270800e00300000000e0ffbd273d
:10d950001c00bfaf1800beaf21f0a0031000c0af85
:10d960001400c0af0881828f8d28033ccbf0633454
:10d97000180043001018000003190300c317020029
:10d98000231062002016027ce68282a72881828f03
:10d990002016027ce88282a74484828feb51033cec
:10d9a0001f8563341800430010180000831903001a
:10d9b000c3170200231062002014027cea8282a3b3
:10d9c0004884828feb51033c1f8563341800430069
:10d9d0001018000083190300c3170200231062000f
:10d9e0002014027ceb8282a3f083838f0100022447
:10d9f0000d00621400000000ea828283ff004230c2
:10da000023100200ff0042302014027cea8282a32d
:10da1000eb828283ff00423023100200ff0042307d
:10da20002014027ceb8282a3e48282931000c2a3c2
:10da3000e6828287ff0042301100c2a3e68282871d
:10da4000031202002016027cff0042301200c2a323
:10da5000e8828287ff0042301300c2a3e8828287f7
:10da6000031202002016027cff0042301400c2a301
:10da7000ea828283ff0042301500c2a3eb828283d8
:10da8000ff0042301600c2a32c80828f212040006c
:10da9000070005241000c22721304000195c400f08
:10daa0000000000021e8c0031c00bf8f1800be8fdb
:10dab0002000bd270800e00300000000e0ffbd27b4
:10dac0001c00bfaf1800beaf21f0a0031000c0af14
:10dad0001400c0afe482829327100200ff0042309e
:10dae0001000c2a3e6828287ff00423027100200a6
:10daf000ff0042301100c2a3e682828703120200b7
:10db00002016027cff00423027100200ff00423046
:10db10001200c2a3e8828287ff0042302710020071
:10db2000ff0042301300c2a3e88282870312020082
:10db30002016027cff00423027100200ff00423016
:10db40001400c2a3ea828283ff0042302710020041
:10db5000ff0042301500c2a3eb828283ff004230f7
:10db600027100200ff0042301600c2a33080828fcf
:10db700021204000070005241000c227213040006a
:10db8000195c400f00000000e482829301004224ef
:10db9000ff004230e48282a3e4828293e48282a383
:10dba00021e8c0031c00bf8f1800be8f2000bd27d6
:10dbb0000800e00300000000f8ffbd270400beaf2e
:10dbc00021f0a003c083838f0c00023c01a04234eb
:10dbd0002a1062001300401400000000c083838fed
:10dbe000e6ff023c00c0423421106200c08382afd5
:10dbf000c083828f248182afc083828f8d28033cb3
:10dc0000cbf0633418004300101800000319030020
:10dc1000c317020023106200288182aff136400b47
:10dc20000000000000000000c083838ff3ff023c6f
:10dc3000006042342a10620013004010000000000f
:10dc4000c083838f1900023c0040423421106200df
:10dc5000c08382afc083828f248182afc083828fd2
:10dc60008d28033ccbf063341800430010180000eb
:10dc700003190300c317020023106200288182af3a
:10dc80000a37400b000000000000000001000224e1
:10dc9000708182af21e8c0030400be8f0800bd2759
:10dca0000800e00300000000e0ffbd271c00bfaf3c
:10dcb0001800beaf21f0a0032000c4af2110a000c7
:10dcc0002400c2a32000c28f010042240000429021
:10dcd0000c00401400000000fc8280af83bf023cb7
:10dce000e0a040ac83bf023ce0a140ac83bf023c5b
:10dcf000e0a240ac532c400f000000009a37400bcc
:10dd0000000000002000c28f010042240000439068
:10dd1000010002245400621400000000148480af4b
:10dd2000fc8280af3c2c400f000000002000c28f1e
:10dd30000200422400004290201e027c2000c28f7c
:10dd40000300422400004290001202002016027cd0
:10dd5000251062002016027c1000c2af2000c28f86
:10dd600004004224000042901400c2af1400c28f8d
:10dd70000a004014000000001000c38f83bf023c63
:10dd8000e0a043ac83bf023ce0a140ac83bf023cb7
:10dd9000e0a240ac9a37400b000000001400c38f93
:10dda000010002240a0062140000000083bf023c4c
:10ddb000e0a040ac1000c38f83bf023ce0a143aca5
:10ddc00083bf023ce0a240ac9a37400b0000000049
:10ddd0001400c38f020002240a0062140000000035
:10dde00083bf023ce0a040ac83bf023ce0a140ac5a
:10ddf0001000c38f83bf023ce0a243ac9a37400bb4
:10de0000000000001400c38f0300022410006214fd
:10de1000000000001000c28f0a00422421184000b8
:10de200083bf023ce0a043ac1000c28f1400422428
:10de30002118400083bf023ce0a143ac1000c38f17
:10de400083bf023ce0a243ac9a37400b00000000c5
:10de500083bf023ce0a040ac83bf023ce0a140ace9
:10de600083bf023ce0a240ac21e8c0031c00bf8f8e
:10de70001800be8f2000bd270800e003000000004e
:10de8000d8ffbd272400bfaf2000beaf21f0a00304
:10de90002800c4af83bf023c10a1428c1800c2af5f
:10dea0001800c28f5555033c565563341800430083
:10deb00010180000c3170200231062001800c2af40
:10dec000148480affc8280af3c2c400f0000000027
:10ded0002800c38f02000224050062100000000029
:10dee000bb41400f000000003c2c400f0000000030
:10def0001800c28f000082442000804600000344c6
:10df0000029d023cb0ee428c000883440000824433
:10df10004008004600080244029d033cb4ee638cb6
:10df200000088244000083443e000146060001458b
:10df300000000000000882444d080046000802442a
:10df4000db37400b000000000000824400088344df
:10df500001000146000002440080033c00008244ae
:10df60000d000046000002442510430083bf033c1f
:10df7000e0a062ac83bf023ce0a140ac83bf023ca6
:10df8000e0a240ac1000c0aff137400b0000000031
:10df90001400c0afea37400b000000001400c28f2d
:10dfa000010042241400c2af1400c28f2c01422889
:10dfb000faff4014000000001000c28f010042244c
:10dfc0001000c2af1000c28fe8034228f0ff4014d7
:10dfd000000000001800c28f0008824460088046dc
:10dfe00000080344029d023cb8ee428c00008344ca
:10dff000000882440000014600000244029d033ce8
:10e00000b4ee638c00008244000883443e0900465d
:10e010000600054500000000000082440d00004697
:10e02000000002441438400b000000000008824445
:10e030000000834441080046000802440080033c7d
:10e04000000882444d0800460008024425104300a1
:10e0500083bf033ce0a062ac83bf023ce0a140acc4
:10e0600083bf023ce0a240ac1000c0af2a38400b96
:10e07000000000001400c0af2338400b0000000077
:10e080001400c28f010042241400c2af1400c28fda
:10e090002c014228faff4014000000001000c28f3b
:10e0a000010042241000c2af1000c28fe8034228d2
:10e0b000f0ff4014000000001800c28f00008244ee
:10e0c0002000804600000344029d023cbcee428cce
:10e0d00000088344000082444008004600080244cf
:10e0e000029d033cb4ee638c00088244000083442c
:10e0f0003e02014606000945000000000008824477
:10e100004d080046000802444d38400b0000000056
:10e1100000008244000883440100014600000244dc
:10e120000080033c000082440d00004600000244d1
:10e130002510430083bf033ce0a062ac83bf023cd8
:10e14000e0a140ac83bf023ce0a240ac1000c0aff5
:10e150006338400b000000001400c0af5c38400b77
:10e16000000000001400c28f010042241400c2af5e
:10e170001400c28f2c014228faff40140000000056
:10e180001000c28f010042241000c2af1000c28fe5
:10e19000e8034228f0ff4014000000001800c28f7e
:10e1a000000882446008804600080344029d023c47
:10e1b000c0ee428c00008344000882440000014607
:10e1c00000000244029d033cb4ee638c00008244d4
:10e1d000000883443e0b004606000d450000000089
:10e1e000000082440d000046000002448638400bc7
:10e1f00000000000000882440000834441080046fb
:10e20000000802440080033c000882444d08004698
:10e21000000802442510430083bf033ce0a062ac29
:10e2200083bf023ce0a140ac83bf023ce0a240ac13
:10e230001000c0af9c38400b000000001400c0afbd
:10e240009538400b000000001400c28f01004224ea
:10e250001400c2af1400c28f58024228faff4014c3
:10e26000000000001000c28f010042241000c2af65
:10e270001000c28fe8034228f0ff401400000000a5
:10e280002800c38f01000224030062140000000074
:10e2900001000224948382af2800c38f020002246d
:10e2a000080062140000000083bf023c30b2438cbf
:10e2b0006481828f23106200188482afb338400bd0
:10e2c00000000000725f400f000000000100022407
:10e2d000148482af83bf023ce0a040ac83bf023c09
:10e2e000e0a140ac83bf023ce0a240ac21e8c00307
:10e2f0002400bf8f2000be8f2800bd270800e00348
:10e3000000000000c0ffbd273c00bfaf3800beaf1b
:10e3100021f0a0031400c0af140002243000c2afeb
:10e320003000c28f401002003000c2af1800c0aff2
:10e330001c00c0af2000c0af2400c0af2800c0af99
:10e340002c00c0af83bf023ce0a040ac83bf023cc6
:10e35000e0a140ac83bf023ce0a240ac3c2c400fab
:10e36000000000001000c0af0039400b00000000aa
:10e370000000000088bf023cc070428c01004230a7
:10e38000fcff4010000000000000000088bf023cbd
:10e39000c070428c02004230fcff401000000000c0
:10e3a0000000000088bf023cc070428c0400423074
:10e3b000fcff4010000000001800c38f88bf023c23
:10e3c0000076428c211062001800c2af1c00c38f7f
:10e3d00088bf023c1076428c211062001c00c2af44
:10e3e0002000c38f88bf023c2076428c211062003f
:10e3f0002000c2af1000c28f010042241000c2af43
:10e400001000c28f64004228d9ff401400000000b1
:10e410001800c28feb51033c1f8563341800430082
:10e420001018000043190300c317020023106200f4
:10e430001800c2af1c00c28feb51033c1f85633430
:10e44000180043001018000043190300c31702000e
:10e45000231062001c00c2af2000c28feb51033cae
:10e460001f8563341800430010180000431903008f
:10e47000c3170200231062002000c2af3000c38f18
:10e4800083bf023ce0a043ac83bf023ce0a140acb0
:10e4900083bf023ce0a240ac1000c0af3739400b54
:10e4a000000000000000000088bf023cc070428ce9
:10e4b00001004230fcff4010000000002400c38f28
:10e4c00088bf023c0076428c211062002400c2af5b
:10e4d0001000c28f010042241000c2af1000c28f92
:10e4e00064004228efff40140000000083bf023c9c
:10e4f000e0a040ac83bf023ce0a140ac83bf023c43
:10e50000e0a240ac1000c0af4739400b0000000053
:10e510001000c28f010042241000c2af1000c28f51
:10e52000e8034228faff40140000000083bf023cc9
:10e53000e0a040ac3000c38f83bf023ce0a143acfd
:10e5400083bf023ce0a240ac1000c0af6339400b77
:10e55000000000000000000088bf023cc070428c38
:10e5600002004230fcff4010000000002800c38f72
:10e5700088bf023c1076428c211062002800c2af96
:10e580001000c28f010042241000c2af1000c28fe1
:10e5900064004228efff40140000000083bf023ceb
:10e5a000e0a040ac83bf023ce0a140ac83bf023c92
:10e5b000e0a240ac1000c0af7339400b0000000077
:10e5c0001000c28f010042241000c2af1000c28fa1
:10e5d000e8034228faff40140000000083bf023c19
:10e5e000e0a040ac83bf023ce0a140ac3000c38f50
:10e5f00083bf023ce0a243ac1000c0af8f39400b98
:10e60000000000000000000088bf023cc070428c87
:10e6100004004230fcff4010000000002c00c38fbb
:10e6200088bf023c2076428c211062002c00c2afd1
:10e630001000c28f010042241000c2af1000c28f30
:10e6400064004228efff40140000000083bf023c3a
:10e65000e0a040ac83bf023ce0a140ac83bf023ce1
:10e66000e0a240ac2400c28feb51033c1f85633411
:10e67000180043001018000043190300c3170200dc
:10e68000231062002400c2af2800c28feb51033c6c
:10e690001f8563341800430010180000431903005d
:10e6a000c3170200231062002800c2af2c00c28fe3
:10e6b000eb51033c1f856334180043001018000021
:10e6c00043190300c3170200231062002c00c2afdd
:10e6d0001800c38f2400c28f23106200c31f0200e2
:10e6e00026106200231043009c8382af1c00c38f5e
:10e6f0002800c28f23106200c31f02002610620090
:10e7000023104300a08382af2000c38f2c00c28f50
:10e7100023106200c31f0200261062002310430072
:10e72000a48382af9c83828f05004228040040109e
:10e73000000000001400c28f010042241400c2af88
:10e74000a083828f050042280400401000000000d2
:10e750001400c28f020042241400c2afa483828f2f
:10e760000500422804004010000000001400c28f81
:10e77000040042241400c2af532c400f00000000dc
:10e780001400c28f21e8c0033c00bf8f3800be8f49
:10e790004000bd270800e00300000000d8ffbd27af
:10e7a0002400bfaf2000beaf21f0a0031400c0af13
:10e7b0001800c0af83bf023ce0a040ac83bf023c66
:10e7c000e0a140ac83bf023ce0a240ac3c2c400f37
:10e7d000000000001000c0affb39400b000000003b
:10e7e0001000c28f010042241000c2af1000c28f7f
:10e7f000204e4228faff4014000000001800c0af6d
:10e800001000c0af1e3a400b0000000086bf023c63
:10e810002004428c0020423004004014000000001c
:10e820001800c28f010042241800c2af86bf023c0c
:10e830002001428c1000423004004014000000000f
:10e840001800c28f010042241800c2af86bf023cec
:10e850002002428c400042300400401400000000be
:10e860001800c28f010042241800c2af1000c28fee
:10e87000010042241000c2af1000c28f6400422881
:10e88000e2ff4014000000001800c28f330042284d
:10e8900004004014000000001400c28f080042244d
:10e8a0001400c2af83bf033cd0a0628c02000424da
:10e8b0008439827cd0a062ac83bf033cd0a1628c3f
:10e8c0008439027cd0a162ac83bf033cd0a2628cad
:10e8d0008439027cd0a262ac83bf023c00030324d3
:10e8e000d8a043ac83bf023c00030324d8a143acaf
:10e8f00083bf023c00030324d8a243ac1800c0af7e
:10e900001000c0af4d3a400b0000000086bf023c33
:10e910002004428c4003427cff0042301800c38f29
:10e92000211062001800c2af1000c28f0100422403
:10e930001000c2af1000c28f32004228f3ff401413
:10e940000000000083bf023c00030324d4a043acba
:10e9500083bf023c00030324d4a143ac83bf023c29
:10e9600000030324d4a243ac1000c0af603a400bb4
:10e97000000000001000c28f010042241000c2af4e
:10e980001000c28fe8034228faff40140000000084
:10e990001800c28f1a004228040040140000000032
:10e9a0001400c28f010042241400c2af83bf033c95
:10e9b000d0a0628c8439027cd0a062ac83bf033cbf
:10e9c000d0a1628c020004248439827cd0a162ac84
:10e9d00083bf033cd0a2628c8439027cd0a262ac9b
:10e9e00083bf023c00030324d8a043ac83bf023c96
:10e9f00000030324d8a143ac83bf023c00030324db
:10ea0000d8a243ac1800c0af1000c0af8f3a400b83
:10ea10000000000086bf023c2001428c0001427cc5
:10ea2000ff0042301800c38f211062001800c2afef
:10ea30001000c28f010042241000c2af1000c28f2c
:10ea400032004228f3ff40140000000083bf023c64
:10ea500000030324d4a043ac83bf023c000303247f
:10ea6000d4a143ac83bf023c00030324d4a243ac33
:10ea70001000c0afa23a400b000000001000c28f8f
:10ea8000010042241000c2af1000c28fe8034228e8
:10ea9000faff4014000000001800c28f1a0042283c
:10eaa00004004014000000001400c28f0200422441
:10eab0001400c2af83bf033cd0a0628c8439027cb7
:10eac000d0a062ac83bf033cd0a1628c8439027cad
:10ead000d0a162ac83bf033cd0a2628c02000424ac
:10eae0008439827cd0a262ac83bf023c0003032441
:10eaf000d8a043ac83bf023c00030324d8a143ac9d
:10eb000083bf023c00030324d8a243ac1800c0af6b
:10eb10001000c0afd13a400b0000000086bf023c9d
:10eb20002002428c8001427cff0042301800c38fdb
:10eb3000211062001800c2af1000c28f01004224f1
:10eb40001000c2af1000c28f32004228f3ff401401
:10eb50000000000083bf023c00030324d4a043aca8
:10eb600083bf023c00030324d4a143ac83bf023c17
:10eb700000030324d4a243ac1000c0afe43a400b1e
:10eb8000000000001000c28f010042241000c2af3c
:10eb90001000c28fe8034228faff40140000000072
:10eba0001800c28f1a004228040040140000000020
:10ebb0001400c28f040042241400c2af532c400f33
:10ebc000000000001400c28f21e8c0032400bf8fa2
:10ebd0002000be8f2800bd270800e00300000000d1
:10ebe00090ffbd276c00bfaf6800beaf21f0a0034f
:10ebf0002c0102242c00c2af3c2c400f000000006e
:10ec0000c083828f3000c2af83bf023ce0a040ac23
:10ec10002c00c38f83bf023ce0a143ac83bf023c06
:10ec2000e0a240ac1c00c0af2000c0af1000c0afdd
:10ec3000273b400b000000000000000088bf023ca2
:10ec4000c070428c01004230fcff40100000000008
:10ec50000000000088bf023cc070428c02004230bd
:10ec6000fcff4010000000001c00c38f88bf023c66
:10ec70000076428c211062001c00c2af2000c38fbe
:10ec800088bf023c1076428c211062002000c2af87
:10ec90001000c28f010042241000c2af1000c28fca
:10eca000e8034228e4ff4014000000001c00c28f6b
:10ecb0006210033cd34d6334180043001018000069
:10ecc00083190300c3170200231862002884828f6f
:10ecd000231062001c00c2af2000c28f6210033cf0
:10ece000d34d63341800430010180000831903004b
:10ecf000c3170200231862001084828f2310620061
:10ed00002000c2af1c00c28f231802002000c28f57
:10ed1000231062003400c2afc083828f3800c2afbc
:10ed2000c083828f3c00c2af83bf023ce0a040acf6
:10ed300083bf023ce0a140ac2c00c38f83bf023ce8
:10ed4000e0a243ac2400c0af2800c0af1000c0afa9
:10ed50006f3b400b000000000000000088bf023c39
:10ed6000c070428c01004230fcff401000000000e7
:10ed70000000000088bf023cc070428c020042309c
:10ed8000fcff4010000000002400c38f88bf023c3d
:10ed90000076428c211062002400c2af2800c38f8d
:10eda00088bf023c1076428c211062002800c2af5e
:10edb0001000c28f010042241000c2af1000c28fa9
:10edc000e8034228e4ff4014000000002400c28f42
:10edd0006210033cd34d6334180043001018000048
:10ede00083190300c3170200231862002884828f4e
:10edf000231062002400c2af2800c28f6210033cbf
:10ee0000d34d633418004300101800008319030029
:10ee1000c3170200231862001084828f231062003f
:10ee20002800c2af2400c28f231802002800c28f1e
:10ee3000231062004000c2afc083828f4400c2af83
:10ee4000c083828f4800c2af2c00c38f83bf023cb7
:10ee5000e0a043ac83bf023ce0a140ac83bf023cd6
:10ee6000e0a240ac1400c0af1800c0af1000c0afab
:10ee7000b73b400b000000000000000088bf023cd0
:10ee8000c070428c01004230fcff401000000000c6
:10ee90000000000088bf023cc070428c020042307b
:10eea000fcff4010000000001400c38f88bf023c2c
:10eeb0000076428c211062001400c2af1800c38f8c
:10eec00088bf023c1076428c211062001800c2af4d
:10eed0001000c28f010042241000c2af1000c28f88
:10eee000e8034228e4ff4014000000001400c28f31
:10eef0006210033cd34d6334180043001018000027
:10ef000083190300c3170200231862002884828f2c
:10ef1000231062001400c2af1800c28f6210033cbd
:10ef2000d34d633418004300101800008319030008
:10ef3000c3170200231862001084828f231062001e
:10ef40001800c2af1400c28f231802001800c28f2d
:10ef5000231062004c00c2afc083828f5000c2af4a
:10ef60006000c0af6400c0afc1ff02246000c2a354
:10ef70006100c0a31c00c28fff0042306200c2a328
:10ef80001c00c28f03120200ff0042306300c2a3c4
:10ef90002000c28fff0042306400c2a32000c28f55
:10efa00003120200ff0042306500c2a33400c28f8a
:10efb000ff0042306600c2a33400c28f0312020079
:10efc000ff0042306700c2a31c80828f21184000de
:10efd0006000c22721206000080005242130400085
:10efe000df5c400f00000000c1ff02246000c2a3ec
:10eff000010002246100c2a32400c28fff0042303e
:10f000006200c2a32400c28f03120200ff0042303c
:10f010006300c2a32800c28fff0042306400c2a375
:10f020002800c28f03120200ff0042306500c2a315
:10f030004000c28fff0042306600c2a34000c28f72
:10f0400003120200ff0042306700c2a31c80828fbf
:10f05000211840006000c22721206000080005241c
:10f0600021304000df5c400f00000000c1ff02249f
:10f070006000c2a3020002246100c2a31400c28f78
:10f08000ff0042306200c2a31400c28f03120200cc
:10f09000ff0042306300c2a31800c28fff0042305d
:10f0a0006400c2a31800c28f03120200ff004230a6
:10f0b0006500c2a34c00c28fff0042306600c2a3ad
:10f0c0004c00c28f03120200ff0042306700c2a34f
:10f0d0001c80828f211840006000c2272120600020
:10f0e0000800052421304000df5c400f00000000d4
:10f0f0005000c38f4800c28f231062005400c2af7b
:10f100003800c38f3000c28f231062005800c2af96
:10f110004400c38f3c00c28f231062005c00c2af6a
:10f12000c1ff02246000c2a3030002246100c2a345
:10f130005800c28fff0042306200c2a35800c28f45
:10f1400003120200ff0042306300c2a35c00c28fc2
:10f15000ff0042306400c2a35c00c28f03120200b1
:10f16000ff0042306500c2a35400c28fff0042304e
:10f170006600c2a35400c28f03120200ff00423097
:10f180006700c2a31c80828f211840006000c22744
:10f19000212060000800052421304000df5c400f82
:10f1a00000000000532c400f0000000083bf023c11
:10f1b000e0a040ac83bf023ce0a140ac83bf023c76
:10f1c000e0a240ac21e8c0036c00bf8f6800be8f96
:10f1d0007000bd270800e00300000000f8ffbd2715
:10f1e0000400beaf21f0a003848380af888380af8a
:10f1f0008c8380af908380af83bf023c00030324e5
:10f20000d4a043ac83bf023c00030324d4a143ac8d
:10f2100083bf023c00030324d4a243ac21e8c00313
:10f220000400be8f0800bd270800e00300000000b6
:10f23000f8ffbd270400beaf21f0a00383bf023c4e
:10f2400000030324d4a043ac83bf023c0003032487
:10f25000d4a143ac83bf023c00030324d4a243ac3b
:10f2600021e8c0030400be8f0800bd270800e003aa
:10f2700000000000d8ffbd272400bfaf2000beafb4
:10f2800021f0a0031000c0af1484828f030040144b
:10f2900000000000443d400b000000001884838ff4
:10f2a000c31703008214020021186200ff3f63307d
:10f2b00023106200211840000011030021184000b3
:10f2c0000011030023104300001902002310620004
:10f2d000000082442000804600000344029d023c5e
:10f2e000c4ee428c00088344000082444308004678
:10f2f00000080244000882444d0800460008044407
:10f30000a291023cc5b342341800820010100000e4
:10f3100021104400c31a0200c31704002310620026
:10f3200021184000001103002118400000110300c3
:10f3300023104300001902002318620023108300e9
:10f340001400c2af1400c28f04004104000000008a
:10f350001400c28f100e42241400c2aff083838fba
:10f360000100022406006214000000006883828ffe
:10f37000231002001000c2afe23c400b000000006e
:10f380006883828f1000c2af1000c28f1600400445
:10f39000000000001400c28f84034224a291033ca9
:10f3a000c5b3633418004300101800002118620030
:10f3b000c3220300c31f0200231883002120600022
:10f3c00000190400212060000019040023186400c3
:10f3d0000021030023208300231044001800c2af43
:10f3e0000d3d400b000000001400c28f7cfc422445
:10f3f000a291033cc5b36334180043001018000009
:10f4000021186200c3220300c31f020023188300d7
:10f410002120600000190400212060000019040070
:10f4200023186400002103002320830023104400dc
:10f430001800c2af1800c28f040041040000000091
:10f440001800c28f100e42241800c2affc82838fb6
:10f450000100022425006214000000001000c28f89
:10f46000c31f02001000c28f261062002310430049
:10f47000810742281c004014000000000c81828f8c
:10f4800014004004000000000c81828f1100401c19
:10f4900000000000b483828f01004224b48382af55
:10f4a000b483828fa10f422808004014000000009e
:10f4b000d883828f010003248452627cd88382af78
:10f4c000b48380af383d400b00000000383d400b56
:10f4d00000000000b48380af3b3d400b0000000003
:10f4e0003b3d400b00000000b48380af1000c28f92
:10f4f000c31f02001000c28f2610620023104300b9
:10f50000212040001800c58fce3f400f00000000b2
:10f5100021e8c0032400bf8f2000be8f2800bd2734
:10f520000800e00300000000d8ffbd272400bfafa3
:10f530002000beaf21f0a0031000c0af1484828f62
:10f540000300401400000000cd3d400b000000000f
:10f550006c83828f1800c2aff083838f0100022476
:10f5600006006214000000006883828f23100200ee
:10f570001000c2af613d400b000000006883828f25
:10f580001000c2af1000c28f07004018000000003a
:10f59000b883838f1800c28f21106200b88382afb6
:10f5a000743d400b000000001000c28f07004104b2
:10f5b00000000000b883838f1800c28f2310620000
:10f5c000b88382af743d400b00000000b88380af69
:10f5d000b883828f110e42280400401400000000fe
:10f5e000b883828ff0f14224b88382afb883828fd0
:10f5f000f0f142280400401000000000b883828f20
:10f60000100e4224b88382afb883828f1400c2af39
:10f610001400c28fa291033cc5b3633418004300a9
:10f620001018000021186200c3220300c31f02004b
:10f6300023188300212060000019040021206000ad
:10f640000019040023186400002103002320830014
:10f65000231044001400c2af1400c28f0400410400
:10f66000000000001400c28f100e42241400c2af2c
:10f67000fc82838f09000224250062140000000030
:10f680001000c28fc31f02001000c28f261062003c
:10f6900023104300810742281c0040140000000092
:10f6a0000c81828f14004004000000000c81828fc6
:10f6b0001100401c00000000bc83828f0100422426
:10f6c000bc8382afbc83828fa10f42280800401404
:10f6d00000000000d883828f010003248452627ce2
:10f6e000d88382afbc8380afc13d400b00000000d7
:10f6f000c13d400b00000000bc8380afc43d400b07
:10f7000000000000c43d400b00000000bc8380af3f
:10f710001000c28fc31f02001000c28f26106200ab
:10f7200023104300212040001400c58fce3f400f1e
:10f730000000000021e8c0032400bf8f2000be8f1e
:10f740002800bd270800e00300000000e0ffbd27ff
:10f750001c00bfaf1800beaf21f0a0032000cce713
:10f760002400cee72800c6af2000c28f1000c2af31
:10f770001000c28f000082442100004600000244b5
:10f7800000006344006082440060e3444f7c400f0b
:10f7900000000000000002440000634400088244ae
:10f7a0000008e34460082046000802442118400095
:10f7b0002400c28f00008344000882443c000146bc
:10f7c000040000450000000021100000113e400b25
:10f7d000000000002000c28f1400c2af1400c28fce
:10f7e00000008244210000460000024400006344ff
:10f7f000006082440060e3444f7c400f0000000042
:10f800000000024400006344000882440008e3440e
:10f810006008204600080244211840002800c28fda
:10f8200000008344000882440000014600000244b6
:10f830002000c38f00008344000882440300014677
:10f84000000002440000824421e8c0031c00bf8f76
:10f850001800be8f2000bd270800e0030000000054
:10f86000b8ffbd274400bfaf4000beaf21f0a003ea
:10f870004800cce74c00cee74c00c28f0000824429
:10f880000d000046000002444e1b033cb58163346a
:10f89000180043001018000083190300c31702006a
:10f8a00023106200010042241c00c2af4800c38f35
:10f8b000029d023cc8ee428c000083440008824452
:10f8c0003c0800460400004500000000029d023c88
:10f8d000c8ee428c4800c2af4800c38f029d023c74
:10f8e000ccee428c000083440008824402000146b2
:10f8f00000000344029d023cc8ee428c0000834499
:10f900000008824403000146000003441c00c28f2b
:10f91000c0100200802002002110440000210200db
:10f92000231082004c00c48f000084440d00004668
:10f930000000044423204400009d023c8020040079
:10f9400058124224211082000000428c0008824498
:10f950006008804600080244000083440008824496
:10f960000200014600000344029d023cd0ee428c9e
:10f970000000834400088244030001460000024462
:10f98000000082440d000046000002442000c2af87
:10f990004800c38f029d023cccee428c0008834499
:10f9a000000082444208004600080344029d023cd5
:10f9b000c8ee428c0008834400008244430800469d
:10f9c000000803444c00c28f000882444d080046e2
:10f9d00000080544010004241c00c28f231082008b
:10f9e000c01002008020020021104400002102000b
:10f9f000231082002120a200009d023c80200400f0
:10fa000058124224211082000000428c00008244df
:10fa10002000804600000244000883440000824425
:10fa20004208004600080344029d023cd0ee428c8e
:10fa30000008834400008244430800460008024452
:10fa4000000882444d080046000802442400c2af6a
:10fa5000b80b03242000c28f231862002400c28f39
:10fa6000231062002800c2af1000c0af1400c0af66
:10fa70001800c0af1c00c28f0700422c9f0040102e
:10fa8000000000001c00c28f80180200019d023c93
:10fa9000a4fa4224211062000000428c08004000b9
:10faa00000000000fcfc009dc0fa009d20fb009db2
:10fab00080fb009de0fb009d40fc009da0fc009da4
:10fac0002000c38f2400c28f211862002800c28f3b
:10fad000c2270200211082004310020021106200a0
:10fae0001000c2af2800c28fc21f020021106200a6
:10faf00043100200211840002400c28f2110620030
:10fb00001400c2af2800c28fc21f02002110620081
:10fb1000431002001800c2af3f3f400b000000003e
:10fb20002800c28fc21f0200211062004310020091
:10fb3000211840002000c28f211062001000c2afc7
:10fb40002000c38f2400c28f211862002800c28fba
:10fb5000c22702002110820043100200211062001f
:10fb60001400c2af2800c28fc21f02002110620021
:10fb7000431002001800c2af3f3f400b00000000de
:10fb80002800c28fc21f0200211062004310020031
:10fb90001000c2af2000c38f2400c28f2118620062
:10fba0002800c28fc22702002110820043100200e9
:10fbb000211062001400c2af2800c28fc21f0200d1
:10fbc0002110620043100200211840002400c28f5f
:10fbd000211062001800c2af3f3f400b0000000040
:10fbe0002800c28fc21f02002110620043100200d1
:10fbf0001000c2af2800c28fc21f02002110620095
:10fc000043100200211840002000c28f2110620022
:10fc10001400c2af2000c38f2400c28f21186200dd
:10fc20002800c28fc2270200211082004310020068
:10fc3000211062001800c2af3f3f400b00000000df
:10fc40002800c28fc21f0200211062004310020070
:10fc5000211840002400c28f211062001000c2afa2
:10fc60002800c28fc21f0200211062004310020050
:10fc70001400c2af2000c38f2400c28f211862007d
:10fc80002800c28fc2270200211082004310020008
:10fc9000211062001800c2af3f3f400b000000007f
:10fca0002000c38f2400c28f211862002800c28f59
:10fcb000c2270200211082004310020021106200be
:10fcc0001000c2af2800c28fc21f020021106200c4
:10fcd000431002001400c2af2800c28fc21f0200ee
:10fce0002110620043100200211840002000c28f42
:10fcf000211062001800c2af000000004083848f12
:10fd00008480838f8880828f006084440070834465
:10fd100021304000d33d400f0000000000000344ac
:10fd20008080828f000083440008824402000146e4
:10fd300000000244000082440d000046000002441e
:10fd40002c00c2af4483848f8480838f8880828f0d
:10fd5000006084440070834421304000d33d400f54
:10fd600000000000000003448080828f000883446c
:10fd70000000824442080046000802440008824411
:10fd80004d080046000802443000c2af4883848f0b
:10fd90008480838f8880828f0060844400708344d5
:10fda00021304000d33d400f00000000000003441c
:10fdb0008080828f00008344000882440200014654
:10fdc00000000244000082440d000046000002448e
:10fdd0003400c2af1000c38f2c00c28f211062000c
:10fde0001000c2af1400c38f3000c28f2110620018
:10fdf0001400c2af1800c38f3400c28f21106200fc
:10fe00001800c2af83bf023c10a1428c3800c2afc1
:10fe10003800c28fc21f020021106200431002008e
:10fe20003800c2af1000c38f3800c28f21106200ab
:10fe30001000c2af1400c38f3800c28f21106200bf
:10fe40001400c2af1800c38f3800c28f21106200a7
:10fe50001800c2afc480828f1000c38f2a106200c6
:10fe60000300401000000000c480828f1000c2af69
:10fe7000c480828f1400c38f2a10620003004010d8
:10fe800000000000c480828f1400c2afc480828f43
:10fe90001800c38f2a106200030040100000000009
:10fea000c480828f1800c2afc880828f1000c38fb9
:10feb0002a1043000300401000000000c880828f19
:10fec0001000c2afc880828f1400c38f2a10430075
:10fed0000300401000000000c880828f1400c2aff1
:10fee000c880828f1800c38f2a104300030040107f
:10fef00000000000c880828f1800c2af1000c38fbe
:10ff000083bf023ce0a043ac1400c38f83bf023c1c
:10ff1000e0a143ac1800c38f83bf023ce0a243ac16
:10ff200021e8c0034400bf8f4000be8f4800bd27ba
:10ff30000800e00300000000b8ffbd274400bfaf89
:10ff40004000beaf21f0a0034800c4af4c00c5afd5
:10ff50004c00c28f4e1b033cb58163341800430034
:10ff60001018000083190300c31702002310620059
:10ff7000010042241c00c2af4800c38f81bb023481
:10ff80002a106200030040140000000080bb02340d
:10ff90004800c2af4800c38f2110600080100200eb
:10ffa0008020020021104400802102002110440022
:10ffb00023104300401002006210033cd34d633411
:10ffc000180043001018000083190300c317020033
:10ffd000231862001c00c28fc010020080200200a3
:10ffe0002110440000210200232082004c00c28f17
:10fff00023208200009d023c8020040058124224ed
:020000041d01dc
:10000000211082000000428c021062707605033cd1
:10001000f11963341800430010180000831a03001c
:10002000c3170200231062002000c2af4800c38f34
:100030002110600080100200802002002110440086
:1000400080210200211044002310430040100200d0
:100050006210033cd34d63341800430010180000b5
:1000600083190300c317020023186200010004244f
:100070001c00c28f23108200c010020080200200ea
:100080002110440000210200232082004c00c28f76
:1000900021208200009d023c80200400581242244e
:1000a000211082000000428c021062707605033c31
:1000b000f11963341800430010180000831a03007c
:1000c000c3170200231062002400c2afb80b032440
:1000d0002000c28f231862002400c28f2310620008
:1000e0002800c2af1000c0af1400c0af1800c0afee
:1000f0001c00c28f0700422c9f004010000000002f
:100100001c00c28f80180200019d023c2001422485
:10011000211062000000428c080040000000000036
:100120007803019d3c01019d9c01019dfc01019d05
:100130005c02019dbc02019d1c03019d2000c38f38
:100140002400c28f211862002800c28fc22702003b
:100150002110820043100200211062001000c2af83
:100160002800c28fc21f020021106200431002004b
:10017000211840002400c28f211062001400c2af79
:100180002800c28fc21f020021106200431002002b
:100190001800c2afde40400b000000002800c28ff4
:1001a000c21f02002110620043100200211840000b
:1001b0002000c28f211062001000c2af2000c38f48
:1001c0002400c28f211862002800c28fc2270200bb
:1001d0002110820043100200211062001400c2afff
:1001e0002800c28fc21f02002110620043100200cb
:1001f0001800c2afde40400b000000002800c28f94
:10020000c21f020021106200431002001000c2afa2
:100210002000c38f2400c28f211862002800c28fe3
:10022000c227020021108200431002002110620048
:100230001400c2af2800c28fc21f0200211062004a
:1002400043100200211840002400c28f21106200d8
:100250001800c2afde40400b000000002800c28f33
:10026000c21f020021106200431002001000c2af42
:100270002800c28fc21f020021106200431002003a
:10028000211840002000c28f211062001400c2af6c
:100290002000c38f2400c28f211862002800c28f63
:1002a000c2270200211082004310020021106200c8
:1002b0001800c2afde40400b000000002800c28fd3
:1002c000c21f0200211062004310020021184000ea
:1002d0002400c28f211062001000c2af2800c28f1c
:1002e000c21f020021106200431002001400c2afbe
:1002f0002000c38f2400c28f211862002800c28f03
:10030000c227020021108200431002002110620067
:100310001800c2afde40400b000000002000c38f79
:100320002400c28f211862002800c28fc227020059
:100330002110820043100200211062001000c2afa1
:100340002800c28fc21f0200211062004310020069
:100350001400c2af2800c28fc21f02002110620029
:1003600043100200211840002000c28f21106200bb
:100370001800c2af000000004083848f8480838f08
:100380008880828f00608444007083442130400064
:10039000d33d400f00000000000003448080828fa6
:1003a0000000834400088244020001460000024429
:1003b000000082440d000046000002442c00c2af41
:1003c0004483848f8480838f8880828f00608444fc
:1003d0000070834421304000d33d400f00000000f6
:1003e000000003448080828f000883440000824420
:1003f0004208004600080244000882444d080046b6
:10040000000802443000c2af4883848f8480838f09
:100410008880828f006084440070834421304000d3
:10042000d33d400f00000000000003448080828f15
:100430000000834400088244020001460000024498
:10044000000082440d000046000002443400c2afa8
:100450001000c38f2c00c28f211062001000c2afa9
:100460001400c38f3000c28f211062001400c2af8d
:100470001800c38f3400c28f211062001800c2af71
:1004800083bf023c10a1428c3800c2af3800c28f3b
:10049000c21f020021106200431002003800c2afe8
:1004a0001000c38f3800c28f211062001000c2af4d
:1004b0001400c38f3800c28f211062001400c2af35
:1004c0001800c38f3800c28f211062001800c2af1d
:1004d000c480828f1000c38f2a1062000300401076
:1004e00000000000c480828f1000c2afc480828fe1
:1004f0001400c38f2a1062000300401000000000a7
:10050000c480828f1400c2afc480828f1800c38f52
:100510002a1062000300401000000000c480828f97
:100520001800c2afc880828f1000c38f2a1043000a
:100530000300401000000000c880828f1000c2af8e
:10054000c880828f1400c38f2a104300030040101c
:1005500000000000c880828f1400c2afc880828f64
:100560001800c38f2a104300030040100000000051
:10057000c880828f1800c2af1000c38f83bf023cb7
:10058000e0a043ac1400c38f83bf023ce0a143aca6
:100590001800c38f83bf023ce0a243ac21e8c00334
:1005a0004400bf8f4000be8f4800bd270800e00315
:1005b00000000000f8ffbd270400beaf21f0a0033b
:1005c0007883838f5083848f0080023c80200400d6
:1005d00040654224211082000000428c23186200f2
:1005e0005483828f21106200548382af5083848fa2
:1005f0007883838f0080023c802004004065422481
:1006000021108200000043ac5083828f01004224fd
:10061000508382af5083828f05004228020040142d
:1006200000000000508380af5483828f6666033cd5
:100630006766633418004300101800004318030075
:10064000c317020023106200448482af8083838f2b
:100650005883848f0080023c80200400546542242b
:10066000211082000000428c231862005c83828f7c
:10067000211062005c8382af5883848f8083838fd4
:100680000080023c80200400546542242110820036
:10069000000043ac5883828f01004224588382af0c
:1006a0005883828f05004228020040140000000099
:1006b000588380af5c83828f6666033c67666334d1
:1006c000180043001018000043180300c31702006d
:1006d00023106200488482af21e8c0030400be8f6b
:1006e0000800bd270800e00300000000e0ffbd2770
:1006f0001c00bfaf1800beaf21f0a003fc8280af8a
:1007000083bf023ce0a040ac83bf023ce0a140ac10
:1007100083bf023ce0a240ac3c2c400f0000000034
:100720000c8480af0c84828f2c8482af2c84828fc7
:100730001c8482af1000c0aff741400b00000000e6
:100740000000000088bf023cc070428c01004230b3
:10075000fcff4010000000000000000088bf023cc9
:10076000c070428c02004230fcff401000000000cc
:100770000000000088bf023cc070428c0400423080
:10078000fcff4010000000001c84828f21184000f4
:1007900088bf023c0076428c211062001c8482af2c
:1007a0002c84828f2118400088bf023c1076428c36
:1007b000211062002c8482af0c84828f21184000ab
:1007c00088bf023c2076428c211062000c8482afec
:1007d0001000c28f010042241000c2af1000c28f6f
:1007e000e8034228d6ff4014000000001c84828fda
:1007f0006210033cd34d633418004300101800000e
:1008000083190300c3170200231062001c8482af07
:100810002c84828f6210033cd34d63341800430054
:100820001018000083190300c31702002310620090
:100830002c8482af0c84828f6210033cd34d6334ce
:10084000180043001018000083190300c3170200aa
:10085000231062000c8482af1c84828f288482afb4
:100860002c84828f108482af0c84828f308482af7c
:1008700021e8c0031c00bf8f1800be8f2000bd27d9
:100880000800e0030000000050ffbd27ac00bfaf30
:10089000a800beaf21f0a0031000c0af1484828f67
:1008a00003004014000000008945400b00000000d8
:1008b0007083828f1000c2aff083838f0100022407
:1008c00004006214000000001000c28f2310020018
:1008d0001000c2af1000c28f608382af0e8383937b
:1008e00001000224330062140000000088bf023cb3
:1008f0000076438c2884828f231062002400c2afcc
:1009000088bf023c1076438c1084828f23106200d3
:100910002800c2af88bf023c2076438c3084828f8f
:10092000231062002c00c2af2400c28f000082445a
:100930002000804600000344029d023cd4ee428c1d
:100940000008834400008244420800460008024434
:10095000408382af2800c28f00088244600880462e
:1009600000080344029d023cd4ee428c0000834404
:10097000000882440200014600000244448382af22
:100980002c00c28f000082442000804600000344f7
:10099000029d023cd4ee428c000883440000824455
:1009a0004208004600080244488382afbe42400b22
:1009b0000000000088bf023c0076428c3000c2afcd
:1009c00088bf023c1076428c3400c2af88bf023c24
:1009d0002076428c3800c2af3000c28f00088244bb
:1009e0006008804600080344029d023cd4ee428c1d
:1009f00000008344000882440200014600000244d3
:100a00003c00c2af3400c28f000082442000804608
:100a100000000344029d023cd4ee428c0008834453
:100a20000000824442080046000802444000c2af71
:100a30003800c28f000882446008804600080344e2
:100a4000029d023cd4ee428c0000834400088244a4
:100a500002000146000002444400c2af3c00c38fc4
:100a60004000c28f00008344000882440000014619
:100a7000000003444400c28f000083440008824405
:100a80000000014600000344029d023cd8ee428c67
:100a90000000834400088244030001460000024431
:100aa0004800c2af3c00c38f4800c28f000083449f
:100ab000000882440100014600000244408382afe6
:100ac0004000c38f4800c28f000083440008824466
:100ad0000100014600000244448382af4400c38ffa
:100ae0004800c28f00008344000882440100014690
:100af00000000244488382af4083828f4c00c2af23
:100b00004483838f4883828f00008344000882449b
:100b10000100014600000344029d023cdcee428cd1
:100b200000008344000882440200014600000244a1
:100b30005000c2af4c00c28f5400c2af5000c28ff1
:100b40005800c2af1884838fc317030082140200b9
:100b500021186200ff3f63302310620000008244ce
:100b60002000804600000344029d023cbcee428c03
:100b70000008834400008244420800460008034401
:100b8000029d023cc4ee428c000883440000824473
:100b900043080046000802448c00c2af029d023c9c
:100ba000bcee428c9000c2af8c00c28f0008824421
:100bb0006108004600080444000865449000c28fa4
:100bc000000082442100004600000244000063440b
:100bd000006084440060e544007082440070e34497
:100be0006404400f00000000000002440000634461
:100bf000000882440008e3446008204600080244dc
:100c00001400c2af1400c38f211000000000834401
:100c1000000882443c000146090000450000000035
:100c20001400c38f029d023cbcee428c0000834442
:100c30000008824400000146000002441400c2afd4
:100c40001400c38f029d023ce0ee428c00008344fe
:100c50000008824402000146000002440000824471
:100c60000d00004600000344009d023c8018030074
:100c700058124224211062000000428c5c00c2af76
:100c80001400c38f029d023ce0ee428c00088344b6
:100c900000008244420800460008024400088244e2
:100ca0004d08004600080344009d023c80180300e4
:100cb0009c4a4224211062000000428c6000c2afb6
:100cc0006000c28f00008244200080460000034480
:100cd0004c00c28f00088344000082444208004652
:100ce000000803445c00c28f00088244600880460c
:100cf000000804445000c28f00008444000882446d
:100d000002000146000002440000834400088244bf
:100d10000000014600000344029d023cd0ee428cdc
:100d2000000083440008824403000146000002449e
:100d30006400c2af5c00c28f231002000000824436
:100d400020008046000003444c00c28f000883440a
:100d50000000824442080046000803446000c28f3d
:100d60000008824460088046000804445000c28f96
:100d7000000084440008824402000146000002444e
:100d80000000834400088244000001460000034440
:100d9000029d023cd0ee428c000083440008824455
:100da00003000146000002446800c2af6800c28f21
:100db000000082440d00004600000244788382afa8
:100dc0006400c28f000882444d08004600080244b7
:100dd0007c8382af5c00c28f23100200000082443b
:100de00020008046000003445400c28f0008834462
:100df0000000824442080046000803446000c28f9d
:100e00000008824460088046000804445800c28fed
:100e100000008444000882440200014600000244ad
:100e2000000083440008824400000146000003449f
:100e3000029d023cd0ee428c0000834400088244b4
:100e40000300014600000244000082440d000046f9
:100e500000000244808382af7483828f0008824442
:100e600060088046000803446400c28f0000834489
:100e70000008824401000146000002446c00c2af39
:100e80001000c28f0000824420008046000003440e
:100e90006800c28f00088344000082444108004675
:100ea000000802447000c2af8c83838f6c00c28f35
:100eb00000088344000082444008004600080244c1
:100ec0008c8382af9083838f7000c28f000883442d
:100ed000000082444008004600080244908382af2c
:100ee000029d023ce4ee428c1800c2af029d023c1f
:100ef000e8ee428c1c00c2af0f8382930b004010bf
:100f0000000000009480828f0008824460088046c0
:100f1000000802441800c2af9880828f000082440b
:100f200020008046000002441c00c2af1800c38f9e
:100f30007000c28f000883440000824442080046cb
:100f4000000803449083848f1c00c28f00088444ef
:100f5000000082444208004600080244000883441e
:100f6000000082444008004600080344029d023c01
:100f7000d0ee428c000883440000824443080046bf
:100f800000080244ac8382af1800c38f6c00c28f8c
:100f900000088344000082444208004600080344dd
:100fa0008c83848f1c00c28f00088444000082441c
:100fb00042080046000802440008834400008244be
:100fc0004008004600080344029d023cd0ee428cdb
:100fd000000883440000824443080046000802449d
:100fe000a88382af1000c28f000882446008804648
:100ff00000080344d080828f0000834400088244ac
:101000000200014600000344ac83828f0000834449
:10101000000882440000014600000244ac8382af15
:101020001083829310004014000000001081828f12
:10103000000082442000804600000344d880828f54
:10104000000883440000824442080046000803442c
:10105000ac83828f0008834400008244400800462d
:1010600000080244ac8382afac83838fac83828f51
:1010700000088344000082444208004600080344fc
:10108000a883848fa883828f000884440000824450
:1010900042080046000802440008834400008244dd
:1010a00040080046000802449400c2af9400c28f7a
:1010b00000088244610800460008024400086344b6
:1010c000006082440060e344427c400f0000000066
:1010d0000000024400006344000082440000e34436
:1010e00020002046000002447400c2af7400c38f89
:1010f000029d023cc8ee428c0008834400008244fa
:101100003c0101464b00044500000000ac83828f87
:101110007800c2afa883828f7c00c2afac83838f7c
:10112000029d023cc8ee428c0008834400008244c9
:1011300042080046000803447400c28f000883443c
:10114000000082444308004600080244ac8382af9a
:10115000a883838f029d023cc8ee428c0008834422
:101160000000824442080046000803447400c28f15
:1011700000088344000082444308004600080244fb
:10118000a88382afac83838f7800c28f000883442a
:101190000000824441080046000803441c00c28f3e
:1011a00000088344000082444208004600080344cb
:1011b0001800c28f000883440000824443080046a0
:1011c000000803449083828f000883440000824417
:1011d0004008004600080244908382afa883838fb2
:1011e0007c00c28f0008834400008244410800460e
:1011f000000803441c00c28f00088344000082449e
:1012000042080046000803441800c28f00088344c7
:101210000000824443080046000803448c83828f08
:10122000000883440000824440080046000802444d
:101230008c8382af1c00c38f029d023cecee428c7b
:1012400000088344000082443c0201462d0008450a
:1012500000000000029d023cf0ee438c1c00c28f97
:101260000008834400008244430800460008034409
:101270009083828f00088344000082443c0b004628
:101280000b000c4500000000029d023cf0ee438c78
:101290001c00c28f000883440000824443080046bb
:1012a00000080244908382afc144400b000000005c
:1012b000029d023cf4ee438c1c00c28f0008834464
:1012c0000000824443080046000803449083828f54
:1012d00000088344000082443c0401460900104594
:1012e00000000000029d023cf4ee438c1c00c28f03
:1012f000000883440000824443080046000802447a
:10130000908382af1c00c38f029d023cecee428ca6
:1013100000088344000082443c0501462d0014452a
:1013200000000000029d023cf0ee438c1c00c28fc6
:101330000008834400008244430800460008034438
:101340008c83828f00088344000082443c0e004658
:101350000b00184500000000029d023cf0ee438c9b
:101360001c00c28f000883440000824443080046ea
:10137000000802448c8382aff544400b000000005b
:10138000029d023cf4ee438c1c00c28f0008834493
:101390000000824443080046000803448c83828f87
:1013a00000088344000082443c07014609001c45b4
:1013b00000000000029d023cf4ee438c1c00c28f32
:1013c00000088344000082444308004600080244a9
:1013d0008c8382af6000c28f000882446008804620
:1013e00000080344a883828f0000834400088244dd
:1013f00002000146000003445c00c28f00008244ea
:101400002000804600000444ac83828f000884449e
:101410000000824442080046000802440008834459
:10142000000082444108004600080344029d023c3b
:10143000d0ee428c000883440000824443080046fa
:10144000000802448000c2af5c00c28f00088244e2
:101450006008804600080344a883828f000083440c
:101460000008824402000146000003446000c28f6d
:10147000000082442000804600000444ac83828f38
:1014800000088444000082444208004600080244e8
:1014900000088344000082444008004600080344da
:1014a000029d023cd0ee428c00088344000082443e
:1014b00043080046000802448400c2af8000c38f86
:1014c0008000c28f00088344000082444208004626
:1014d000000803448400c48f8400c28f0008844441
:1014e0000000824442080046000802440008834489
:1014f0000000824440080046000802449800c2af41
:101500009800c28f00088244610800460008024427
:1015100000086344006082440060e344427c400f62
:101520000000000000000244000063440000824408
:101530000000e34420002046000002448800c2afbf
:101540008400c28f9c00c2af8000c28fa000c2afd7
:101550009c00c28f000882446108004600080444d1
:1015600000086544a000c28f0000824421000046ac
:101570000000024400006344006084440060e544cd
:10158000007082440070e344237b400f00000000a1
:101590000000024400006344000882440008e34461
:1015a000600820460008024421184000029d023cc9
:1015b000f8ee428c00008344000882440200014699
:1015c00000000344029d023ce0ee428c0000834494
:1015d00000088244020001460000024400008244e8
:1015e0000d000046000002442000c2af2000c28f60
:1015f00004004104000000002000c28f100e4224ad
:101600002000c2af2000c28f0008824460088046dc
:10161000000802448800ccc700708244183e400f86
:101620000000000021e8c003ac00bf8fa800be8fff
:10163000b000bd270800e0030000000090ffbd27b8
:101640006c00bfaf6800beaf21f0a0031484828f8e
:101650000300401400000000f746400b00000000ab
:101660000e83839301000224330062140000000003
:1016700088bf023c0076438c2884828f231062004e
:101680001400c2af88bf023c1076438c1084828f56
:10169000231062001800c2af88bf023c2076438c42
:1016a0003084828f231062001c00c2af1400c28fee
:1016b000000082442000804600000344029d023c5a
:1016c000d4ee428c00088344000082444208004665
:1016d00000080244408382af1800c28f0008824491
:1016e0006008804600080344029d023cd4ee428c10
:1016f00000008344000882440200014600000244c6
:10170000448382af1c00c28f0000824420008046c8
:1017100000000344029d023cd4ee428c0008834446
:10172000000082444208004600080244488382af19
:101730001f46400b0000000088bf023c0076428c30
:101740002000c2af88bf023c1076428c2400c2af9a
:1017500088bf023c2076428c2800c2af2000c28f96
:10176000000882446008804600080344029d023c51
:10177000d4ee428c000083440008824402000146fb
:10178000000002442c00c2af2400c28f000082443b
:101790002000804600000344029d023cd4ee428caf
:1017a00000088344000082444208004600080244c6
:1017b0003000c2af2800c28f000882446008804613
:1017c00000080344029d023cd4ee428c0000834496
:1017d0000008824402000146000002443400c2af07
:1017e0002c00c38f3000c28f000083440008824465
:1017f00000000146000003443400c28f000083440f
:10180000000882440000014600000344029d023c9f
:10181000d8ee428c00008344000882440300014655
:10182000000002443800c2af2c00c38f3800c28fc2
:101830000000834400088244010001460000024485
:10184000408382af3000c38f3800c28f00008344d2
:10185000000882440100014600000244448382af34
:101860003400c38f3800c28f0000834400088244d4
:101870000100014600000244488382af4083828f0a
:101880003c00c2af4483838f4883828f000083442f
:10189000000882440100014600000344029d023c0e
:1018a000dcee428c000083440008824402000146c2
:1018b000000002444000c2af3c00c28f4400c2afef
:1018c0004000c28f4800c2af1884838fc317030043
:1018d0008214020021186200ff3f6330231062006f
:1018e000000082442000804600000344029d023c28
:1018f000bcee428c0008834400008244420800464b
:1019000000080344029d023cc4ee428c000883445c
:101910000000824443080046000802445c00c2af55
:10192000029d023cbcee428c6000c2af5c00c28fe4
:101930000008824461080046000804440008654429
:101940006000c28f00008244210000460000024473
:1019500000006344006084440060e54400708244f9
:101960000070e3446404400f0000000000000244e3
:1019700000006344000882440008e34460082046f5
:10198000000802441000c2af1000c38f21100000f5
:1019900000008344000882443c00014609000045e1
:1019a000000000001000c38f029d023cbcee428c80
:1019b0000000834400088244000001460000024405
:1019c0001000c2af1000c38f029d023ce0ee428cbb
:1019d00000008344000882440200014600000244e3
:1019e000000082440d00004600000344009d023cbc
:1019f0008018030058124224211062000000428c1b
:101a00004c00c2af1000c38f029d023ce0ee428c3e
:101a10000008834400008244420800460008024453
:101a2000000882444d08004600080344009d023c23
:101a3000801803009c4a4224211062000000428c5e
:101a40005000c2af5000c28f000082442000804688
:101a5000000003443c00c28f00088344000082441d
:101a600042080046000803444c00c28f000882442c
:101a700060088046000804444000c28f000084448f
:101a80000008824402000146000002440000834432
:101a9000000882440000014600000344029d023c0d
:101aa000d0ee428c000083440008824403000146cb
:101ab000000002445400c2af4c00c28f2310020049
:101ac0000000824420008046000003443c00c28f96
:101ad0000008834400008244420800460008034492
:101ae0005000c28f00088244600880460008044409
:101af0004000c28f00008444000882440200014676
:101b000000000244000083440008824400000146b3
:101b100000000344029d023cd0ee428c000083444e
:101b20000008824403000146000002445800c2af8e
:101b30005800c28f000082440d000046000002449d
:101b4000788382af5400c28f000882444d0800465b
:101b5000000802447c8382af4c00c28f2310020035
:101b60000000824420008046000003444400c28fed
:101b700000088344000082444208004600080344f1
:101b80005000c28f00088244600880460008044468
:101b90004800c28f000084440008824402000146cd
:101ba0000000024400008344000882440000014613
:101bb00000000344029d023cd0ee428c00008344ae
:101bc00000088244030001460000024400008244f1
:101bd0000d00004600000244808382af21e8c0036c
:101be0006c00bf8f6800be8f7000bd270800e00347
:041bf00000000000f1
:020000040000fa
:020000041d01dc
:101bf40090ffbd276c00bfaf6800beaf21f0a0030b
:101c04000060604180bf033c0008628c0300042430
:101c14000410827c000862ac80bf033c0008628c24
:101c2400010004240429827c000862ac0080024084
:101c340021f84000f8ff03242410e30303005f3479
:101c440000809f401747400b1000c0af1000c28fa8
:101c5400010042241000c2af1000c38f0100023cf7
:101c6400a08642342a106200f8ff401400000000ed
:101c74002247400b1000c0af1000c28f0100422465
:101c84001000c2af1000c38f0100023ca086423492
:101c94002a106200f8ff401400000000b700023c64
:101ca400001b42344800c2af000000004800c28f4d
:101cb400ffff4324fdff40144800c3af81bf033c32
:101cc4000000628c010004240463827c000062ac86
:101cd4000a75400fd88380af7e63400f0000000078
:101ce4009464400f00000000532c400f00000000db
:101cf4002060604186bf033c3004629401000424e8
:101d04000463827c300462a486bf033c3001629485
:101d1400010004244429827c300162a486bf033c70
:101d240030046294010004248473827c300462a42d
:101d340086bf033c30036294010004248431827c16
:101d4400300362a46047400b1400c0af5947400bf6
:101d54001800c0af1800c28f010042241800c2af9f
:101d64001800c28f20034228faff4014000000002c
:101d74001400c28f010042241400c2af1400c28fa9
:101d8400e8034228f1ff4014000000003800c0af0f
:101d94007347400b1400c0af6c47400b1800c0af32
:101da4001800c28f010042241800c2af1800c28f6d
:101db40020034228faff4014000000001400c28fe0
:101dc400010042241400c2af1400c28fe803422869
:101dd400f1ff401400000000ae6a400f010004242b
:101de4009f78400f000000003c00c0af8e47400bbe
:101df4001c00c0af1c00c28f801302003f004324ac
:101e0400000044280b1064008311020021184000d4
:101e14000080023c1c00c48f8020040040614224e6
:101e240021108200000043ac1c00c28f0100422438
:101e34001c00c2af1c00c28f40004228edff4014ba
:101e4400000000002960400f000000002000c2af25
:101e54006c81828f0d004014000000001881838f74
:101e6400010002240900621400000000188180af00
:101e74002120000030000524fe55400f21300000d1
:101e8400ee36400f000000002000c0af9955400f0f
:101e9400770004244000c2af4000c28f00084230e3
:101ea4000500401000000000d883828f0100032445
:101eb4000421627cd88382af4c00c0a34d00c0a330
:101ec4004e00c0a32400c0af2800c0af2c00c0af98
:101ed400db47400b1400c0af0000000088bf023c89
:101ee400c070428c01004230fcff40100000000032
:101ef4000000000088bf023cc070428c02004230e7
:101f0400fcff4010000000000000000088bf023cfd
:101f1400c070428c04004230fcff401000000000fe
:101f24002400c38f88bf023c0076428c21106200db
:101f34002400c2af2800c38f88bf023c1076428cb5
:101f4400211062002800c2af2c00c38f88bf023c5e
:101f54002076428c211062002c00c2af1400c28f84
:101f6400010042241400c2af1400c28fe8034228c7
:101f7400d9ff4014000000002400c28f6210033c0b
:101f8400d34d633418004300101800008319030074
:101f9400c3170200231062002400c2af2800c28fbe
:101fa4006210033cd34d6334180043001018000042
:101fb40083190300c3170200231062002800c2af74
:101fc4002c00c28f6210033cd34d633418004300cd
:101fd4001018000083190300c317020023106200c5
:101fe4002c00c2af2400c28fe4074228050040142d
:101ff400000000002400c28f21084228030040147e
:1020040000000000010002244c00c2a32800c28f7b
:10201400e407422805004014000000002800c28f95
:10202400210842280300401400000000010002249b
:102034004d00c2a32c00c28fe407422805004014bf
:10204400000000002c00c28f210842280300401425
:1020540000000000010002244e00c2a38c000224f0
:102064004400c2af5000c0af5400c0af3c00c28fa8
:1020740000110200201c027c3800c28f2014027c54
:10208400251062002014027cff0042305000c2a3dd
:102094003483828f40100200201c027c2000c28ff7
:1020a4002014027c25106200201c027c3883828f5d
:1020b400c01002002014027c251062002014027c4f
:1020c400ff0042305100c2a33481828fff004230ae
:1020d4005200c2a33481828f03120200ff004230f7
:1020e4005300c2a33481828f03140200ff004230e4
:1020f4005400c2a33481828f02160200ff004230d2
:102104005500c2a34c00c29300110200201c027ca3
:102114004d00c293c01002002014027c25106200fe
:10212400201c027c4e00c293801002002014027c0a
:10213400251062002014027c03004234201c027c1f
:102144004400c28f03120200c01102002014027c5a
:1021540025106200201c027cf083828f0100423033
:10216400801102002014027c251062002014027cdd
:10217400200042342014027cff0042305600c2a3e7
:102184004400c28fff0042305700c2a3cc83828f29
:1021940084034224211840005000c22721206000fb
:1021a40008000524df5c400f213040000080023c21
:1021b4005c0f4224280040ac0080023c5c0f4224a7
:1021c400029d033c70f1638c100043ac0080023c20
:1021d400400f4224180040ac3000c0af86bf023c20
:1021e4002001428c200042300100422cff0042308a
:1021f400948182a33000c28f01004224275d400fe6
:102204003000c2af7881828f4476400f2120400095
:102214007881828f0f76400f212040004882838f7f
:10222400010002240500621400000000664e400f05
:1022340000000000b349400b0000000083bf023cd3
:10224400e0a4428c0a00422c51004010000000001f
:10225400d883828f0f0042304d00401400000000ec
:102264008c81838f51c302342b1062001f004014f1
:102274000000000086bf033c300062940463027ccb
:10228400300062a486bf023c2001428c2000423010
:102294000d00401000000000948182930a00401059
:1022a400000000009081828f01004224908182af5f
:1022b4009081828f1e00422c030040140000000015
:1022c4001e000224908182af9081828f0300422cf1
:1022d400070040140000000086bf033c30046294f1
:1022e400c47b027cbd48400b300462a4908180af63
:1022f40048808287240040040000000048808287d0
:102304000200042421280000fe55400f2130400023
:102314000200042401000524fe55400f2130000072
:1023240048808287211840000080023c7c0a4224b5
:10233400200343ac0080023c7c0a4224240340acca
:102344005800c0a7020002245800c2a34880828714
:10235400ff0042305900c2a3cc83828fb6034224cb
:10236400211840005800c2272120600002000524e3
:10237400df5c400f21304000ffff0224488082a729
:10238400e648400b00000000e648400b0000000057
:10239400908180af86bf023c2001428c20004230f5
:1023a4000100422cff004230948182a3cc59400f9b
:1023b400040004242c8182af2c81838f3081828f8e
:1023c400231062003400c2af3400c28f00e0422800
:1023d40005004010000000003400c28f0040422479
:1023e4000249400b3400c2af3400c28f012042289e
:1023f40004004014000000003400c28f00c04224d6
:102404003400c2aff083828f060040140000000045
:102414002881838f3400c28f211062000e49400b43
:10242400288182af2881838f3400c28f23106200f9
:10243400288182afc083828f248182af6c81828f96
:102444003f004014000000003000c38fcccc023c9d
:10245400cdcc4234190062001010000002110200b9
:10246400801002008020020021104400231062002a
:10247400330040140000000083bf023ce0a4428cff
:102484000b00422c0900401000000000d883828f0a
:10249400020042300500401400000000d883828fff
:1024a4000800423012004010000000002481828f96
:1024b4000200042411000524fe55400f2130400081
:1024c4002481828f0200042412000524fe55400f4b
:1024d400213040002481828f02000424130005244b
:1024e400fe55400f213040005149400b00000000d0
:1024f4007081838f01000224110062140000000027
:10250400708180af2481828f02000424110005248d
:10251400fe55400f213040002481828f02000424a4
:1025240012000524fe55400f213040002481828f83
:102534000200042413000524fe55400f21304000fe
:102544003000c48fcccc023ccdcc42341900820084
:102554001010000082180200211060008010020098
:1025640021104300231882000500601400000000bd
:102574004956400f00000000a449400b0000000031
:102584009483838f01000224190062140000000068
:102594000055400f948380af070043240000442873
:1025a4000b106400c3100200888282af8882828f7d
:1025b4002120000050000524fe55400f213040002a
:1025c4008882828f2120000051000524fe55400f8f
:1025d400213040008882828f21200000520005248f
:1025e400fe55400f21304000a449400b000000007c
:1025f4008482838f010002241d0062140000000005
:102604000055400f848280af070043240000442813
:102614000b106400c31002001c8182af1c81828fe6
:102624002120000032000524fe55400f21304000d7
:10263400cc59400f040004244d5a400f212040007f
:10264400208182af2081828f212000003100052467
:10265400fe55400f213040002120000030000524a9
:10266400fe55400f01000624a449400b0000000061
:102674003881838f010002240400621400000000ea
:102684007881828f5d4c400f21204000b482828f7c
:1026940006004010000000003000c28f9952400f25
:1026a40021204000b149400b00000000d082828ffd
:1026b4000300401000000000904f400f0000000095
:1026c4002c81828f308182af7881828f1f6c400f82
:1026d400212040007881838feb51023c1f854234d6
:1026e400190062001010000082110200c0100200e4
:1026f40080200200211044008020020021104400a8
:10270400231062000d0040140000000086bf023c4c
:102714003000428c0003427cff004230010042380a
:10272400ff00423001004230ff00443086bf033cca
:10273400300062940463827c300062a4b082838f90
:102744000100022448006214000000003000c38f1e
:10275400cccc023ccdcc42341900620010100000f5
:10276400c210020040100200802002002110440028
:10277400231062003c004014000000005c00c0af65
:102784006000c0afac82828fff0042305c00c2a305
:10279400ac82838f0080023c801803004064422492
:1027a400211062000000428cff0042305d00c2a391
:1027b400ac82838f0080023c801803004064422472
:1027c400211062000000428c03120200ff0042301c
:1027d4005e00c2a3ac82838f0080023c8018030099
:1027e40040644224211062000000428c0314020061
:1027f400ff0042305f00c2a3ac82838f0080023ca2
:102804008018030040644224211062000000428cbe
:1028140002160200ff0042306000c2a3cc83828f04
:1028240000034224211840005c00c22721206000dc
:1028340005000524df5c400f21304000ac82828f0c
:1028440001004224ac8282afac82838f4000022418
:102854000500621400000000ac8280afb08280af3b
:102864007e48400b000000007e48400b0000000042
:1028740000e85d4100701b4002601a40c8febd279d
:102884003401bbaf00601b402c01baaf3001bbafb9
:1028940044781b7c00187b3700609b401c00a3af6e
:1028a4001800a2af2c01a38f0f0063301200601434
:1028b400000000005c00bfaf5800beaf5400b9afc9
:1028c4005000b8af4c00afaf4800aeaf4400adaf5e
:1028d4004000acaf3c00abaf3800aaaf3400a9afa6
:1028e4003000a8af2c00a7af2800a6af2400a5afe6
:1028f4002000a4af1400a1af00000000f800b3f75b
:10290400f000b2f7e800b1f7e000b0f7d800aff795
:10291400d000aef7c800adf7c000acf7b800abf715
:10292400b000aaf7a800a9f7a000a8f79800a7f795
:102934009000a6f78800a5f78000a4f77800a3f715
:102944007000a2f76800a1f76000a0f71210000061
:102954002401a2af101800002001a3af1210200020
:102964001c01a2af101820001801a3af12104000e0
:102974001401a2af101840001001a3af12106000a0
:102984000c01a2af101860000801a3afb81c3f7c73
:102994001000a3af00f842440401a2af21f0a00349
:1029a4000000000088bf023cc070428c010042302d
:1029b400fcff4010000000000000000088bf023c43
:1029c400c070428c02004230fcff40100000000046
:1029d4000000000088bf023cc070428c04004230fa
:1029e400fcff4010000000009c81828f0100422403
:1029f4009c8182afa081828f01004224a08182af9a
:102a04000360400f00000000fc82828f0a00432c08
:102a1400f10060100000000080180200019d023cdb
:102a2400382a4224211062000000428c0800400031
:102a340000000000dc2d019de42b019d502b019d25
:102a4400602a019de42a019d142c019d482c019dbe
:102a5400282d019d942b019dfc2b019d9c81838f2e
:102a6400cccc023ccdcc42341900620010100000e2
:102a740042110200c0100200802002002110440014
:102a8400231062001200401400000000d883828fdb
:102a94000200423004004010000000008c82828f4b
:102aa400010042248c8282af8c82828f03004228f0
:102ab4000700401400000000c44d400f0000000057
:102ac4001f4e400f00000000a46e400f00000000e5
:102ad4002242400f000000007a4b400b000000002f
:102ae4009c81838fcccc023ccdcc42341900620053
:102af4001010000042110200c010020080200200e9
:102b040021104400231062000c0040140000000057
:102b14007667400f000000000080023c400f422412
:102b24000c00428c000082440d0000460000024468
:102b3400008482afa46e400f000000002242400fc8
:102b4400000000007a4b400b000000000884828fd4
:102b5400708382af9082828f01004224908282af80
:102b64009082828fd10742280500401400000000a3
:102b7400d883828f010003248494627cd88382af3b
:102b84002242400f000000007a4b400b000000007e
:102b94009c81838fcccc023ccdcc423419006200a2
:102ba4001010000042110200c01002008020020038
:102bb40021104400231062000300401400000000b0
:102bc4007851400f000000000884828f708382af28
:102bd4002242400f000000007a4b400b000000002e
:102be4008f45400f000000009d3c400f0000000096
:102bf4007a4b400b000000008f45400f000000009e
:102c04004a3d400f000000007a4b400b00000000da
:102c140002000224548082af83bf023ce0a040ac97
:102c240083bf023ce0a140ac83bf023ce0a240acc5
:102c3400532c400f00000000fc8280af7a4b400b05
:102c4400000000009c81838fcccc023ccdcc42346c
:102c5400190062001010000042110200c0100200ae
:102c64008020020021104400231062009881838f89
:102c74002800431400000000a082838f9c82828f6e
:102c84002a1062001600401000000000a082828f0b
:102c940001004224a08282af9c82838fa082828f13
:102ca40023186200a882828f180062009c82828f9f
:102cb400121800001a006200f40140001010000015
:102cc40012180000ec83828f21106200008482af0e
:102cd400a46e400f00000000464b400b00000000b3
:102ce40002000224548082af83bf023ce0a040acc7
:102cf40083bf023ce0a140ac83bf023ce0a240acf5
:102d0400532c400f00000000fc8280af7a4b400b34
:102d1400000000002242400f000000007a4b400bec
:102d2400000000009c81838fcccc023ccdcc42348b
:102d3400190062001010000042110200c0100200cd
:102d44008020020021104400231062009881838fa8
:102d54001d00431400000000a082838f9c82828f98
:102d64002a1062001600401000000000a082828f2a
:102d740001004224a08282af9c82838fa082828f32
:102d840023186200a882828f180062009c82828fbe
:102d9400121800001a006200f40140001010000034
:102da40012180000ec83828f21106200008482af2d
:102db400a46e400f00000000734b400b00000000a5
:102dc400a46e400f000000002242400f00000000eb
:102dd4007a4b400b000000008f45400f00000000bc
:102de400000000006d41400f00000000a081828fb0
:102df4001400422c1d00401400000000a08180af8c
:102e04007881828f01004224788182af7c81828f15
:102e1400010042247c8182af1f73400f0000000038
:102e24007c81828fe803422c0e00401400000000d5
:102e34007c8180af86bf023c3004428cc003427c5c
:102e4400ff00423001004238ff00423001004230ae
:102e5400ff00443086bf033c30046294c47b827c10
:102e6400300462a47b5f400f000000006480828f06
:102e74000a004018000000009c81828f010042304b
:102e84002c004014000000006480828fffff422465
:102e9400648082afce4b400b000000006480828fc0
:102ea40008004014000000006480828fffff422469
:102eb400648082affa29400f00000000ce4b400b23
:102ec400000000009c81838fcccc023ccdcc4234ea
:102ed400190062001010000042110200c01002002c
:102ee40080200200211044002310620011004014cd
:102ef400000000009482828f01004224948282aff9
:102f04009482828f030042280a00401400000000cb
:102f14006881828f01004224688182af6881828f38
:102f2400010042300300401400000000fa29400f61
:102f3400000000009882838f0100022412006214b2
:102f440000000000a481838fc800022405006214dd
:102f5400000000005336400f00000000e04b400b1f
:102f640000000000a481828f9001422c03004014d1
:102f740000000000af36400f00000000a481828fe3
:102f840001004224a48182af444e400f000000009f
:102f940086bf023c2001428c400042300f004014a6
:102fa400000000008c81828f010042248c8182af5a
:102fb4008c81838f4c00023c414b42342b106200c5
:102fc4001b004014000000004c00023c404b423403
:102fd4008c8182af0d4c400b000000008c81838fec
:102fe40051c302342b1062000f0040140000000093
:102ff4009081828f0300422c0b00401400000000db
:103004009081828f0a00422c0700401000000000cb
:103014009081828fffff4230fdff4224ffff423048
:103024002016027c488082a7908180af8c8180af7b
:1030340081bf033c4000628c8473027c400062ac1c
:1030440021e8c0030401a28f00f8c2441000a38f3a
:10305400f8fc617c2401a28f130040002001a38f9f
:10306400110060001c01a58f1308a0001801a58f92
:103074001108a0001401a58f1310a0001001a58f42
:103084001110a0000c01a58f1318a0000801a58f32
:103094001118a0002c01a28f0f004230140040141c
:1030a400000000005c00bf8f5800be8f5400b98f31
:1030b4005000b88f4c00af8f4800ae8f4400ad8fe6
:1030c4004000ac8f3c00ab8f3800aa8f3400a98f2e
:1030d4003000a88f2c00a78f2800a68f2400a58f6e
:1030e4002000a48f1c00a38f1800a28f1400a18fae
:1030f40000000000f800b3d7f000b2d7e800b1d761
:10310400e000b0d7d800afd7d000aed7c800add755
:10311400c000acd7b800abd7b000aad7a800a9d7d5
:10312400a000a8d79800a7d79000a6d78800a5d755
:103134008000a4d77800a3d77000a2d76800a1d7d5
:103144006000a0d700606041c00000003401ba8f65
:103154003001bb8f00709a402c01ba8f3801bd2713
:1031640002609a4000e8dd4100609b401800004284
:10317400b8ffbd274400bfaf4000beaf21f0a0039d
:103184004800c4afdc81828f4800c38f21016210e4
:10319400000000004800c28fdc8182afe081828f92
:1031a40001004224e08182afe081838fcccc023cd9
:1031b400cdcc42341900620010100000c21002008d
:1031c40040100200802002002110440023106200fd
:1031d4002f004014000000003c81828f2c0040141a
:1031e400000000000055400f0000000007004324c9
:1031f400000044280b106400c31002001000c2af8a
:103204001c00c0af2000c0af1c00c0a31000c28fc0
:10321400ff0042301d00c2a31000c28f031202003f
:10322400ff0042301e00c2a31000c28f031402002c
:10323400ff0042301f00c2a31000c28f021602001a
:10324400ff0042302000c2a3020002242100c2a3d6
:103254002c81828fff0042302200c2a32c81828ff6
:1032640003120200ff0042302300c2a3cc83828fea
:1032740058024224211840001c00c227212060006b
:103284000800052421304000df5c400f00000000ee
:103294006482828f27004010000000006882828fc1
:1032a400660042281c004010000000006882828fe3
:1032b400212040009955400f000000001400c2afc7
:1032c4006882848f1400c28fff0043300080023c68
:1032d400802004005c07422421108200000043acdb
:1032e4006882848f1400c28f03120200ff004330ef
:1032f4000080023c802004003c044224211082000f
:10330400000043ac6882828f01004224688282af4d
:10331400864d400b00000000688280af648280af5d
:10332400708280af010002246c8282af864d400b14
:10333400000000006c82828f3f00401000000000fb
:103344007082828f6600422828004010000000002e
:103354002400c0af2800c0af010002242400c2a38f
:10336400010002242500c2a37082828fff00423034
:103374002600c2a37082838f0080023c8018030061
:103384005c074224211062000000428cff0042309e
:103394002700c2a37082838f0080023c8018030040
:1033a4003c044224211062000000428cff004230a1
:1033b4002800c2a3cc83828f5802422421184000e3
:1033c4002400c2272120600005000524213040008c
:1033d400df5c400f000000007082828f01004224f5
:1033e400708282af864d400b000000002c00c0affd
:1033f4003000c0af010002242c00c2a3020002244a
:103404002d00c2a3cc83828f58024224211840008d
:103414002c00c22721206000020005242130400036
:10342400df5c400f00000000708280af6c8280afd0
:10343400864d400b000000007482838f010002243b
:1034440023006214000000007882828f060040147a
:1034540000000000f48180af01000224788282af72
:10346400864d400b000000007882838f0100022407
:103474006800621400000000f481828f2120400063
:103484004a57400f00000000f481828f010042245b
:10349400f48182aff481828f060042285d004014db
:1034a400000000007500042401000524dc55400fd1
:1034b40000000000640004248c4d400f0000000054
:1034c400788280af748280af864d400b000000008c
:1034d4007c82838f01000224160062140000000025
:1034e4008082828f4b00401400000000fb57400f85
:1034f40000000000211840000100022406006214ac
:103504000000000064000424a84d400f00000000e7
:103514004a4d400b0000000001000424a84d400f58
:1035240000000000808280af7c8280af864d400b1b
:1035340000000000e081838fcccc023ccdcc42342f
:103544001900620010100000c210020040100200b6
:103554008020020021104400231062000300032491
:103564001f00431400000000770004249955400f05
:10357400000000001800c2af3400c0af3800c0af74
:10358400020002243400c2a3010002243500c2a3b5
:10359400770002243600c2a31800c28fff00423015
:1035a4003700c2a31800c28f03120200ff0042308a
:1035b4003800c2a3cc83828f5802422421184000d1
:1035c4003400c2272120600005000524213040007a
:1035d400df5c400f00000000864d400b000000003f
:1035e400c082838f010002240800621400000000de
:1035f400c08280af7500042401000524dc55400f0f
:1036040000000000864d400b00000000ff56400ff4
:103614000000000021e8c0034400bf8f4000be8fbb
:103624004800bd270800e00300000000e0ffbd27bc
:103634001c00bfaf1800beaf21f0a0032000c4af30
:103644001000c0af1400c0af0a0002241000c2a3cf
:103654002000c28fff0042301100c2a3cc83828fae
:103664005802422421204000020005241000c227f1
:1036740021304000df5c400f00000000788280af02
:10368400748280af21e8c0031c00bf8f1800be8f76
:103694002000bd270800e00300000000e0ffbd2774
:1036a4001c00bfaf1800beaf21f0a0032000c4afc0
:1036b4001000c0af1400c0af0b0002241000c2a35e
:1036c4002000c28fff0042301100c2a3cc83828f3e
:1036d4005802422421204000020005241000c22781
:1036e40021304000df5c400f00000000808280af8a
:1036f4007c8280af21e8c0031c00bf8f1800be8ffe
:103704002000bd270800e00300000000e8ffbd27fb
:103714001400beaf21f0a0036082838f0100022455
:103724002d006214000000005c82838f5082828f1f
:103734002a1062000e004010000000005c82838f9b
:103744005482828f211062005c8282af5c82838ffc
:103754005082828f2a1043001500401000000000a0
:103764005082828f5c8282afed4d400b00000000de
:103774005c82838f5082828f2a1043000c00401099
:10378400000000005c82838f5482828f23106200c9
:103794005c8282af5c82838f5082828f2a106200a7
:1037a40003004010000000005082828f5c8282afd0
:1037b400ec83828f0000c2af5c82828f0000c38fd3
:1037c400211062000400c2af0400c28f008482afe3
:1037d4001a4e400b000000006082838f0200022416
:1037e40020006214000000005c82828f0c00400400
:1037f400000000005c82838f5482828f2310620059
:103804005c8282af5c82828f0e00401c000000004c
:103814005c8280af608280af124e400b00000000db
:103824005c82838f5482828f211062005c8282af1b
:103834005c82828f03004004000000005c8280af41
:10384400608280afec83828f0800c2af5c82828f7b
:103854000800c38f211062000c00c2af0c00c28f9d
:10386400008482af21e8c0031400be8f1800bd2776
:103874000800e00300000000e8ffbd271400bfaf0c
:103884001000beaf21f0a0036082828f12004014aa
:10389400000000000080023c5c0f42242800438c9e
:1038a400010002241300621400000000cf68400fde
:1038b400000000000080023c5c0f42240c00428c9b
:1038c400000082440d00004600000244008482afe0
:1038d4003e4e400b000000000084828f00008244b2
:1038e40020008046000003440080023c5c0f422418
:1038f4000c0043ac21e8c0031400bf8f1000be8f3e
:103904001800bd270800e00300000000e8ffbd2701
:103914001400bfaf1000beaf21f0a003d883828f84
:10392400000f42300b00401400000000d883838f46
:103934000200023c24106200060040140000000053
:10394400d883838f0400023c241062000b004010d3
:10395400000000004482828f080040140000000030
:1039640001000224448282af02000224548082af08
:10397400532c400f00000000fc8280af21e8c003fc
:103984001400bf8f1000be8f1800bd270800e0038d
:1039940000000000e8ffbd271400bfaf1000beaf59
:1039a40021f0a0034c82828f0700432c1d0160107c
:1039b4000000000080180200019d023cd43942241a
:1039c400211062000000428c08004000000000004a
:1039d400283e019df039019d203a019d503a019df8
:1039e400e83a019d583c019d803d019d532c400fb8
:1039f40000000000fc8280af0a000224e48182af50
:103a0400548080af01000224148482af0200022497
:103a14004c8282af8a4f400b000000000100042456
:103a2400992b400f0000000001000424212800000d
:103a3400b92b400f00000000848180af03000224f2
:103a44004c8282af8a4f400b00000000f401022434
:103a5400e88182af03000224548082afc083828f46
:103a6400808182af8081828f212040003767400fa0
:103a740000000000cc83828f010042300b00401410
:103a8400000000008081838f4c80828f21186200a7
:103a94005080828f21206000212840004667400f1b
:103aa40000000000b44e400b000000008081838fb2
:103ab4004c80828f231862005080828f2120600006
:103ac400212840004667400f000000000400022443
:103ad400fc8282af040002244c8282af8a4f400be6
:103ae400000000000080023c400f42241800428c79
:103af4005600401400000000cc83828f0100423045
:103b040016004014000000008081838f4c80828f57
:103b140021186200c083828f23186200c317030038
:103b240026184300231862004c80828f030044242b
:103b3400000045280b108500831002002a10430062
:103b440019004010000000008481828f010042248b
:103b5400848182afeb4e400b000000008081838f94
:103b64004c80828f23186200c083828f23186200e6
:103b7400c317030026184300231862004c80828f69
:103b840003004424000045280b1085008310020024
:103b94002a10430004004010000000008481828f3a
:103ba40001004224848182aff4010224e88182afbf
:103bb40003000224548082af0080023c400f422460
:103bc4000c00428c000082440d00004600000244b8
:103bd400212040003767400f00000000cc83828f13
:103be400010042300c004014000000008081838feb
:103bf4004c80828f231862005080828f4010020014
:103c040021206000212840004667400f000000008a
:103c1400104f400b000000008081838f4c80828f06
:103c2400211862005080828f401002002120600021
:103c3400212840004667400f0000000005000224d0
:103c44004c8282af8a4f400b000000008a4f400b29
:103c5400000000000080023c400f42241800428c07
:103c64004400401400000000cc83828f01004230e5
:103c740016004014000000008081838f4c80828fe6
:103c840023186200c083828f23186200c3170300c5
:103c940026184300231862004c80828f03004424ba
:103ca400000045280b108500831002002a104300f1
:103cb40019004010000000008481828f010042241a
:103cc400848182af474f400b000000008081838fc6
:103cd4004c80828f21186200c083828f2318620077
:103ce400c317030026184300231862004c80828ff8
:103cf40003004424000045280b10850083100200b3
:103d04002a10430004004010000000008481828fc8
:103d140001004224848182aff4010224e88182af4d
:103d240003000224548082af0080023c400f4224ee
:103d34000c00428c000082440d0000460000024446
:103d4400212040003767400f000000008081838fee
:103d54005080828f21206000212840004667400f58
:103d640000000000060002244c8282af8a4f400b00
:103d7400000000008a4f400b000000000080023c5d
:103d8400400f42241800428c25004014000000001b
:103d94008481828f0500401800000000d883828f40
:103da400010003244429627cd88382afd883828fa4
:103db400010003248410627cd88382af4c8280afdc
:103dc400488280af8081828f000082442000804638
:103dd4000000024400608244f067400f00000000cd
:103de4008081828f000082442000804600000344ca
:103df4000080023c5c0f42240c0043ac0080023c77
:103e04005c0f42240c00428c000082440d000046ea
:103e140000000244008482af03000224fc8282afcb
:103e24000000000021e8c0031400bf8f1000be8f03
:103e34001800bd270800e00300000000c8ffbd27ec
:103e44003400bfaf3000beaf21f0a003d082828f18
:103e54000900432cdb016010000000008018020000
:103e6400019d023c7c3e4224211062000000428cf1
:103e74000800400000000000c845019da03e019dcf
:103e84001c3f019da03f019d4040019dbc41019dff
:103e94006042019de442019d8443019dc083828f61
:103ea400888182af8881828f00008244200080460e
:103eb4000000024400608244f067400f00000000ec
:103ec4008881838ffbff023ca8ca42342110620020
:103ed400000882446008804600080344029d023cb6
:103ee40074f1428c0060834400708244fc67400f8c
:103ef40000000000c08180afbc8180af12000224aa
:103f0400b88182afd082828f01004224d08282aff6
:103f14007251400b000000000080023c5c0f422400
:103f24002800428c1b004014000000000080023c6a
:103f34005c0f42240c00428c00608244f067400f06
:103f4400000000000080023c5c0f42240c00438c03
:103f5400029d023c78f1428c0000834400088244b4
:103f64000000014600000344029d023c74f1428caf
:103f74000060834400708244fc67400f000000002e
:103f8400d082828f01004224d08282af7251400bd2
:103f9400000000007251400b000000000080023c51
:103fa4005c0f42242800428c2200401400000000d0
:103fb400c083828fa88182af2c81828f2120400010
:103fc4004d5a400f00000000ac8182af0080023cdb
:103fd4005c0f42240c00428c00608244f067400f66
:103fe400000000000080023c5c0f42240c00438c63
:103ff400029d023c7cf1428c000083440008824410
:104004000100014600000344029d023c74f1428c0d
:104014000060834400708244fc67400f000000008d
:10402400d082828f01004224d08282af7251400b31
:10403400000000007251400b000000000080023cb0
:104044005c0f42242800428c5900401400000000f8
:10405400c083828fb08182af2c81828f2120400067
:104064004d5a400f00000000b48182afb481838fa9
:10407400ac81828f231062001000c2af1000c28f87
:1040840000e0422806004010000000001000c28f2b
:10409400004042241000c2af3050400b000000002a
:1040a4001000c28f012042280400401400000000c8
:1040b4001000c28f00c042241000c2afb081838fb1
:1040c400a881828f231062001800c2af1800c28f2b
:1040d400c31702001800c38f262043002320820048
:1040e4001000c28fc31702001000c38f26184300ac
:1040f4002318620021106000801002008028020052
:1041040021104500802802002110450021104300a1
:104114002310020021108200c31f02002610620037
:10412400231043001c00c2af1c00c28fc31f020037
:104134002610620023104300bc81838f21104300aa
:10414400bc8182af1c00c28fc31f02002610620014
:1041540023104300c081838f2a10620006004010a0
:10416400000000001c00c28fc31f02002610620062
:1041740023104300c08182afb881828fffff4224a5
:10418400b88182afb881828f0500401c0000000016
:1041940005000224d08282af6d50400b0000000065
:1041a40002000224d08282af7251400b0000000052
:1041b4007251400b000000000080023c5c0f42245e
:1041c4002800428c23004014000000000080023cc0
:1041d4005c0f42240c00428c00608244f067400f64
:1041e400000000000080023c5c0f42240c00438c61
:1041f400029d023c78f1428c000083440008824412
:104204000000014600000344029d023c80f1428c00
:104214000000834400088244000001460000034477
:10422400029d023c74f1428c00608344007082441d
:10423400fc67400f000000000a000224b88182af2e
:10424400d082828f01004224d08282af7251400b0f
:10425400000000007251400b000000000080023c8e
:104264005c0f42242800428c1b0040140000000014
:104274000080023c5c0f42240c00428c00608244ab
:10428400f067400f000000000080023c5c0f4224f5
:104294000c00438c029d023c78f1428c0000834464
:1042a400000882440100014600000344029d023cd0
:1042b40074f1428c0060834400708244fc67400fb8
:1042c40000000000d082828f01004224d08282af9d
:1042d4007251400b000000007251400b00000000be
:1042e4000080023c5c0f42242800428c22004014cf
:1042f40000000000c083828fa88182af2c81828f4e
:10430400212040004d5a400f00000000ac8182afd4
:104314000080023c5c0f42240c00428c006082440a
:10432400f067400f000000000080023c5c0f422454
:104334000c00438c029d023c7cf1428c00008344bf
:10434400000882440000014600000344029d023c30
:1043540074f1428c0060834400708244fc67400f17
:1043640000000000d082828f01004224d08282affc
:104374007251400b000000007251400b000000001d
:104384000080023c5c0f42242800428c8c004014c4
:1043940000000000c083828fb08182af2c81828fa5
:1043a400212040004d5a400f00000000b48182af2c
:1043b400b481838fac81828f231062001400c2af5a
:1043c4001400c28f00e042280600401000000000e4
:1043d4001400c28f004042241400c2af0151400bac
:1043e400000000001400c28f012042280400401481
:1043f400000000001400c28f00c042241400c2afa9
:10440400b081838fa881828f231062002000c2af05
:104414002000c28fc31702002000c38f2620430050
:10442400232082001400c28fc31702001400c38f1c
:104434002618430023186200211060008010020037
:104444008028020021104500802802002110450028
:10445400211043002310020021108200c31f020018
:1044640026106200231043002400c2af2400c28f30
:10447400c31f02002610620023104300bc81838ff7
:1044840021104300bc8182af2400c28fc31f0200ed
:104494002610620023104300c081838f2a1062001b
:1044a40006004010000000002400c28fc31f020059
:1044b4002610620023104300c08182afb881828f2e
:1044c400ffff4224b88182afb881828f3a00401c3a
:1044d40000000000532c400f00000000fc8280af5d
:1044e400bc81828fe338033c398e63341800430067
:1044f40010180000c3180300c31702002310620041
:10450400bc8182afbc81838f0100023c2a1062000f
:104514000300401400000000ffff0234bc8182af9e
:10452400c081838f0100023c2a1062000300401402
:1045340000000000ffff0234c08182af2800c0af3a
:104544002c00c0afc5ff02242800c2a3040002242b
:104554002900c2a3bc81828fff0042302a00c2a37b
:10456400bc81828f03120200ff0042302b00c2a3e1
:10457400c081828fff0042302c00c2a3c081828f91
:1045840003120200ff0042302d00c2a31c80828f60
:10459400211840002800c2272120600006000524bd
:1045a40021304000df5c400f00000000d08280af6b
:1045b4007151400b0000000006000224d08282af3b
:1045c4000000000021e8c0033400bf8f3000be8f1c
:1045d4003800bd270800e00300000000e0ffbd270d
:1045e4001c00bfaf1800beaf21f0a003908280afc3
:1045f400d482838f010002240c00621400000000a6
:10460400c48180afc88180afd08180afc083828fe6
:10461400cc8182af02000224d48282afc481828f13
:10462400088482af9352400b00000000d482838f31
:10463400020002243300621400000000c881828f4b
:1046440001004224c88182afc881828ffb004228c6
:104654000600401400000000c88180afd08180af04
:10466400c481828f32004224c48182afcc81838f83
:10467400c083828f23106200c31f020026106200d1
:1046840023104300030042280700401400000000e8
:10469400c88180afd081828f01004224d08182af53
:1046a400c083828fcc8182afc481828f89134228d8
:1046b400030040140000000088130224c48182af68
:1046c400d081828fd10742280a00401400000000e4
:1046d400c88180afd08180afc083828fcc8182af0c
:1046e400c481828ff4014224c48182af0300022476
:1046f400d48282afc481828f088482af9352400bec
:1047040000000000d482838f03000224300062146e
:1047140000000000cc81838fc083828f231062004d
:10472400c31f020026106200231043000300422826
:104734000900401400000000c88180afd081828f3e
:1047440001004224d08182afc083828fcc8182afaa
:10475400db51400b00000000d08180afc881828f04
:1047640001004224c88182afd081828ffb0042289d
:104774000600401400000000d08180afc88180afe3
:10478400c481828fe7ff4224c48182afc881828fb3
:10479400d10742280a004014000000000884828fd8
:1047a400d48182afc48180afc88180afd08180af13
:1047b400c083828fcc8182af04000224d48282af72
:1047c400c481828f088482af9352400b00000000a2
:1047d400d482838f040002240c00621400000000c1
:1047e400c48180afc88180afd08180afc083828f05
:1047f400cc8182af05000224d48282afc481828f2f
:10480400088482af9352400b00000000d482838f4f
:10481400050002243300621400000000c881828f66
:1048240001004224c88182afc881828ffb004228e4
:104834000600401400000000c88180afd08180af22
:10484400c481828fceff4224c48182afcc81838f06
:10485400c083828f23106200c31f020026106200ef
:104864002310430003004228070040140000000006
:10487400c88180afd081828f01004224d08182af71
:10488400c083828fcc8182afc481828f78ec42282e
:10489400030040100000000078ec0224c48182afc1
:1048a400d081828fd10742280a0040140000000002
:1048b400c88180afd08180afc083828fcc8182af2a
:1048c400c481828f0cfe4224c48182af060002247c
:1048d400d48282afc481828f088482af9352400b0a
:1048e40000000000d482838f06000224300062148a
:1048f40000000000cc81838fc083828f231062006c
:10490400c31f020026106200231043000300422844
:104914000900401400000000c88180afd081828f5c
:1049240001004224d08182afc083828fcc8182afc8
:104934005352400b00000000d08180afc881828fa9
:1049440001004224c88182afd081828ffb004228bb
:104954000600401400000000d08180afc88180af01
:10496400c481828f19004224c48182afc881828f9e
:10497400d10742280a004014000000000884828ff6
:10498400d88182afc48180afc88180afd08180af2d
:10499400c083828fcc8182af07000224d48282af8d
:1049a400c481828f088482af9352400b00000000c0
:1049b400d482838f070002242300621400000000c5
:1049c400d48280afc48180afc481828f088482afd7
:1049d400532c400f00000000fc8280af1000c0afd9
:1049e4001400c0afc5ff02241000c2a306000224b5
:1049f4001100c2a3d481828fff0042301200c2a3ef
:104a0400d481828f03120200ff0042301300c2a33c
:104a1400d881828fff0042301400c2a3d881828fd4
:104a240003120200ff0042301500c2a31c80828fd3
:104a340021204000060005241000c2272130400038
:104a4400195c400f0000000021e8c0031c00bf8f68
:104a54001800be8f2000bd270800e00300000000fe
:104a6400d8ffbd272400bfaf2000beaf21f0a003b4
:104a74002800c4afb482838f010002241900621499
:104a840000000000f083828f050040140000000045
:104a940078ec0224688382afab52400b0000000024
:104aa40088130224688382affc82838f010002246e
:104ab4000800621000000000d883828f4408027c42
:104ac400d88382af8c3c400f000000000100022418
:104ad400fc8282af02000224b48282af7f53400b77
:104ae40000000000b482838f0200022412006214ca
:104af400000000002c81828f00204228be0040105c
:104b040000000000f083828f0500401400000000c4
:104b140088130224688382afcb52400b000000004c
:104b240078ec0224688382af03000224b48282af4b
:104b34007f53400b00000000b482838f03000224e3
:104b440017006214000000000080023c406142240f
:104b5400fc00438c3081828f2a106200a600401032
:104b6400000000000080023c406142240400438ca9
:104b74002c81828f2a1043009f0040100000000007
:104b8400c083828fb88282af0080023c406440ac14
:104b940004000224b48282af7f53400b0000000063
:104ba400b482838f040002246400621400000000b5
:104bb400010002241000c2af4a53400b0000000061
:104bc4001000c28fffff43240080023c80180300c2
:104bd40040614224211062000000438c3081828fa6
:104be4002a1062004c004010000000000080023ccb
:104bf4001000c38f8018030040614224211062001a
:104c04000000438c3081828f2a1043004200401000
:104c1400000000000080023c1000c38f80180300d5
:104c240040614224211062000000438c2c81828f59
:104c34002a1043003800401400000000f083828fe3
:104c44000c00401400000000c083838fb882828f60
:104c5400231862000080023c1000c48f80200400ee
:104c64004064422421108200000043ac2753400bcf
:104c740000000000b882838fc083828f23186200f3
:104c84000080023c1000c48f802004004064422451
:104c940021108200000043ac1000c38f3f000224a7
:104ca4001b00621400000000bc8280af05000224d7
:104cb400b48282affc8280af83bf023ce0a040acf0
:104cc40083bf023ce0a140ac83bf023ce0a240ac05
:104cd4001400c0af1800c0afc5ff02241400c2a363
:104ce400020002241500c2a31c80828f21184000f8
:104cf4001400c22721206000020005242130400056
:104d0400df5c400f000000004e53400b0000000029
:104d14004e53400b000000001000c28f01004224db
:104d24001000c2af1000c28f40004228a4ff4014fc
:104d3400000000007f53400b00000000b482838f0a
:104d4400050002242c006214000000002800c38f18
:104d5400eb51023c1f854234180062001010000021
:104d640043210200c31703002310820080100200b5
:104d74008020020021104400802002002110440001
:104d8400231062001c00401400000000bc82828fcb
:104d9400400042280500401400000000bc8280af9f
:104da400b48280af7f53400b00000000bc82828f2e
:104db4002000422421184000bc82848f0080023ce1
:104dc4008020040040644224211082000000428cb0
:104dd400020004242128600021304000fe55400fc9
:104de40000000000bc82828f01004224bc8282af9a
:104df4004956400f0000000021e8c0032400bf8f83
:104e04002000be8f2800bd270800e003000000003a
:104e1400d8ffbd272400bfaf2000beaf21f0a00300
:104e24002800c4af2c00c5afb956400f00000000e5
:104e34003a57400f0000000080bf033c9c1662906c
:104e4400030004240420827c9c1662a080bf033cdf
:104e540098146290090004240418827c981462a0b7
:104e64002800c38f0800022405006214000000001b
:104e74001400c0a31500c0a3b653400b00000000eb
:104e84002800c38f100002240600621400000000f2
:104e9400010002241400c2a31500c0a3b653400ba2
:104ea400000000002800c38f2000022406006214c2
:104eb400000000001400c0a3010002241500c2a3d6
:104ec400b653400b00000000010002241400c2a3ea
:104ed4001500c0a32c00c28f050040140000000080
:104ee4001800c0a31900c0a3d753400b0000000052
:104ef4002c00c38f0100022406006214000000008d
:104f04001800c0a3010002241900c2a3d753400b08
:104f1400000000002c00c38f02000224060062146b
:104f240000000000010002241800c2a31900c0a35d
:104f3400d753400b000000002c00c38f0300022451
:104f44000500621400000000010002241800c2a33e
:104f5400010002241900c2a382bf023c1d000324e5
:104f6400307043ac82bf023c40000324147043ac55
:104f740082bf023c007040ac82bf023c2070428c75
:104f84001000c2af82bf033c0070628c0100042495
:104f94004429827c007062ac1400c283ff0042305a
:104fa40001004230ff00443082bf033c0070628c39
:104fb4008452827c007062ac1500c283ff004230d0
:104fc40001004230ff00443082bf033c0070628c19
:104fd400c45a827c007062ac82bf033c0070628c55
:104fe40001000424444a827c007062ac1800c2832d
:104ff400ff00423001004230ff00443082bf033cd6
:105004000070628c8431827c007062ac1900c283af
:10501400ff00423001004230ff00443082bf033cb5
:105024000070628c0442827c007062ac82bf033cdc
:105034000070628c01000424c47b827c007062ac2a
:1050440021e8c0032400bf8f2000be8f2800bd27a5
:105054000800e00300000000f0ffbd270c00beaf15
:1050640021f0a0031000c4af82bf023c2070428c28
:105074000000c2af82bf023c1000c38f207043ac5b
:105084000000000082bf023c1070428c01004230dc
:10509400fcff40100000000082bf023c2070428ce4
:1050a4000000c2af0000c28f21e8c0030c00be8f15
:1050b4001000bd270800e00300000000e0ffbd274a
:1050c4001c00bfaf1800beaf21f0a00386bf033c95
:1050d400300462940463027c300462a40500042456
:1050e4001754400f000000001000c2af2120000040
:1050f4001754400f000000001000c2af86bf033ced
:1051040030046294010004240463827c300462a4a9
:105114001000c28f21e8c0031c00bf8f1800be8f8f
:105124002000bd270800e00300000000c8ffbd27e1
:105134003400bfaf3000beaf21f0a0033800c4afcd
:105144003c00c5af4000c6af3800c28f80100200db
:105154008018020021104300801802002118430027
:105164003c00c28f2110620080100200ff3f4230d9
:105174001000c2af1000c28f02120200ff004230c2
:105184001400c2af1000c28fff0042301800c2af3b
:105194004000c28f021602001c00c2af4000c28f42
:1051a40002140200ff0042302000c2af4000c28f50
:1051b40002120200ff0042302400c2af4000c28f3e
:1051c400ff0042302800c2af86bf033c3004629423
:1051d4000463027c300462a4060004241754400fc4
:1051e4000000000086bf033c3004629401000424e4
:1051f4000463827c300462a43054400f0000000039
:105204002c00c2af2c00c28f030042302c00c2af6e
:105214002c00c38f02000224ebff62140000000084
:1052240086bf033c300462940463027c300462a4ad
:10523400020004241754400f000000001400c48f1f
:105244001754400f000000002c00c2af1800c48f98
:105254001754400f000000002c00c2af1c00c48f84
:105264001754400f000000002c00c2af2000c48f70
:105274001754400f000000002c00c2af2400c48f5c
:105284001754400f000000002c00c2af2800c48f48
:105294001754400f000000002c00c2af86bf033c2f
:1052a40030046294010004240463827c300462a408
:1052b40021e8c0033400bf8f3000be8f3800bd2703
:1052c4000800e00300000000c8ffbd273400bfafa2
:1052d4003000beaf21f0a0033800c4af3c00c5af1e
:1052e4003800c28f80100200801802002110430091
:1052f40080180200211843003c00c28f2110620074
:1053040080100200ff3f42301000c2af1000c28f75
:1053140002120200ff0042301400c2af1000c28f1c
:10532400ff0042301800c2af86bf033c30046294d1
:105334000463027c300462a4030004241754400f65
:10534400000000001c00c2af1400c48f1754400fab
:10535400000000001c00c2af1800c48f1754400f97
:10536400000000001c00c2af212000001754400fb1
:10537400000000002000c2af212000001754400f9d
:10538400000000002400c2af212000001754400f89
:10539400000000002800c2af212000001754400f75
:1053a400000000002c00c2af86bf033c30046294ae
:1053b400010004240463827c300462a42000c28fb0
:1053c400001e02002400c28f00140200251862008f
:1053d4002800c28f00120200251862002c00c28f20
:1053e4002510620021e8c0033400bf8f3000be8f57
:1053f4003800bd270800e00300000000d8ffbd27e7
:105404002400bfaf2000beaf21f0a00386bf033c41
:10541400300162944429027c300162a4a600042471
:105424001754400f000000001000c2af21200000fc
:105434001754400f000000001400c2af21200000e8
:105444001754400f000000001800c2af21200000d4
:105454001754400f000000001c00c2af86bf033c7d
:1054640030016294010004244429827c300162a446
:105474001400c28f001c02001800c28f0012020028
:10548400251862001c00c28f25106200c2110200a0
:1054940021e8c0032400bf8f2000be8f2800bd2751
:1054a4000800e00300000000d0ffbd272c00bfafc0
:1054b4002800beaf21f0a00386bf033c30016294f4
:1054c4004429027c300162a4a60004241754400f2e
:1054d400000000001000c2af212000001754400f4c
:1054e400000000001400c2af212000001754400f38
:1054f400000000001800c2af212000001754400f24
:10550400000000001c00c2af212000001754400f0f
:10551400000000002000c2af86bf033c300162944b
:10552400010004244429827c300162a41400c28f47
:10553400001e02001800c28f001402002518620029
:105544001c00c28f00120200251862002000c28fc6
:105554002510620021e8c0032c00bf8f2800be8ff5
:105564003000bd270800e00300000000d0ffbd2785
:105574002c00bfaf2800beaf21f0a00386bf033cc0
:10558400300162944429027c300162a4a600042400
:105594001754400f000000001000c2af212000008b
:1055a4001754400f000000001400c2af2120000077
:1055b4001754400f000000001800c2af2120000063
:1055c4001754400f000000001c00c2af212000004f
:1055d4001754400f000000002000c2af212000003b
:1055e4001754400f000000002400c2af86bf033ce4
:1055f40030016294010004244429827c300162a4b5
:105604001400c28fffff423000120200ffff43303c
:105614001800c28fffff423025106200ffff4230a6
:105624002016027cf08182a71c00c28f001c02009d
:105634002000c28f00120200251862002400c28fcd
:1056440025106200c211020021e8c0032c00bf8fa4
:105654002800be8f3000bd270800e00300000000d2
:10566400d8ffbd272400bfaf2000beaf21f0a003a8
:105674002800c4af86bf033c300162944429027cf5
:10568400300162a4970004241754400f0000000066
:105694001400c2af2800c48f1754400f000000004c
:1056a4001400c2af86bf033c30016294010004249d
:1056b4004429827c300162a41000c0afb555400b70
:1056c400000000001000c28f010042241000c2af8d
:1056d4001000c28f1e004228faff40140000000090
:1056e40086bf033c300162944429027c300162a4e9
:1056f400ad0004241754400f000000001400c2af92
:10570400212000001754400f000000001800c2af11
:10571400212000001754400f000000001c00c2affd
:1057240086bf033c30016294010004244429827c36
:10573400300162a41800c28f02004230deff401420
:10574400000000001c00c28f001a02001800c28f63
:105754002510620021e8c0032400bf8f2000be8f03
:105764002800bd270800e00300000000e0ffbd277b
:105774001c00bfaf1800beaf21f0a0032000c4afcf
:105784002400c5af86bf033c300162944429027ce7
:10579400300162a4d20004241754400f000000001a
:1057a4001000c2af2000c48f1754400f0000000047
:1057b4001000c2af2400c48f1754400f0000000033
:1057c4001000c2af86bf033c300162940100042480
:1057d4004429827c300162a42110000021e8c00326
:1057e4001c00bf8f1800be8f2000bd270800e003f7
:1057f40000000000f0ffbd270c00beaf21f0a003a5
:105804001000c4af1400c5af1800c6af0080023c3e
:10581400a85c428c010044248888023c8988423474
:105824001900820010100000021102004010020052
:105834000019020023186200231083000080033c37
:10584400a85c62ac0080023ca85c428c0000c2af41
:105854000080023ca85c42240400438c0000c28ff8
:1058640011006214000000000000c28f0600401402
:10587400000000000080023c1d000324a85c43ac2f
:105884002856400b000000000080023ca85c428cbb
:10589400ffff43240080023ca85c43acffff0224ca
:1058a4004456400b000000000080023c0000c38fff
:1058b4000200632480180300a85c422421106200c3
:1058c4001000c38f000043ac0080023c0000c38f73
:1058d4002000632480180300a85c42242110620085
:1058e4001400c38f000043ac0080023c0000c38f4f
:1058f4003e00632480180300a85c42242110620047
:105904001800c38f000043ac2110000021e8c0033d
:105914000c00be8f1000bd270800e003000000004b
:10592400d8ffbd272400bfaf2000beaf21f0a003e5
:105934005c80828f2e004004000000005c80828f17
:105944002120000021284000b354400f0000000033
:105954001000c2af1800c0af1c00c0afdbff0224b0
:105964001800c2a31900c0a35c80828fff004230dc
:105974001a00c2a35c80828f03120200ff0042302f
:105984001b00c2a31000c28fff0042301c00c2a340
:105994001000c28f02120200ff0042301d00c2a399
:1059a4001000c28f02140200ff0042301e00c2a386
:1059b4001000c28f02160200ff0042301f00c2a373
:1059c4001c80838f1800c227212060000800052452
:1059d40021304000df5c400f00000000ffff022484
:1059e4005c8082af21100000b356400b0000000021
:1059f4000080023ca85c438c0080023ca85c4224ea
:105a04000400428c2f006210000000000080023c61
:105a1400a85c42240400428c010044248888023c8f
:105a2400898842341900820010100000021102001b
:105a340040100200001902002318620023108300a2
:105a44001400c2af0080023c1400c38f0200632420
:105a540080180300a85c4224211062000000448cda
:105a64000080023c1400c38f2000632480180300cc
:105a7400a85c4224211062000000438c0080023c98
:105a84001400c58f3e00a52480280500a85c42248c
:105a94002110a2000000428c212860002130400027
:105aa4004c54400f000000000080023ca85c4224db
:105ab4001400c38f040043ac01000224b356400b0e
:105ac400000000002110000021e8c0032400bf8f63
:105ad4002000be8f2800bd270800e003000000005e
:105ae400e8ffbd271400bfaf1000beaf21f0a00334
:105af4000080023ca85c4424212800007001062494
:105b0400d87a400f0000000021e8c0031400bf8fc2
:105b14001000be8f1800bd270800e003000000003d
:105b2400f0ffbd270c00beaf21f0a0031000c4afee
:105b34001400c5af0080023c185e428c010043246f
:105b4400eb51023c1f854234190062001010000022
:105b54004211020080100200802002002110440043
:105b64008020020021104400231062000000c2af14
:105b74000080023c185e42240400438c0000c28f63
:105b84000400621400000000ffff0224fa56400bd8
:105b9400000000000080023c0000c38f0200632468
:105ba40080180300185e4224211062001000c38f85
:105bb400000043ac0080023c0000c38f66006324f5
:105bc40080180300185e4224211062001400c38f61
:105bd400000043ac0080023c0000c38f185e43ac5d
:105be4002110000021e8c0030c00be8f1000bd2767
:105bf4000800e00300000000e0ffbd271c00bfaf69
:105c04001800beaf21f0a0030080023c185e438c54
:105c14000080023c185e42240400428c2a00621078
:105c2400000000000080023c185e42240400428c04
:105c340001004324eb51023c1f85423419006200e9
:105c440010100000421102008010020080200200a7
:105c5400211044008020020021104400231062001f
:105c64001000c2af0080023c1000c38f0200632406
:105c740080180300185e4224211062000000438c47
:105c84000080023c1000c48f66008424802004003d
:105c9400185e4224211082000000428c2120600002
:105ca40021284000dc55400f000000000080023c29
:105cb400185e42241000c38f040043ac0100022488
:105cc4003457400b000000002110000021e8c003fd
:105cd4001c00bf8f1800be8f2000bd270800e00302
:105ce40000000000e8ffbd271400bfaf1000beafe6
:105cf40021f0a0030080023c185e44242128000007
:105d040028030624d87a400f0000000021e8c003cd
:105d14001400bf8f1000be8f1800bd270800e003d9
:105d240000000000e8ffbd271400bfaf1000beafa5
:105d340021f0a0031800c4af1800c28f0600422c43
:105d440032004010000000001800c28f80180200ca
:105d5400019d023c6c5d4224211062000000428cd3
:105d64000800400000000000845d019d9c5d019dd1
:105d7400b45d019dcc5d019de45d019dfc5d019dd3
:105d84000d00042480000524dc55400f00000000b1
:105d94008457400b000000000e0004240400052476
:105da400dc55400f000000008457400b0000000049
:105db4000f00042405000524dc55400f00000000fa
:105dc4008457400b00000000100004242128000028
:105dd400dc55400f000000008457400b0000000019
:105de40011000424a5000524dc55400f0000000028
:105df4008457400b000000001200042421280000f6
:105e0400dc55400f000000000000000021e8c00342
:105e14001400bf8f1000be8f1800bd270800e003d8
:105e240000000000e8ffbd271400bfaf1000beafa4
:105e340021f0a0031800c4af1800c28f0d00422c3b
:105e440063004010000000001800c28f8018020098
:105e5400019d023c6c5e4224211062000000428cd1
:105e64000800400000000000a05e019db85e019d96
:105e7400d05e019de85e019d005f019d185f019d5c
:105e8400305f019d485f019d605f019d785f019dca
:105e9400905f019da85f019dc05f019d21200000ce
:105ea40020000524dc55400f00000000f557400b8e
:105eb400000000000100042427000524dc55400fe5
:105ec40000000000f557400b00000000020004240d
:105ed4001f000524dc55400f00000000f557400b5f
:105ee400000000000300042410000524dc55400fca
:105ef40000000000f557400b0000000004000424db
:105f040021280000dc55400f00000000f557400b2d
:105f1400000000000500042430000524dc55400f77
:105f240000000000f557400b0000000006000424a8
:105f3400d3000524dc55400f00000000f557400b4a
:105f4400000000000700042421280000dc55400f55
:105f540000000000f557400b000000000800042476
:105f640021280000dc55400f00000000f557400bcd
:105f7400000000000900042421280000dc55400f23
:105f840000000000f557400b000000000a00042444
:105f940021280000dc55400f00000000f557400b9d
:105fa400000000000b00042421280000dc55400ff1
:105fb40000000000f557400b000000000c00042412
:105fc400ff000524dc55400f000000000000000025
:105fd40021e8c0031400bf8f1000be8f1800bd2736
:105fe4000800e00300000000e0ffbd271c00bfaf75
:105ff4001800beaf21f0a0030d0004249955400ff2
:106004000000000002120200ff0042301000c2af84
:106014001000c38f800002240400621000000000fe
:10602400211000004c58400b000000000e00042416
:106034009955400f0000000002120200ff00423098
:106044001000c2af1000c38f0400022404006210c9
:1060540000000000211000004c58400b000000001c
:106064000f0004249955400f0000000002120200a2
:10607400ff0042301000c2af1000c38f050002249d
:106084000400621000000000211000004c58400b76
:1060940000000000100004249955400f0000000087
:1060a40002120200ff0042301000c2af1000c28f83
:1060b4000400401000000000211000004c58400b68
:1060c40000000000110004249955400f0000000056
:1060d40002120200ff0042301000c2af1000c38f52
:1060e400a50002240400621000000000211000003a
:1060f4004c58400b00000000120004249955400f36
:106104000000000002120200ff0042301000c2af83
:106114001000c28f04004010000000002110000095
:106124004c58400b000000000100022421e8c00389
:106134001c00bf8f1800be8f2000bd270800e0039d
:1061440000000000e0ffbd271c00bfaf1800beaf79
:1061540021f0a003212000009955400f0000000009
:1061640002120200ff0042301000c2af1000c38fc1
:10617400200002240400621000000000211000002e
:10618400fa58400b00000000010004249955400f08
:106194000000000002120200ff0042301000c2aff3
:1061a4001000c38f270002240400621000000000c6
:1061b40021100000fa58400b0000000002000424e3
:1061c4009955400f0000000002120200ff00423007
:1061d4001000c2af1000c38f1f000224040062101d
:1061e4000000000021100000fa58400b00000000dd
:1061f400030004249955400f00000000021202001d
:10620400ff0042301000c2af1000c38f1000022400
:10621400040062100000000021100000fa58400b36
:1062240000000000040004249955400f0000000001
:1062340002120200ff0042301000c2af1000c28ff1
:10624400040040100000000021100000fa58400b28
:1062540000000000050004249955400f00000000d0
:1062640002120200ff0042301000c2af1000c38fc0
:10627400300002240400621000000000211000001d
:10628400fa58400b00000000060004249955400f02
:106294000000000002120200ff0042301000c2aff2
:1062a4001000c38fd3000224040062100000000019
:1062b40021100000fa58400b0000000007000424dd
:1062c4009955400f0000000002120200ff00423006
:1062d4001000c2af1000c28f040040100000000084
:1062e40021100000fa58400b0000000008000424ac
:1062f4009955400f0000000002120200ff004230d6
:106304001000c2af1000c28f040040100000000053
:1063140021100000fa58400b00000000090004247a
:106324009955400f0000000002120200ff004230a5
:106334001000c2af1000c28f040040100000000023
:1063440021100000fa58400b000000000a00042449
:106354009955400f0000000002120200ff00423075
:106364001000c2af1000c28f0400401000000000f3
:1063740021100000fa58400b000000000b00042418
:106384009955400f0000000002120200ff00423045
:106394001000c2af1000c28f0400401000000000c3
:1063a40021100000fa58400b000000000c000424e7
:1063b4009955400f0000000002120200ff00423015
:1063c4001000c2af1000c38fff000224040062104b
:1063d4000000000021100000fa58400b00000000eb
:1063e4000100022421e8c0031c00bf8f1800be8fe7
:1063f4002000bd270800e00300000000e8ffbd27df
:106404001400beaf21f0a0031800c4af1c00c5af38
:1064140080bf033cb0146290010004240418827c01
:10642400b01462a080bf033c441762900e000424a1
:106434000420827c441762a080bf033ca4176290ae
:106444000e0004240420827ca41762a01800c38fc9
:106454000800022405006214000000000400c0a328
:106464000500c0a33159400b000000001800c38f81
:10647400100002240600621400000000010002243f
:106484000400c2a30500c0a33159400b0000000062
:106494001800c38f200002240600621400000000cc
:1064a4000400c0a3010002240500c2a33159400b1b
:1064b40000000000010002240400c2a30500c0a3e0
:1064c4001c00c28f05004014000000000800c0a397
:1064d4000900c0a35259400b000000001c00c38fe8
:1064e4000100022406006214000000000800c0a39a
:1064f400010002240900c2a35259400b000000000d
:106504001c00c38f02000224060062140000000075
:10651400010002240800c2a30900c0a35259400b81
:10652400000000001c00c38f030002240500621455
:1065340000000000010002240800c2a3010002249c
:106544000900c2a384bf023c1d000324307443ac81
:1065540084bf023c40000324147443ac84bf023c57
:10656400007440ac84bf023c2074428c0000c2af73
:1065740084bf033c0074628c010004244429827c9f
:10658400007462ac0400c283ff0042300100423058
:10659400ff00443084bf033c0074628c8452827ccc
:1065a400007462ac0500c283ff0042300100423037
:1065b400ff00443084bf033c0074628cc45a827c64
:1065c400007462ac84bf033c0074628c0100042438
:1065d400444a827c007462ac0800c283ff004230eb
:1065e40001004230ff00443084bf033c0074628cdd
:1065f4008431827c007462ac0900c283ff004230a3
:1066040001004230ff00443084bf033c0074628cbc
:106614000442827c007462ac84bf033c0074628ccc
:1066240001000424c47b827c007462ac21e8c003b2
:106634001400be8f1800bd270800e003000000000e
:10664400f0ffbd270c00beaf21f0a0031000c4afc3
:1066540084bf023c2074428c0000c2af84bf023c61
:106664001000c38f207443ac0000000084bf023cc0
:106674001074428c01004230fcff40100000000006
:1066840084bf023c2074428c0000c2af0000c28f61
:1066940021e8c0030c00be8f1000bd270800e003f2
:1066a40000000000d8ffbd272400bfaf2000beaf0c
:1066b40021f0a00386bf033c300362948431027c42
:1066c400300362a4ff0004249159400f000000002d
:1066d4001000c2afff0004249159400f00000000d5
:1066e4001400c2af86bf033c30036294010004244b
:1066f4008431827c300362a41000c28f001a02002d
:106704001400c28f251062001800c2af1800c28f97
:10671400ff3f423021e8c0032400bf8f2000be8f1a
:106724002800bd270800e00300000000d0ffbd27bb
:106734002c00bfaf2800beaf21f0a0033000c4afcf
:106744001000c0af1800c0afaa59400f00000000ed
:106754001000c2af1000c28f640042282100401014
:1067640000000000010002241400c2aff359400be2
:1067740000000000aa59400f000000001c00c2af36
:106784001c00c28f9c3f42280800401400000000f7
:106794001c00c28f00c042241000c38f211062006d
:1067a4001000c2aff059400b000000001000c38f6e
:1067b4001c00c28f211062001000c2af1400c28fef
:1067c400010042241400c2af1400c38f3000c28ff2
:1067d4002a106200e7ff401400000000305a400b0a
:1067e400000000001000c28f9c3f4228210040148a
:1067f40000000000010002241400c2af175a400b2d
:1068040000000000aa59400f000000002000c2afa1
:106814002000c28f640042280800401000000000dd
:106824002000c28f004042241000c38f2110620058
:106834001000c2af145a400b000000001000c38fb8
:106844002000c28f211062001000c2af1400c28f5a
:10685400010042241400c2af1400c38f3000c28f61
:106864002a106200e7ff401400000000305a400b79
:1068740000000000010002241400c2af2b5a400b98
:1068840000000000aa59400f000000002118400039
:106894001000c28f211062001000c2af1400c28f1a
:1068a400010042241400c2af1400c38f3000c28f11
:1068b4002a106200f3ff4014000000001000c38f90
:1068c4003000c28f1a006200f40140001010000072
:1068d400121000001800c2af1800c28f00404228f6
:1068e40006004014000000001800c28f00c04224bb
:1068f4001800c2af465a400b000000001800c28fb7
:1069040004004104000000001800c28f004042242b
:106914001800c2af1800c28f21e8c0032c00bf8f3b
:106924002800be8f3000bd270800e00300000000ef
:10693400f0ffbd270c00beaf21f0a0031000c4afd0
:106944000400c0af1000c28f80110200ff3f432437
:10695400000044280b106400831302000100422449
:106964000400c2af0400c38f400002242d0062144f
:10697400000000000400c28fffff43240080023c9b
:106984008018030040644224211062000000438cfc
:106994000400c28fffff44240080023c80200400d6
:1069a40040644224211082000000428c1900043cff
:1069b4000040843423108200ff0044240000452852
:1069c4000b10850003120200212040000400c28f36
:1069d400ffff45240080023c8028050040614224da
:1069e4002110a2000000428c1000c58f2310a200c9
:1069f4001800820012200000211064008d28033c3e
:106a0400cbf063341800430010180000031903008e
:106a1400c3170200231062000000c2afb85a400b33
:106a2400000000000400c28fffff43240080023cea
:106a34008018030040644224211062000000438c4b
:106a44000080023c0400c48f80200400406442247f
:106a5400211082000000448c0400c28fffff4524f3
:106a64000080023c80280500406442242110a200da
:106a74000000428c23108200ff00442400004528bb
:106a84000b10850003120200212040000400c28f75
:106a9400ffff45240080023c802805004061422419
:106aa4002110a2000000428c1000c58f2310a20008
:106ab4001800820012200000211064008d28033c7d
:106ac400cbf06334180043001018000003190300ce
:106ad400c3170200231062000000c2af0000c28f7f
:106ae40021e8c0030c00be8f1000bd270800e0039e
:046af400000000009e
:020000040000fa
:020000041d01dc
:106af800e0ffbd271c00bfaf1800beaf21f0a00308
:106b08006e5d400f0000000080bf033c801662905d
:106b18000c0004240420827c801662a080bf033c01
:106b2800c4146290060004240418827cc41462a071
:106b380088bf033c0000628c01000424c47b827c73
:106b4800000062ac88bf033c0000628c040004248f
:106b580004d6827c000062ac0000000088bf023cc2
:106b68000000438ce000023c241862008000023cd4
:106b7800faff62140000000088bf033c1000628c1a
:106b880001000424c47b827c100062ac88bf033cf3
:106b98001000628c0452027c100062ac88bf033c77
:106ba8001000628c03000424c46a827c100062ac6a
:106bb80088bf033c1000628c030004240494827c88
:106bc800100062ac88bf033c1000628c8439027ce0
:106bd800100062ac88bf033c1000628c01000424e2
:106be8008473827c100062ac88bf033c1000628c06
:106bf800020004240428827c100062ac88bf033c95
:106c08001000628c020004240428827c100062ac0c
:106c180000a0023c900f422400e0437c88bf023c65
:106c2800400343ac88bf033c5003628c0f0004242c
:106c380004a4827c500362ac88bf033c5003628c7e
:106c480001000424c439827c500362ac88bf033c31
:106c58009003628c0f00042404a4827c900362ac2d
:106c680088bf033c9003628c01000424c439827cf1
:106c7800900362ac02000424100005241d5e400f3e
:106c88000000000088bf033ce003628c010004247c
:106c98000484827ce00362ac030004241000052411
:106ca8001d5e400f0000000088bf033c2004628c7a
:106cb800010004240484827c200462ac04000424bf
:106cc800100005241d5e400f0000000088bf033c33
:106cd8006004628c010004240484827c600462ac39
:106ce8001000c0af435b400b000000001000c48fd1
:106cf8007c5e400f000000001000c28f010042249b
:106d08001000c2af1000c28f10004228f7ff4014d5
:106d18000000000021200000ff070524a65e400fa8
:106d2800000000001080828f2120000021284000f0
:106d3800d05e400f000000002080828f01000424f4
:106d480021284000d05e400f000000002480828f80
:106d58000200042421284000d05e400f00000000fb
:106d68002880828f0300042421284000d05e400f31
:106d78000000000021200000212800000200062455
:106d8800f95e400f000000000100042421280000e3
:106d980003000624f95e400f0000000002000424ee
:106da8002128000004000624f95e400f00000000be
:106db800030004242128000004000624f95e400f83
:106dc8000000000021200000535e400f000000007a
:106dd80001000424535e400f000000000200042458
:106de800535e400f0000000003000424535e400f70
:106df8000000000088bf033c0000628c04d6027cbf
:106e0800000062ac0000000088bf023c0000438c18
:106e1800e000023c24106200fbff40140000000068
:106e280088bf033c2000628c01000424448c827ccf
:106e3800200062ac81bf033cd003628c05000424af
:106e480084e6827cd00362ac81bf033cd003628cb1
:106e580004ce027cd00362ac81bf033c9000628cfc
:106e6800c439027c900062ac81bf033c1001628c83
:106e780001000424c439827c100162ac21e8c003fb
:106e88001c00bf8f1800be8f2000bd270800e0033c
:106e980000000000f8ffbd270400beaf21f0a003ea
:106ea8000800c4af0800c28f40004224108082af9f
:106eb8000800c28f50004224148082af0800c28f9d
:106ec80030004224188082af0800c28f200042247c
:106ed8001c8082af0800c28f10004224208082af3d
:106ee8000800c28f000442242c8082af0800c28fa1
:106ef80010044224308082af21e8c0030400be8f12
:106f08000800bd270800e00300000000f0ffbd27cf
:106f18000c00beaf21f0a0031000c4af2110a000e8
:106f28001800c6af1400c2a30000c0af88bf023c5f
:106f3800a003428c8212020001004230410040103e
:106f48000000000088bf023cb003438c00a0023c54
:106f580025106200dc8082afdc80838f1000c28f36
:106f6800ffff4230ff074230ffff44300000628cd1
:106f78000450827c000062acdc80838f0400628c49
:106f880084da027c040062acdc80838f0400628cab
:106f980004e7027c040062ac1400c2930900422c8e
:106fa8000300401400000000080002241400c2a3db
:106fb800dc80838f1400c2930f004230ff004430fe
:106fc8000400628c0418827c040062ac015c400bf3
:106fd80000000000dc80848f0000c28f0100432481
:106fe8000000c3af1800c38f010065241800c5afa7
:106ff8000000639021108200080043a01400c3938e
:107008000000c28f2a104300f2ff40140000000065
:1070180088bf023c9003428c0020433488bf023c66
:10702800900343ac88bf023c9003428c0800433471
:1070380088bf023c900343ac01000224145c400b5f
:10704800000000002110000021e8c0030c00be8fe2
:107058001000bd270800e00300000000f0ffbd2776
:107068000c00beaf21f0a0031000c4af2110a00097
:107078001800c6af1400c2a30000c0af88bf023c0e
:107088006003428c8212020001004230410040102d
:107098000000000088bf023c7003438c00a0023c43
:1070a80025106200e08082afe080838f1000c28fdd
:1070b800ffff4230ff074230ffff44300000628c80
:1070c8000450827c000062ace080838f0400628cf4
:1070d80084da027c040062ace080838f0400628c56
:1070e80004e7027c040062ac1400c2930900422c3d
:1070f8000300401400000000080002241400c2a38a
:10710800e080838f1400c2930f004230ff004430a8
:107118000400628c0418827c040062ac555c400b4d
:1071280000000000e080848f0000c28f010043242b
:107138000000c3af1800c38f010065241800c5af55
:107148000000639021108200080043a01400c3933c
:107158000000c28f2a104300f2ff40140000000014
:1071680088bf023c5003428c0020433488bf023c55
:10717800500343ac88bf023c5003428c08004334a0
:1071880088bf023c500343ac01000224685c400bfa
:10719800000000002110000021e8c0030c00be8f91
:1071a8001000bd270800e00300000000d8ffbd273d
:1071b8002400beaf21f0a0032800c4af2c00c5af47
:1071c8003000c6afffff02240000c2af0400c0af0a
:1071d8000c00c0af020002240800c2af8c5c400b58
:1071e800000000003480838f0800c28f80110200e5
:1071f800211062001000c2af1000c28f0000428c44
:107208000100423005004010000000000800c28f55
:107218000000c2af905c400b000000000800c28f65
:10722800010042240800c2af0800c28f05004228ae
:10723800ecff4014000000000000c28f040041046d
:107248000000000021100000da5c400b0000000084
:107258003880838f0000c28f8011020021106200e5
:107268001400c2af1400c28f0000438c00a0023c7f
:10727800251062000c00c2af0c00c28f370040100e
:10728800000000000c00c28f0000428c0050427cbd
:10729800ffff4230211840002800c28f000043ac95
:1072a8000c00c28f0400428c0018427cff00423060
:1072b800211840003000c28f000043a00c00c28f8c
:1072c8000400428c0018427cff004230160040182f
:1072d80000000000c35c400b000000002c00c28fbf
:1072e800010043242c00c3af0400c38f01006424b1
:1072f8000400c4af0c00c48f2118830008006390f9
:10730800000043a00c00c28f0400428c0018427c8d
:10731800ff004230211840000400c28f2a104300a9
:10732800eeff4014000000003c80838f0000c28ff5
:1073380080110200211062001800c2af1800c28f2d
:107348000000428c002043341800c28f000043ac78
:1073580001000224da5c400b00000000211000004c
:1073680021e8c0032400be8f2800bd270800e003e1
:1073780000000000f0ffbd270c00beaf21f0a00305
:107388001000c4af1400c5af1800c6af0080023c9f
:107398009843428c01004324eb51023c1f85423440
:1073a800190062001010000082110200c0100200d3
:1073b8008020020021104400802002002110440097
:1073c800231062000000c2af0080023c98434224b0
:1073d8000400438c0000c28f040062140000000007
:1073e800ffff0224225d400b000000000080023ce9
:1073f8000000c38fca006324801803009843422406
:10740800211062001400c38f000043ac0080023cce
:107418000000c38f020063248018030098434224ad
:10742800211062001000c38f000043ac0000c28f1f
:10743800c9004224c01802000080023c984342243c
:10744800211062001800c38f03006488000064984c
:10745800070065882130a000040066982118c00044
:10746800030044a8000044b8070043a8040043b838
:107478000080023c0000c38f984343ac21100000f9
:1074880021e8c0030c00be8f1000bd270800e003f0
:1074980000000000e0ffbd271c00bfaf1800beaf12
:1074a80021f0a0030080023c9843438c0080023cfa
:1074b800984342240400428c360062100000000009
:1074c8000080023c984342240400428c010043247b
:1074d800eb51023c1f854234190062001010000075
:1074e80082110200c0100200802002002110440016
:1074f8008020020021104400231062001000c2af57
:107508000080023c1000c38f02006324801803002f
:1075180098434224211062000000428c2120400040
:107528000080023c1000c38fca0063248018030047
:1075380098434224211062000000428cff0043302f
:107548001000c28fc9004224c02802000080023cfb
:10755800984342242110a2002128600021304000d5
:10756800c55b400f00000000211840000100022404
:1075780005006214000000000080023c9843422489
:107588001000c38f040043ac01000224685d400b67
:10759800000000002110000021e8c0031c00bf8f7c
:1075a8001800be8f2000bd270800e003000000007f
:1075b800e8ffbd271400bfaf1000beaf21f0a00345
:1075c8000080023c9843442421280000880c0624ab
:1075d800d87a400f0000000021e8c0031400bf8fd4
:1075e8001000be8f1800bd270800e003000000004f
:1075f800f0ffbd270c00beaf21f0a0031000c4af00
:107608001400c5af1800c6af0080023c2050428c61
:1076180001004324eb51023c1f85423419006200eb
:107628001010000082110200c01002008020020029
:107638002110440080200200211044002310620021
:107648000000c2af0080023c205042240400438c5a
:107658000000c28f0400621400000000ffff022433
:10766800c15d400b000000000080023c0000c38f99
:10767800ca006324801803002050422421106200ad
:107688001400c38f000043ac0080023c0000c38f8d
:107698000200632480180300205042242110620055
:1076a8001000c38f000043ac0000c28fc900422401
:1076b800c01802000080023c2050422421106200c1
:1076c8001800c38f03006488000064980700658869
:1076d8002130a000040066982118c000030044a8c7
:1076e800000044b8070043a8040043b80080023ce7
:1076f8000000c38f205043ac2110000021e8c003d4
:107708000c00be8f1000bd270800e0030000000039
:10771800e0ffbd271c00bfaf1800beaf21f0a003db
:107728000080023c2050438c0080023c20504224c0
:107738000400428c36006210000000000080023c09
:10774800205042240400428c01004324eb51023ca7
:107758001f854234190062001010000082110200d7
:10776800c010020080200200211044008020020086
:1077780021104400231062001000c2af0080023cb8
:107788001000c38f02006324801803002050422495
:10779800211062000000428c212040000080023c41
:1077a8001000c38fca0063248018030020504224ad
:1077b800211062000000428cff0043301000c28f8d
:1077c800c9004224c02802000080023c2050422404
:1077d8002110a2002128600021304000195c400fd0
:1077e8000000000021184000010002240500621476
:1077f800000000000080023c205042241000c38f8b
:10780800040043ac01000224075e400b00000000a6
:107818002110000021e8c0031c00bf8f1800be8f94
:107828002000bd270800e00300000000e8ffbd2796
:107838001400bfaf1000beaf21f0a0030080023ccf
:107848002050442421280000880c0624d87a400fb0
:107858000000000021e8c0031400bf8f1000be8f95
:107868001800bd270800e00300000000f0ffbd2756
:107878000c00beaf21f0a0031000c4af1400c5afc8
:1078880088bf023c500342240000c2af1000c28fe0
:10789800801102000000c38f211062001000c38f06
:1078a800801903000000c48f211883000000638c36
:1078b800c439037c000043ac1000c28f8011020061
:1078c8000000c38f211062001000c38f80190300cd
:1078d8000000c48f211883000000638c4408037cd7
:1078e800000043ac1000c28f801102000000c38f5b
:1078f800211062001000c38f801903000000c48f9c
:10790800211883000000638ce0ff053cffffa534cd
:10791800242065001400c38fffff6324002c03009c
:107928001f00033c2418a30025188300000043ac63
:1079380021e8c0030c00be8f1000bd270800e0033b
:1079480000000000e8ffbd271400beaf21f0a0032f
:107958001800c4af88bf023cc00042240000c2af78
:107968001800c28f03004324000044280b10640051
:10797800831002000400c2af1800c38fc3170300ae
:10798800821702002118620003006330231062008e
:107998000800c2af0400c28f001102000000c38fac
:1079a800211062000400c38f001903000000c48f77
:1079b800211883000000648c0800c38fc0180300de
:1079c80007006324010005240418650025188300b6
:1079d800000043ac21e8c0031400be8f1800bd2787
:1079e8000800e00300000000e8ffbd271400beaf58
:1079f80021f0a0031800c4af88bf023cc000422495
:107a08000000c2af1800c28f0300432400004428be
:107a18000b106400831002000400c2af1800c38f6b
:107a2800c3170300821702002118620003006330a5
:107a3800231062000800c2af0400c28f00110200c8
:107a48000000c38f211062000400c38f00190300d7
:107a58000000c48f211883000000648c0800c38fc5
:107a6800c0180300070063240100052404186500fa
:107a78002718030024188300000043ac21e8c00342
:107a88001400be8f1800bd270800e00300000000a6
:107a9800f0ffbd270c00beaf21f0a0031000c4af5b
:107aa8001400c5af88bf023c800042240000c2af6a
:107ab8001400c28fff0742301400c2af1000c28ffb
:107ac800001102000000c38f211062001000c38f54
:107ad800001903000000c48f211883000000638c84
:107ae80000a0647c1400c38f401d03002518830088
:107af800000043ac1000c28f001102000000c38fc9
:107b0800211062001000c38f001903000000c48f09
:107b1800211883000000648c0800033c25188300aa
:107b2800000043ac21e8c0030c00be8f1000bd2745
:107b38000800e00300000000f0ffbd270c00beaf06
:107b480021f0a0031000c4af1400c5af88bf023ce9
:107b5800400142240000c2af1400c28fff07423028
:107b68001400c2af1000c28f001102000000c38fc2
:107b7800211062001000c38f001903000000c48f99
:107b8800211883000000638c00a0647c1400c38f5c
:107b9800401d030025188300000043ac1000c28f6d
:107ba800001102000000c38f211062001000c38f73
:107bb800001903000000c48f211883000000638ca3
:107bc800c49c037c000043ac21e8c0030c00be8fba
:107bd8001000bd270800e00300000000e8ffbd27f3
:107be8001400beaf21f0a0031800c4af1c00c5af3d
:107bf8002000c6af88bf023cc00042240000c2afcc
:107c08001800c28f03004324000044280b106400ae
:107c1800831002000400c2af1800c38fc31703000b
:107c280082170200211862000300633023106200eb
:107c38000800c2af0400c28f001102000000c38f09
:107c4800211062000400c38f001903000000c48fd4
:107c5800211883000000648c0800c38fc01803003b
:107c680060000524041865002718030024208300f9
:107c78000800c38fc01803006000052404286500ad
:107c88000800c38fc0180300050063241c00c68fba
:107c9800041866002418a30025188300000043accc
:107ca8000400c28f001102000000c38f211062007f
:107cb8000400c38f001903000000c48f211883003b
:107cc8000000648c0800c38fc01803001f0005243f
:107cd8000418650027180300242083000800c38fb8
:107ce800c01803001f000524042865000800c38f7e
:107cf800c01803002000c68f041866002418a300cb
:107d080025188300000043ac21e8c0031400be8f8f
:107d18001800bd270800e00300000000f8ffbd2799
:107d28000400beaf21f0a00380bf033cd0146290d2
:107d38000a0004240418827cd01462a080bf033c8b
:107d4800d41462900a0004240418827cd41462a01b
:107d580083bf033c00b262948462027c00b262a4d6
:107d680083bf033c00b262940408027c00b262a4a0
:107d780083bf033c10b2628c010004248473827cac
:107d880010b262ac83bf033c10b2628c02000424c0
:107d9800c46a827c10b262ac83bf033c00b26294b6
:107da80001000424c47b827c00b262a421e8c003e1
:107db8000400be8f0800bd270800e0030000000093
:107dc800f8ffbd270400beaf21f0a003188480afe0
:107dd80021e8c0030400be8f0800bd270800e003a7
:107de80000000000f0ffbd270c00beaf21f0a0038b
:107df8000881838f0481828f231062000000c2af44
:107e08004481838f0080023c801803009014422430
:107e1800211062000000428c0000c38f231862000a
:107e28004881828f21106200488182af4481838f0c
:107e38000080023c80180300901442242110620044
:107e48000000c38f000043ac4481828f01004224ac
:107e5800448182af4481828f0a0042280200401484
:107e680000000000448180af4881828f6666033c31
:107e78006766633418004300101800008318030075
:107e8800c3170200231062000c8182af0000c28f6a
:107e9800148182af0c81848f211880008010030028
:107ea8002118400040110300231043002110440012
:107eb8000019020023186200401103002118400035
:107ec80021106000ff3f4324000044280b10640089
:107ed80083130200108182af0881828f048182aff0
:107ee8004881828ff7ff42282300401400000000d9
:107ef8004881828f0a0042281f00401000000000bd
:107f08004484828fc31f020026106200231043009e
:107f180021184000c483828f2b10430016004010a4
:107f2800000000000882828f01004224088282af8c
:107f3800e883828f8010020080180200211043001d
:107f480080180200211843000882828f2b106200db
:107f58000700401000000000d883828f010003242e
:107f68000442627cd88382afe15f400b00000000ce
:107f7800e15f400b00000000088280af4484828fdc
:107f8800c31f02002610620023104300211840007e
:107f9800d483828f2b10430014004010000000008f
:107fa8000c82828f010042240c8282afdc83828f94
:107fb800801002008018020021104300801802007f
:107fc800211843000c82828f2b1062000800401099
:107fd80000000000d883828f01000324444a627c99
:107fe800d88382affe5f400b000000000c8280af98
:107ff80021e8c0030c00be8f1000bd270800e00375
:1080080000000000f0ffbd270c00beaf21f0a00368
:1080180083bf023c30b2428c0400c2aff083828f2f
:1080280007004014000000006481838f0400c28fa1
:10803800231062000000c2af1660400b0000000071
:108048006481828f0400c38f231062000000c2afd6
:10805800c083838f0000c28f21106200c08382af6b
:108068006481838f0400c28f231862001884828f72
:1080780021106200188482afc083828f088182af8a
:108088000400c28f648182af21e8c0030c00be8f58
:108098001000bd270800e0030000000080ffbd2796
:1080a8007c00bfaf7800beaf21f0a00383bf023cc5
:1080b80030b240ac648180afaa59400f0000000084
:1080c8000a000424cc59400f000000005000c2af41
:1080d8000055400f0000000007004324000044281a
:1080e8000b106400c31002005400c2af5000c48fcc
:1080f8004d5a400f000000005800c2af2081828f07
:108108005c00c2af5800c38f5c00c28f23106200ae
:108118000000824420008046000002441000c2afe4
:108128001c81828f5400c38f231062000008824490
:1081380060088046000802441400c2af1000c38fd4
:10814800029d023cf0f0428c000083440008824407
:108158003e08004609000045000000001000c38fdb
:10816800029d023cf4f0428c0000834400088244e3
:1081780001000146000002441000c2af1000c38f86
:10818800029d023cf8f0428c0000834400088244bf
:108198003c01014609000445000000001000c38f9f
:1081a800029d023cf4f0428c0000834400088244a3
:1081b80000000146000002441000c2af1400c38f43
:1081c800029d023cf4f0428c000083440008824483
:1081d8003e0a004609000845000000001400c38f4d
:1081e800029d023cf4f0428c000083440008824463
:1081f80001000146000002441400c2af1400c38ffe
:108208002110000000008344000882443c0301461a
:1082180009000c45000000001400c38f029d023cb9
:10822800f4f0428c000083440008824400000146b8
:10823800000002441400c2af029d023cfcf0428cd4
:108248001000c38f000083440008824403000146e5
:1082580000000244000082440d0000460000024471
:108268006000c2af1800c0af029d023c00f1428c12
:108278002000c2aff6ff02241c00c2afdb60400b37
:10828800000000006000c38f1c00c28f2110620034
:1082980080130200000882446008804600080344f6
:1082a8001400c28f00008344000882440000014685
:1082b80000000344029d023c04f1428c0000834408
:1082c8000008824403000146000002446400c2af73
:1082d8006400c38f1000c28f0000834400088244ea
:1082e80001000146000002447000c2af7000c28f56
:1082f800000082442100004600000244000063445c
:10830800006082440060e3444f7c400f000000009e
:108318000000024400006344000882440008e3446b
:1083280060082046000802446800c2af6800c38f96
:108338002000c28f00008344000882443c040146a8
:1083480005001045000000006800c28f2000c2af81
:108358001c00c28f1800c2af1c00c28f010042244b
:108368001c00c2af1c00c28f0b004228c5ff40147e
:1083780000000000f083828f13004014000000000a
:108388006000c38f1800c28f2110620080130200a2
:108398000000824420008046000003441400c28f7d
:1083a8000008834400008244400800460008024454
:1083b800000882444d080046000802442400c2af69
:1083c8000661400b000000001400c38f0080023ccf
:1083d800262062006000c38f1800c28f211062003f
:1083e80080130200000082442000804600000244fe
:1083f8000008844400008244410800460008024402
:10840800000882444d080046000802442400c2af18
:108418002800c0af2c00c0af3000c0af2400c28f0e
:108428004000c2af2400c28f4400c2af2400c28ff4
:108438006c00c2af4800c0affdff02243400c2afd9
:108448005061400b000000003400c38f2110600011
:1084580080100200802002002110440080200200c9
:10846800211044002110430080130200211840000d
:108478004000c28f211862002883828f231862006f
:10848800f9ff023c01c042342a1062002700401460
:10849800000000003400c38f21106000801002002b
:1084a8008020020021104400802002002110440096
:1084b8002110430080130200211840004000c28fa1
:1084c800211862002883828f231862000600023c6c
:1084d800004042342a1062001400401000000000de
:1084e800010002242800c2af3400c38f21106000ad
:1084f8008010020080200200211044008020020029
:108508002110440021104300801302004000c38f53
:10851800211062004000c2af4800c28f010042240f
:108528004800c2af5461400b000000003400c28f05
:10853800010042243400c2af3400c28f0400422834
:10854800c1ff401400000000fdff02243800c2af44
:108558009461400b000000003800c38f21106000b8
:1085680080100200802002002110440080200200b8
:1085780021104400211043008013020021184000fc
:108588004400c28f211862002c83828f2318620056
:10859800f9ff023c01c042342a106200270040144f
:1085a800000000003800c38f211060008010020016
:1085b8008020020021104400802002002110440085
:1085c8002110430080130200211840004400c28f8c
:1085d800211862002c83828f231862000600023c57
:1085e800004042342a1062001400401000000000cd
:1085f800010002242c00c2af3800c38f2110600094
:108608008010020080200200211044008020020017
:108618002110440021104300801302004400c38f3e
:10862800211062004400c2af4800c28f01004224fa
:108638004800c2af9861400b000000003800c28fac
:10864800010042243800c2af3800c28f040042281b
:10865800c1ff401400000000fdff02243c00c2af2f
:10866800d861400b000000003c00c38f211060005f
:1086780080100200802002002110440080200200a7
:1086880021104400211043008013020021184000eb
:108698006c00c28f211862003083828f2318620019
:1086a800f9ff023c01c042342a106200270040143e
:1086b800000000003c00c38f211060008010020001
:1086c8008020020021104400802002002110440074
:1086d8002110430080130200211840006c00c28f53
:1086e800211862003083828f231862000600023c42
:1086f800004042342a1062001400401000000000bc
:10870800010002243000c2af3c00c38f211060007a
:108718008010020080200200211044008020020006
:108728002110440021104300801302006c00c38f05
:10873800211062006c00c2af4800c28f01004224c1
:108748004800c2afdc61400b000000003c00c28f53
:10875800010042243c00c2af3c00c28f0400422802
:10876800c1ff401400000000010002244c00c2af09
:108778004800c38f03000224300062140000000088
:108788003400c38f3800c28f11006214000000004b
:108798003400c38f3c00c28f050062140000000043
:1087a80003000224348382aff061400b0000000014
:1087b80002000224348382af2883828f248182af0f
:1087c8004000c28f2400c2af4f62400b000000007f
:1087d8003400c38f3c00c28f0900621400000000ff
:1087e8002883828f248182af4000c28f2400c2afc9
:1087f80002000224348382af4f62400b0000000065
:108808003800c38f3c00c28f0900621400000000ca
:108818002c83828f248182af4400c28f2400c2af90
:1088280002000224348382af4f62400b0000000034
:108838004c00c0af4f62400b000000004800c38fdf
:10884800020002243a006214000000002800c28fcf
:1088580010004014000000003800c38f3c00c28f95
:1088680009006214000000002c83828f248182afeb
:108878004400c28f2400c2af02000224348382afb6
:108888004f62400b000000004c00c0af4f62400b2d
:10889800000000002c00c28f1000401400000000ef
:1088a8003400c38f3c00c28f09006214000000002e
:1088b8002883828f248182af4000c28f2400c2aff8
:1088c80002000224348382af4f62400b0000000094
:1088d8004c00c0af4f62400b000000003000c28f58
:1088e80010004014000000003400c38f3800c28f0d
:1088f80009006214000000002883828f248182af5f
:108908004000c28f2400c2af02000224348382af29
:108918004f62400b000000004c00c0af4f62400b9c
:10892800000000004c00c0af4f62400b0000000088
:108938004c00c0af2400c28fc08382af8882828f70
:108948005400c38f23106200188482af2481828f61
:10895800348182afc083828f248182af2481828f49
:108968008d28033ccbf06334180043001018000036
:1089780003190300c317020023106200288182af85
:108988005000c28f308182af4c00c28f0600401465
:108998000000000001000224348382af0100022499
:1089a8006d62400b000000002110000021e8c003a8
:1089b8007c00bf8f7800be8f8000bd270800e003d1
:1089c80000000000a8ffbd275400bfaf5000beaf95
:1089d80021f0a003aa59400f00000000040004245d
:1089e800cc59400f000000002800c2af0055400fce
:1089f8000000000007004324000044280b10640016
:108a0800c31002002c00c2af2800c48f4d5a400f7b
:108a1800000000003000c2af2081828f3400c2af56
:108a28003000c38f3400c28f2310620000008244dc
:108a380020008046000002441000c2af1c81828fd3
:108a48002c00c38f2310620000088244600880460f
:108a5800000802441400c2af1000c38f029d023cfc
:108a6800f0f0428c00008344000882443e0800462f
:108a780009000045000000001000c38f029d023c61
:108a8800f4f0428c0000834400088244010001464f
:108a9800000002441000c2af1000c38f029d023cc8
:108aa800f8f0428c00008344000882443c010146ef
:108ab80009000445000000001000c38f029d023c1d
:108ac800f4f0428c00008344000882440000014610
:108ad800000002441000c2af1400c38f029d023c84
:108ae800f4f0428c00008344000882443e0a0046a9
:108af80009000845000000001400c38f029d023cd5
:108b0800f4f0428c000083440008824401000146ce
:108b1800000002441400c2af1400c38f21100000eb
:108b280000008344000882443c03014609000c45c8
:108b3800000000001400c38f029d023cf4f0428c38
:108b480000008344000882440000014600000244fb
:108b58001400c2af029d023cfcf0428c1000c38f8f
:108b680000008344000882440300014600000244d8
:108b7800000082440d000046000002443800c2afe5
:108b88001800c0af029d023c00f1428c2000c2af29
:108b9800e2ff02241c00c2af2263400b0000000069
:108ba8003800c38f1c00c28f21106200801302009e
:108bb8000008824460088046000803441400c28ffd
:108bc800000083440008824400000146000003447a
:108bd800029d023c04f1428c000083440008824458
:108be80003000146000002443c00c2af3c00c38fb2
:108bf8001000c28f0000834400088244010001462f
:108c0800000002444c00c2af4c00c28f00008244f6
:108c180021000046000002440000634400608244d2
:108c28000060e3444f7c400f000000000000024455
:108c380000006344000882440008e34460082046ba
:108c4800000802444000c2af4000c38f2000c28f1a
:108c580000008344000882443c0401460500104596
:108c6800000000004000c28f2000c2af1c00c28f6d
:108c78001800c2af1c00c28f010042241c00c2af02
:108c88001c00c28f1f004228c5ff401400000000ce
:108c98003800c38f1800c28f2110620080130200b1
:108ca8000000824420008046000003441400c28f64
:108cb800000883440000824440080046000802443b
:108cc800000882444d080046000802444400c2af30
:108cd8004800c0affdff02242400c2af7463400bfc
:108ce800000000002400c38f2110600080100200e3
:108cf800802002002110440080200200211044003e
:108d08002110430080130200211840004400c28f44
:108d1800211862002481828f23186200f9ff023c27
:108d280001c042342a1062002400401400000000f0
:108d38002400c38f211060008010020080200200f0
:108d4800211044008020020021104400211043001b
:108d580080130200211840004400c28f21186200cd
:108d68002481828f231862000600023c00404234ae
:108d78002a106200110040100000000001000224c7
:108d88004800c2af2400c38f211060008010020089
:108d9800802002002110440080200200211044009d
:108da80021104300801302004400c38f2110620089
:108db8004400c2af7863400b000000002400c28f5b
:108dc800010042242400c2af2400c28f04004228bc
:108dd800c4ff40140000000021e8c0035400bf8f06
:108de8005000be8f5800bd270800e00300000000b7
:020000040000fa
:020000041d01dc
:108df800a8ffbd275400bfaf5000beaf21f0a003ad
:108e0800d88380af86bf033c3004629401000424f9
:108e18000463827c300462a486bf033c3001629400
:108e2800010004244429827c300162a486bf033ceb
:108e380030046294010004248473827c300462a4a8
:108e480086bf033c30036294010004248431827c91
:108e5800300362a408000424010005248553400f50
:108e68000000000008000424020005240059400ff7
:108e7800000000001000c0afa563400b0000000018
:108e88001000c28f010042241000c2af1000c28f30
:108e9800204e4228faff4014000000001800c0af1e
:108ea800d763400b000000001000c0afc663400b42
:108eb800000000000200042421280000b354400fe1
:108ec80000000000211840001000c28f801002002e
:108ed8001000c427211082000c0043ac1400c0af5e
:108ee800bf63400b000000001400c28f0100422441
:108ef8001400c2af1400c28f10274228faff401492
:108f0800000000001000c28f010042241000c2af10
:108f18001000c28f03004228e6ff40140000000042
:108f28001c00c38f2000c28f0700621400000000dd
:108f38001c00c38f2400c28f0300621400000000cd
:108f4800db63400b000000001800c28f01004224c0
:108f58001800c2af1800c28f05004228d2ff401483
:108f6800000000001800c0af2d64400b0000000096
:108f78001000c0af0c64400b000000000200042485
:108f880011000524b354400f0000000021184000d0
:108f98001000c28f801002001000c4272110820028
:108fa800180043ac0200042412000524b354400ff7
:108fb80000000000211840001000c28f801002003d
:108fc8001000c42721108200240043ac02000424ae
:108fd80013000524b354400f00000000211840007e
:108fe8001000c28f801002001000c42721108200d8
:108ff800300043ac1400c0af0564400b0000000013
:109008001400c28f010042241400c2af1400c28fa2
:1090180010274228faff4014000000001000c28ff9
:10902800010042241000c2af1000c28f0300422882
:10903800d2ff4014000000002800c38f2c00c28f0c
:1090480017006214000000002800c38f3000c28f90
:1090580013006214000000003400c38f3800c28f70
:109068000f006214000000003400c38f3c00c28f60
:109078000b006214000000004000c38f4400c28f40
:1090880007006214000000004000c38f4800c28f30
:1090980003006214000000003164400b000000006f
:1090a8001800c28f010042241800c2af1800c28ff6
:1090b80005004228aeff4014000000002800c38fbe
:1090c8002c00c28f3c006214000000002800c38fef
:1090d8003000c28f38006214000000003400c38fd3
:1090e8003800c28f34006214000000003400c38fbf
:1090f8003c00c28f30006214000000004000c38fa3
:109108004400c28f2c006214000000004000c38f8e
:109118004800c28f28006214000000001c00c38fa2
:109128002000c28f1c006214000000001c00c38fc6
:109138002400c28f18006214000000001c00c28fb7
:10914800cc8382afcc83828f0d00400400000000e6
:10915800cc83828f0a0042280900401000000000da
:109168002800c28f288382af3400c28f2c8382af3d
:109178004000c28f308382af6e64400b0000000055
:109188000f000224cc8382af010002246c8182afdd
:109198006e64400b000000000e000224cc8382aff6
:1091a800010002246c8182af7464400b000000004f
:1091b8007464400b000000000d000224cc8382afd1
:1091c800010002246c8182afab64400f00000000f4
:1091d8000066400f00000000f866400f0000000025
:1091e8001000c0af8a64400b000000001400c0af3c
:1091f8008364400b000000001400c28f0100422469
:109208001400c2af1400c28ff4014228faff4014c0
:10921800000000001000c28f010042241000c2affd
:109228001000c28fe8034228f0ff4014000000003d
:1092380021e8c0035400bf8f5000be8f5800bd27df
:109248000800e00300000000e8ffbd271400bfafde
:109258001000beaf21f0a003cc83828f21204000f4
:10926800a75b400f00000000be5a400f000000003e
:1092780021200000ae6a400f00000000495f400f47
:10928800000000000e72400f0000000021e8c0033b
:109298001400bf8f1000be8f1800bd270800e00320
:1092a80000000000e8ffbd271400bfaf1000beafec
:1092b80021f0a003008380afd88380af088280affd
:1092c8000c8280af208280af248280af288280af5a
:1092d8002a2c400f0000000021e8c0031400bf8fb3
:1092e8001000be8f1800bd270800e0030000000032
:1092f800e8ffbd271400bfaf1000beaf21f0a003e8
:109308001800c4af1800c28f760040140000000097
:1093180002000424100005243c0006244c54400f8d
:1093280000000000cc83828f09004010000000007c
:10933800cc83838f02000224050062100000000025
:10934800cc83838f0400022408006214000000000c
:109358002120000008000524010006244c54400f79
:1093680000000000e264400b000000002120000023
:1093780008000524213000004c54400f0000000074
:109388002120000011000524401f06244c54400fe2
:1093980000000000212000001200052428230624d4
:1093a8004c54400f00000000212000001300052449
:1093b8000a0006244c54400f000000002120000041
:1093c800140005240a0006244c54400f0000000035
:1093d8002120000015000524b80b06244c54400f2a
:1093e8000000000021200000160005243075062426
:1093f8004c54400f000000002120000017000524f5
:10940800dfff023c71bc46344c54400f00000000a2
:1094180021200000180005242000023c8f43463418
:109428004c54400f000000002120000024000524b7
:10943800684206244c54400f000000002120000020
:1094480025000524640006244c54400f0000000049
:109458002120000026000524230006244c54400f38
:109468000000000021200000270005240500062434
:109478004c54400f00000000212000002800052463
:10948800500006244c54400f00000000212000002a
:1094980060000524000806244c54400f000000001a
:1094a8002120000061000524000806244c54400fc8
:1094b80000000000212000006200052400080624a6
:1094c8004c54400f0000000021200000300005240b
:1094d800213000004c54400f00000000ae65400be6
:1094e8000000000002000424100005243c000624ab
:1094f800fe55400f00000000cc83828f0900401009
:1095080000000000cc83838f020002240500621053
:1095180000000000cc83838f04000224080062143a
:109528000000000021200000080005240100062496
:10953800fe55400f000000005765400b000000007a
:10954800212000000800052421300000fe55400fae
:10955800000000002120000011000524401f0624ff
:10956800fe55400f000000002120000012000524d5
:1095780028230624fe55400f00000000212000008b
:10958800130005240a000624fe55400f00000000c1
:1095980021200000140005240a000624fe55400f6f
:1095a800000000002120000015000524b80b062447
:1095b800fe55400f00000000212000001600052481
:1095c80030750624fe55400f0000000021200000e1
:1095d80017000524dfff023c71bc4634fe55400fde
:1095e8000000000021200000180005242000023c93
:1095f8008f434634fe55400f000000002120000034
:109608002400052468420624fe55400f000000008f
:10961800212000002500052464000624fe55400f83
:109628000000000021200000260005242300062455
:10963800fe55400f000000002120000027000524ef
:1096480005000624fe55400f000000002120000000
:109658002800052450000624fe55400f0000000095
:10966800212000006000052400080624fe55400f54
:1096780000000000212000006100052400080624e5
:10968800fe55400f00000000212000006200052464
:1096980000080624fe55400f0000000021200000ad
:1096a8003000052421300000fe55400f0000000066
:1096b80021e8c0031400bf8f1000be8f1800bd271b
:1096c8000800e00300000000e0ffbd271c00bfaf5a
:1096d8001800beaf21f0a0032000c4af2000c28f45
:1096e80021004014000000001000c0afd665400bf8
:1096f800000000001000c28f2000422421284000f2
:109708001000c38f2110600080100200802002002a
:109718002110440080200200211044002110430041
:10972800801302003f004324000044280b1064000b
:109738008311020002000424213040004c54400fe1
:10974800000000001000c28f010042241000c2afc8
:109758001000c28f40004228e6ff401400000000bd
:10976800fa65400b000000001400c0aff665400b1e
:10977800000000001400c28f20004224212840006d
:109788001400c38f211060008010020080200200a6
:1097980021104400802002002110440021104300c1
:1097a800801302003f004324000044280b1064008b
:1097b800831102000200042421304000fe55400fae
:1097c800000000001400c28f010042241400c2af40
:1097d8001400c28f40004228e6ff40140000000039
:1097e80021e8c0031c00bf8f1800be8f2000bd27d2
:1097f8000800e00300000000d8ffbd272400bfaf29
:109808002000beaf21f0a0030200042410000524ac
:10981800b354400f00000000c88382afcc83828f0e
:109828000d00401000000000cc83838f020002244a
:109838000900621000000000cc83838f040002241a
:109848000500621000000000cc83838f060002240c
:10985800050062140000000001000224f08382afba
:109868001d66400b00000000f08380af212000003f
:1098780011000524b354400f00000000c48382afd8
:109888002120000012000524b354400f00000000fe
:10989800d48382af2120000013000524b354400f65
:1098a80000000000e88382af212000001400052496
:1098b800b354400f00000000dc8382af2120000079
:1098c80015000524b354400f00000000e48382af64
:1098d8002120000016000524b354400f00000000aa
:1098e800d08382af2120000017000524b354400f15
:1098f80000000000048482af212000001800052425
:10990800b354400f00000000fc8382af0a00022419
:10991800608082af88130224e08382afd483828f71
:10992800c0180200cccc023ccdcc423419006200f5
:1099380010100000c2100200408082af1400022400
:10994800448082af0484828f0100423005004010b9
:109958000000000001000224f88382af5c66400b1f
:1099680000000000f88380affc83828f0100423042
:10997800050040100000000001000224f48382afbb
:109988006566400b00000000f48380afe483838f9a
:109998000100023c2a10620003004014000000008d
:1099a800ffff0234e48382afd083838f0100023c3f
:1099b8002a1062000300401400000000ffff023478
:1099c800d08382af2120000024000524b354400f27
:1099d80000000000a48082afa480828f9c8082afa8
:1099e8002120000025000524b354400f000000008a
:1099f800a88082afa880828fa08082afa480828f47
:109a0800948082af9480828f8c8082afa880828f6e
:109a1800988082af9880828f908082af212000004a
:109a280026000524b354400f00000000b88082af20
:109a38002120000027000524b354400f0000000037
:109a4800bc8082af2120000028000524b354400fb9
:109a580000000000c08082afb880828fac8082afe7
:109a6800bc80828fb08082afc080828fb48082af8a
:109a78002120000060000524b354400f00000000be
:109a8800288482af2120000061000524b354400fd0
:109a980000000000108482af21200000620005242d
:109aa800b354400f00000000308482af2120000032
:109ab80030000524b354400f00000000188182af25
:109ac8002120000032000524b354400f000000009c
:109ad8001c8182af2120000031000524b354400fbf
:109ae80000000000208182af2120000050000524e2
:109af800b354400f00000000888282af212000008c
:109b080051000524b354400f000000001400c2aff8
:109b18002120000052000524b354400f000000002b
:109b28001800c2af01000224388382af8882838f75
:109b38001400c28f04006214000000003883828f72
:109b480001004224388382af8882838f1800c28f35
:109b580004006214000000003883828f0100422450
:109b6800388382af1000c0afee66400b00000000e3
:109b78001000c28f20004224020004242128400043
:109b8800b354400f00000000211840000080023c40
:109b98001000c48f802004004064422421108200f9
:109ba800000043ac1000c28f010042241000c2af75
:109bb8001000c28f40004228edff40140000000052
:109bc80021e8c0032400bf8f2000be8f2800bd27d6
:109bd8000800e00300000000f8ffbd270400beaf46
:109be80021f0a003cc83828f211840000080023c22
:109bf8007c0a4224200343ac0080023c7c0a4224b5
:109c080004000324240343acc883828f2118400036
:109c18000080023c7c0a4224600343acf083828fbc
:109c2800211840000080023c7c0a4224200043acfa
:109c3800c483838f0080023c7c0a4224440043ace6
:109c4800d483838f0080023c7c0a4224480043acc2
:109c5800e883838f0080023c7c0a42244c0043ac9a
:109c6800dc83838f0080023c7c0a4224500043ac92
:109c7800e483828f211840000080023c7c0a422441
:109c8800540043acd083828f211840000080023cee
:109c98007c0a4224580043ac0484828f2118400077
:109ca8000080023c7c0a42245c0043acfc83828f27
:109cb800211840000080023c7c0a4224600043ac2a
:109cc80021e8c0030400be8f0800bd270800e00398
:109cd80000000000f8ffbd270400beaf21f0a0037c
:109ce8000800c4af0800c28f0000824420008046ec
:109cf800000003440080023c400f43ac21e8c0034d
:109d08000400be8f0800bd270800e0030000000023
:109d1800f8ffbd270400beaf21f0a0030800c4afc0
:109d28000c00c5af0080023c400f42241800438c51
:109d38000100022403006214000000007167400b58
:109d4800000000000800c28f000082442000804606
:109d5800000003440080023c400f4224040043ac4e
:109d68000080023c400f42240400438c0080023ce7
:109d7800400f428c0008834400008244410800469a
:109d8800000803440080023c400f4224080043ac12
:109d98000080023c400f42240c00c38f140043ace7
:109da8000080023c400f4224100040ac0080023c7e
:109db800400f422401000324180043ac21e8c003eb
:109dc8000400be8f0800bd270800e0030000000063
:109dd800d8ffbd272400bfaf2000beaf1c00b1af25
:109de8001800b0af21f0a0030080023c400f4224cd
:109df8001800438c01000224670062140000000070
:109e08000080023c400f42241000428c0100432491
:109e18000080023c400f4224100043ac0080023c0a
:109e2800400f42241000438c0080023c400f422423
:109e38001400428c2a106200150040140000000033
:109e48000080023c400f4224140040ac0080023cd9
:109e5800400f42241400438c0080023c400f4224ef
:109e6800100043ac0080023c400f42240400438ca5
:109e78000080023c400f42240c0043ac0080023cae
:109e8800400f4224180040ace867400b0000000077
:109e98000080023c400f508c0080023c400f42245e
:109ea8000800438c029d023c84f1428c00008344ec
:109eb8000008824402000146000011440080023c70
:109ec800400f42241000428c00008244200080464b
:109ed80000000344029d023c88f1428c0008834440
:109ee8000000824442080046000803440080023c07
:109ef800400f42241400428c0008824460088046c7
:109f0800000802440000834400088244030001461c
:109f1800000002441000c2af1000c28f000082444b
:109f280021000046000002440000634400608244af
:109f38000060e344c779400f0000000000000244bd
:109f480000006344000882440008e3446008204697
:109f580000080244029d033c8cf1638c000083449a
:109f680000088244010001460000024400009144b8
:109f780000088244020001460000024400009044a8
:109f88000008824400000146000003440080023caf
:109f9800400f42240c0043ac21e8c0032400bf8fcb
:109fa8002000be8f1c00b18f1800b08f2800bd277d
:109fb8000800e00300000000f8ffbd270400beaf62
:109fc80021f0a0030800cce70080023c0800c38f02
:109fd8005c0f43ac21e8c0030400be8f0800bd2716
:109fe8000800e00300000000d0ffbd272c00bfaf31
:109ff8002800beaf2400b0af21f0a0033000cce7aa
:10a008003400cee70080023c5c0f42242800438cd9
:10a01800010002240300621400000000c868400b1d
:10a02800000000003400c38f029d023c90f1428c76
:10a0380000008344000882443c00014604000045b7
:10a0480000000000029d023c90f1428c3400c2af37
:10a058000080023c5c0f42243000c38f040043acf4
:10a068000080023c5c0f42240400438c0080023cc8
:10a078005c0f428c000083440008824401000146c2
:10a08800000003440080023c5c0f4224080043acfb
:10a098003400c38f3400c28f000083440008824418
:10a0a80002000146000003440080023c5c0f422489
:10a0b8001000428c000083440008824403000146db
:10a0c800000010440080023c5c0f42240800428ccf
:10a0d8001000c2af1000c28f000082442100004669
:10a0e8000000024400006344006082440060e344ce
:10a0f8004f7c400f00000000000002440000634451
:10a10800000882440008e34460082046000802442e
:10a1180000009044000882443c0101463a0004458e
:10a12800000000000080023c5c0f4224140040ac98
:10a138000080023c5c0f42241000428c3400c38f24
:10a1480000008344000882440300014600000344e1
:10a158000080023c5c0f42241c0043ac0080023c9f
:10a168005c0f42240800428c1400c2af1400c28f56
:10a1780000008244210000460000024400006344bd
:10a18800006082440060e3444f7c400f0000000000
:10a198000000024400006344000882440008e344cd
:10a1a8006008204600080244211840003400c28f8d
:10a1b8000000834400088244030001460000034471
:10a1c8000080023c5c0f4224200043ac0080023c2b
:10a1d8005c0f42241c00438c0080023c5c0f42242c
:10a1e8002000428c0000834400088244000001469d
:10a1f800000003440080023c5c0f4224240043ac6e
:10a20800c168400b000000000080023c5c0f422443
:10a2180001000324140043ac0080023c5c0f42247c
:10a228000800428c1800c2af1800c28f0000824498
:10a23800210000460000024400006344006082449c
:10a248000060e3444f7c400f00000000000002441f
:10a2580000006344000882440008e3446008204684
:10a2680000080244211840000080023c5c0f422490
:10a278001000428c00008344000882440300014619
:10a28800000002441c00c2af1c00c28f00008244c0
:10a29800210000460000024400006344006082443c
:10a2a8000060e344427c400f0000000000000244cc
:10a2b80000006344000882440008e3446008204624
:10a2c80000080244211840000080023c5c0f422430
:10a2d8001c0043ac0080023c5c0f42241c00428cf2
:10a2e8000000824400088244000001460000034444
:10a2f8000080023c5c0f4224200043ac0080023cfa
:10a308005c0f4224180040ac0080023c5c0f4224e1
:10a3180001000324280043ac21e8c0032c00bf8fb0
:10a328002800be8f2400b08f3000bd270800e0034e
:10a3380000000000e0ffbd271c00beaf21f0a00315
:10a348000080023c5c0f42242800438c0100022458
:10a35800d2016214000000000080023c5c0f42241d
:10a368001800438c029d023c8cf1428c000083440f
:10a378000008824400000146000003440080023cbb
:10a388005c0f4224180043ac029d023c8cf1428cc5
:10a398000000c2af0080023c5c0f42240800438cde
:10a3a8002110000000008344000882443c08004655
:10a3b8000600004500000000029d023c8cf1428c22
:10a3c8000000c2aff868400b00000000029d023c8c
:10a3d80094f1428c0000c2af0080023c5c0f422422
:10a3e8001400428c06014014000000000080023c6a
:10a3f8005c0f42241000438c0080023c5c0f422416
:10a408001c00428c0000834400088244020001467c
:10a41800000002440400c2af0080023c5c0f4224ea
:10a428001800438c0080023c5c0f42241c00428cc4
:10a4380000008344000882443c010146280004458a
:10a44800000000000080023c5c0f438c0080023c4e
:10a458005c0f42241000448c029d023c84f1428c23
:10a4680000008444000882440200014600000444bd
:10a478000080023c5c0f42241800428c0000844497
:10a488000008824402000146000004440080023ca7
:10a498005c0f42241800428c000084440008824467
:10a4a80002000146000004440000c28f00008444fa
:10a4b8000008824402000146000002440000834470
:10a4c8000008824400000146000003440080023c6a
:10a4d8005c0f42240c0043ac006a400b00000000f3
:10a4e8000080023c5c0f42241800438c0080023c30
:10a4f8005c0f42242000428c000083440008824400
:10a508003c0201463d000845000000000080023c76
:10a518005c0f42241800438c0080023c5c0f4224ec
:10a528001c00428c0000834400088244010001465c
:10a53800000002440800c2af0080023c5c0f438c5c
:10a548000080023c5c0f42241000448c029d023cb7
:10a5580084f1428c000084440008824402000146d1
:10a56800000004440080023c5c0f42241c00428c22
:10a5780000008444000882440200014600000444ac
:10a588000080023c5c0f42241c00428c0000844482
:10a598000008824402000146000004440400c58ffc
:10a5a8000800c28f0000854400088244020001466a
:10a5b8000000024400008444000882440000014670
:10a5c800000004440000c28f000084440008824454
:10a5d800020001460000024400008344000882444f
:10a5e80000000146000003440080023c5c0f422446
:10a5f8000c0043ac006a400b000000000080023ce5
:10a608005c0f42241800438c0080023c5c0f4224fb
:10a618002400428c00008344000882443c03014625
:10a6280067000c45000000000080023c5c0f4224db
:10a638001800438c0080023c5c0f42242000428cae
:10a6480000008344000882440100014600000244df
:10a658000c00c2af0080023c5c0f438c0080023cbf
:10a668005c0f42241000448c029d023c84f1428c11
:10a6780000008444000882440200014600000444ab
:10a688000080023c5c0f42241c00428c0000844481
:10a698000008824402000146000004440080023c95
:10a6a8005c0f42241c00428c000084440008824451
:10a6b80002000146000004440080023c5c0f422472
:10a6c8002000458c0080023c5c0f42241c00428c18
:10a6d800000085440008824401000146000005444a
:10a6e8000400c28f0000854400088244020001462d
:10a6f800000002440000844400088244000001462f
:10a70800000004440400c58f0c00c28f000085447b
:10a71800000882440200014600000244000084440c
:10a728000008824400000146000004440080023c06
:10a738005c0f42241000458c029d023c84f1428c3f
:10a7480000008544000882440200014600000544d8
:10a758000c00c28f000085440008824402000146b4
:10a76800000005440c00c28f0000854400088244a4
:10a7780002000146000002440000844400088244ac
:10a7880001000146000004440000c28f0000844418
:10a79800000882440200014600000244000083448d
:10a7a8000008824400000146000003440080023c87
:10a7b8005c0f42240c0043ac006a400b0000000010
:10a7c8000080023c5c0f42240400438c0080023c61
:10a7d8005c0f42240c0043ac0080023c5c0f422416
:10a7e800180040ac0080023c5c0f4224280040acba
:10a7f800a96a400b00000000a96a400b0000000095
:10a808000080023c5c0f42241000438c0080023c14
:10a818005c0f42241c00428c0000834400088244e0
:10a8280002000146000002441000c2af0080023c52
:10a838005c0f42241800438c0080023c5c0f4224c9
:10a848001c00428c00008344000882443c040146fa
:10a8580028001045000000000080023c5c0f438c7b
:10a868000080023c5c0f42241000448c029d023c94
:10a8780084f1428c000084440008824402000146ae
:10a88800000004440080023c5c0f42241800428c03
:10a898000000844400088244020001460000044489
:10a8a8000080023c5c0f42241800428c0000844463
:10a8b8000008824402000146000004440000c28fe0
:10a8c800000084440008824402000146000002445b
:10a8d800000083440008824400000146000003444d
:10a8e8000080023c5c0f42240c0043aca96a400b78
:10a8f800000000000080023c5c0f42241800438cda
:10a908000080023c5c0f42242000428c00008344fb
:10a91800000882443c05014654001445000000002c
:10a928000080023c5c0f42241800438c0080023ceb
:10a938005c0f42241c00428c0000834400088244bf
:10a9480001000146000002441400c2af0080023c2e
:10a958005c0f438c0080023c5c0f42241000448c46
:10a96800029d023c84f1428c000084440008824429
:10a9780002000146000004440080023c5c0f4224af
:10a988001c00428c000084440008824402000146f6
:10a99800000004440080023c5c0f42241c00428cee
:10a9a8000000844400088244020001460000044478
:10a9b8001000c58f1400c28f00008544000882442f
:10a9c800020001460000024400008444000882445a
:10a9d80000000146000004440080023c5c0f422451
:10a9e8001000458c029d023c84f1428c0000854495
:10a9f8000008824402000146000005441400c28f8a
:10aa08000000854400088244020001460000054415
:10aa18001400c28f000085440008824402000146e9
:10aa280000000244000084440008824401000146fa
:10aa3800000004440000c28f0000844400088244df
:10aa480002000146000002440000834400088244da
:10aa580000000146000003440080023c5c0f4224d1
:10aa68000c0043aca96a400b000000000080023cc7
:10aa78005c0f42240400438c0080023c5c0f42249b
:10aa88000c0043ac0080023c5c0f4224180040ac30
:10aa98000080023c5c0f4224280040ac21e8c0033f
:10aaa8001c00be8f2000bd270800e0030000000046
:020000040000fa
:020000041d01dc
:10aab800f8ffbd270400beaf21f0a0030800c4af13
:10aac800c4bf023c0050438c88bf023c007d43acad
:10aad800c4bf023c0450438c88bf023c107d43ac89
:10aae800c4bf023c0850438c88bf023c207d43ac65
:10aaf800c4bf023c0c50438c88bf023c307d43ac41
:10ab080088bf023c007040ac88bf023c107040ac6b
:10ab180088bf033c1070628c010004240430827cde
:10ab2800107062ac88bf033c1070628c050004246e
:10ab380004cc827c107062ac88bf033c1070628cbd
:10ab48000700042484e6827c107062ac88bf033c52
:10ab58000070628c0300042444b5827c007062acef
:10ab680088bf033c0070628c0100042404a4827c2a
:10ab7800007062ac88bf023c007440ac88bf033ce4
:10ab88000074628c0500042404de827c007462accc
:10ab980088bf023c207040ac88bf033c2070628ca8
:10aba80084ff027c207062ac88bf033c2070628cfa
:10abb80004ee027c207062ac88bf033c2070628c7b
:10abc800447b027c207062ac88bf033c5073628c6b
:10abd8000100042404b4827c507362ac88bf033c37
:10abe8005073628c020004240448827c507362ac67
:10abf80088bf033c5073628c0300042404ce827c1b
:10ac0800507362ac88bf033c3070628c048c027c49
:10ac1800307062ac88bf033c4070628c0400027cd8
:10ac2800407062ac88bf033c4070628c4408027c70
:10ac3800407062ac88bf033c6073628c01000424de
:10ac480004b4827c607362ac88bf033c6073628c1e
:10ac5800020004240448827c607362ac88bf033c11
:10ac68006073628c0300042404ce827c607362ac3f
:10ac780088bf033c3070628c849c027c307062ac6c
:10ac880088bf033c4070628c8410027c407062acc8
:10ac980088bf033c4070628cc418027c407062ac70
:10aca80088bf033c7073628c0100042404b4827c66
:10acb800707362ac88bf033c7073628c020004241a
:10acc8000448827c707362ac88bf033c7073628cea
:10acd8000300042404ce827c707362ac88bf033cfa
:10ace8003070628c04ad027c307062ac88bf033c6b
:10acf8004070628c0421027c407062ac88bf033cc7
:10ad08004070628c4429027c407062ac88bf033c6e
:10ad18008073628c0100042404b4827c807362ac6a
:10ad280088bf033c8073628c050004240448827c3d
:10ad3800807362ac88bf033c8073628c0300042478
:10ad480004ce827c807362ac88bf033c3070628c16
:10ad580084bd027c307062ac88bf033c4070628c5a
:10ad68008431027c407062ac88bf033c4070628cc6
:10ad7800c439027c407062ac88bf023c807040ac31
:10ad880088bf023c907040ac88bf023ca07040acc9
:10ad980088bf023cb07040ac88bf033ca070628c96
:10ada800010004240400827ca07062ac88bf033ccc
:10adb800a070628c010004244408827ca07062acfc
:10adc80088bf033ca070628c010004248410827c3c
:10add800a07062ac88bf033ca070628c01000424a0
:10ade800c418827ca07062ac88bf023c807240ac00
:10adf80088bf023c907240ac88bf023ca07240ac55
:10ae080088bf023cb07240ac88bf023ca07140ac25
:10ae180088bf023cb07140ac88bf023cc07140acf6
:10ae280088bf023cd07140ac88bf033c4073628c41
:10ae38000400027c407362ac88bf033c4073628ca0
:10ae48004408027c407362ac88bf033c4073628c48
:10ae58008410027c407362ac88bf033c4073628cf0
:10ae6800c418027c407362ac0800c28f1200401400
:10ae78000000000088bf033c0072628c01000424bb
:10ae88000420827c007262ac88bf033c0072628c32
:10ae9800010004240462827c007262ac88bf033c17
:10aea8000072628c0100042404a4827c007262aceb
:10aeb800bf6b400b0000000088bf033c0072628c2f
:10aec8000a0004240420827c007262ac88bf033c20
:10aed8000072628c0b0004240462827c007262acf3
:10aee80088bf033c0072628c0c00042404a4827c9a
:10aef800007262ac88bf033c0072628c01000424bb
:10af080004e6827c007262ac88bf023cc07340ac2d
:10af180088bf023cd07340ac88bf033c0070628c91
:10af280001000424c47b827c007062ac0000000035
:10af380088bf023c1070428c04f0027cfcff401079
:10af4800000000000000000088bf023c1070438c25
:10af58000040023c24106200fbff40140000000087
:10af680088bf033c0074628c010004240400827cc6
:10af7800007462ac88bf033c0074628c0100042436
:10af88004408827c007462ac88bf033c0074628c05
:10af9800010004248410827c007462ac88bf033ce6
:10afa8000074628c01000424c418827c007462acb2
:10afb8000000000088bf023c0074428c000142304f
:10afc800fcff4010000000000000000088bf023ca9
:10afd8000074428c00024230fcff40100000000068
:10afe8000000000088bf023c0074428c000442301c
:10aff800fcff4010000000000000000088bf023c79
:10b008000074428c00084230fcff40100000000031
:10b0180088bf033c2070628c010004240484827c75
:10b02800207062ac88bf033c2070628c010004244d
:10b03800448c827c207062ac88bf033c2070628c98
:10b04800010004248494827c207062ac88bf033c95
:10b058002070628c01000424c49c827c207062ac45
:10b0680021e8c0030400be8f0800bd270800e003e4
:10b0780000000000d0ffbd272c00bfaf2800beafe6
:10b088002400b0af21f0a0033000c4affc80828f51
:10b098003000c38f18006210000000003000c28f1b
:10b0a800fc8082af0081828f01004224008182af40
:10b0b8000081858f6210023cd34d42341900a200f2
:10b0c8001010000082190200212060008010040086
:10b0d80021204000401104002310440021104300a7
:10b0e800c01002002318a2000c0060140000000029
:10b0f800426c400b00000000be6c400b00000000da
:10b1080088bf033c2070628c010004248431827c57
:10b11800207062acbe6c400b000000000081858f7f
:10b128006210023cd34d42341900a20010100000f6
:10b1380082190200212060008010040021204000b4
:10b14800401104002310440021104300c0100200e5
:10b158002318a200f4010224650062140000000014
:10b1680088bf023cc070428c08004230600040102a
:10b178000000000088bf023c3076428c1000c2af4d
:10b188001000c48f21188000c0100300211840004f
:10b19800c01003002310430023104400801802004d
:10b1a800211043008018020021104300c010020043
:10b1b800211840002f3a04241000c28f2310820067
:10b1c8001a006200f4014000101000001210000084
:10b1d8000000824420008046000002441400c2aff0
:10b1e800029d023cdcf0438c029d023ce0f0428c64
:10b1f80000088344000082444208004600081044c6
:10b20800029d023ce4f0428c1400c38f0008834482
:10b218000000824443080046000802441800c2aff8
:10b228001800c28f000882446108004600080244e2
:10b2380000086344006082440060e344447b400f9c
:10b248000000000000000244000063440000824443
:10b258000000e3442000204600000244211840007a
:10b26800029d023cdcf0448c029d023ce8f0428cda
:10b278000008844400008244430800460008024451
:10b288000008834400008244400800460008024445
:10b298000008904400008244430800460008024425
:10b2a800000882444d0800460008024456f542242e
:10b2b800e48082afe480828f6666033c676663340d
:10b2c800180043001018000083180300c317020079
:10b2d80023106200f08082aff080828f80004228c5
:10b2e80003004014000000007f000224f08082afb9
:10b2f80021e8c0032c00bf8f2800be8f2400b08f28
:0cb308003000bd270800e003000000003a
:020000040000fa
:020000041d01dc
:10b31400c8ffbd272400bfaf2000b1af1c00b0aff1
:10b324002800b4f7006002444800a48f1000a0afc6
:10b33400f07f053c1400a5af15000524100185100d
:10b3440000606344160085284600a05020000524b0
:10b354000a000224c10082100b0082282000401041
:10b364000f000224050002249b008210060082289c
:10b37400100040100200022486008210030082287c
:10b384000600401003000224010002247c008250c5
:10b39400210003249b6e400b218000008300821057
:10b3a40004000224870082501000b08f9b6e400b73
:10b3b40021800000070002249300821007008228e5
:10b3c4008b00401408000224950082100900022416
:10b3d4009b0082501000b08f9b6e400b21800000b8
:10b3e400c3008210100082280c00401012000224b6
:10b3f4000c000224a90082100c0082289f00401433
:10b404000d000224ad0082100e000224b30082500d
:10b414001000b08f9b6e400b21800000c900821089
:10b42400130082280700401010000224b600821086
:10b4340011000224bc0082501000b08f9b6e400ba0
:10b444002180000013000224c60082101000b08f77
:10b454001400022447008210029d023c9b6e400ba4
:10b464002180000038018510210085282100a010ca
:10b474001a000524fe0085101b0085280c00a0106e
:10b484001d00052417000524d90085101700852800
:10b49400d100a01418000524dd008510190005242e
:10b4a400e4008550000080449b6e400b2180000026
:10b4b400090185101e0085280800a0501e000524df
:10b4c4001b000224f30082101c000224fa008250a4
:10b4d400000080449b6e400b218000000701851012
:10b4e4001f0005240e018550000080449b6e400b14
:10b4f40021800000250005243e01851026008528b2
:10b504000c00a01028000224220005242801851024
:10b51400220085281c01a014230002242a01821081
:10b52400240002242e018250220003249b6e400b2f
:10b534002180000040018210290082280700401069
:10b5440026000224310182102700022435018210d2
:10b55400220003249b6e400b21800000290002245a
:10b564003b0182101000b08f2a0002243d01821496
:10b57400029d023c58f1508c9c6e400b5cf1518c46
:10b584000080023c880f43ac218000009c6e400b7d
:10b5940021880000210003240080023c880f43ac72
:10b5a400218000009c6e400b2188000021000324b0
:10b5b4000080023c880f43ac218000009c6e400b4d
:10b5c400218800001400b18f220003240080023c73
:10b5d4009c6e400b880f43ac1000b08f1400b18fe9
:10b5e400220003240080023c9c6e400b880f43ac75
:10b5f4001000b08f1400b18f220003240080023c9d
:10b604009c6e400b880f43ac220003240080023c54
:10b61400880f43ac218000009c6e400b2188000001
:10b624001000b08f0080023c1400a38f26886200b3
:10b63400210003240080023c9c6e400b880f43ac25
:10b644000080023c1400a38f26886200210003249a
:10b654000080023c9c6e400b880f43ac1000b08ffe
:10b664000080023c1400a38f26886200210003247a
:10b674000080023c9c6e400b880f43ac1000b08fde
:10b684000080023c1400a38f26886200210003245a
:10b694000080023c9c6e400b880f43ac1000b08fbe
:10b6a4000080023c1400a38f26886200210003243a
:10b6b4000080023c9c6e400b880f43ac1000b08f9e
:10b6c4000080023c1400a38f26886200210003241a
:10b6d4000080023c9c6e400b880f43ac1400b18f79
:10b6e400220003240080023c9c6e400b880f43ac74
:10b6f4001000b08f1400b18f210003240080023c9d
:10b704009c6e400b880f43ac1000b08f0080023c4d
:10b714001400a38f26886200220003240080023cc8
:10b724009c6e400b880f43ac0080023c1400a38f36
:10b7340026886200210003240080023c9c6e400b9a
:10b74400880f43ac1000b08f0080023c1400a38f1c
:10b7540026886200220003240080023c9c6e400b79
:10b76400880f43ac0080023c1400a38f268862003b
:10b77400210003240080023c9c6e400b880f43ace4
:10b784001000b08f000080440000e04400088244b0
:10b794000008e3443c0820460b0000451400b18f28
:10b7a400029d023c60f154d4027534460004400ffb
:10b7b40006a3204632013446030005450080043cbc
:10b7c4002618240221886000220003240080023c01
:10b7d4009c6e400b880f43ac220003240080023c83
:10b7e400880f43ac218000009c6e400b2188000030
:10b7f4001000b08f0080023c1400a38f26886200e2
:10b80400210003240080023c9c6e400b880f43ac53
:10b81400000080440000e04403002046000010447f
:10b8240000007144210003240080023c9c6e400b04
:10b83400880f43ac0000e044000882440008e3445d
:10b844003c022146030008451000b08f196e400bde
:10b854001400b18f0080023c1400a38f268862007c
:10b86400220003240080023c9c6e400b880f43acf2
:10b87400000080440000e04403002046000010441f
:10b8840000007144210003240080023c9c6e400ba4
:10b89400880f43ac000080440000e04403002046cd
:10b8a4000000104400007144210003240080023c85
:10b8b4009c6e400b880f43ac0000e044030020461c
:10b8c4000000104400007144210003240080023c65
:10b8d4009c6e400b880f43ac000080440000e044a1
:10b8e400030020460000104400007144210003249a
:10b8f4000080023c9c6e400b880f43ac00008044e7
:10b904000000e0440300204600001044000071449d
:10b91400210003240080023c9c6e400b880f43ac42
:10b924000000e044000882440008e3444308204641
:10b934000008104400087144210003240080023ce4
:10b944009c6e400b880f43ac000080440000e04430
:10b95400000882440008e3443c03214603000c45ec
:10b964001000b08f5f6e400b1400b18f0080023c5a
:10b974001400a38f26886200220003240080023c66
:10b984009c6e400b880f43ac2180000004006104ce
:10b9940021880000029d023c68f1508c6cf1518cae
:10b9a400220003240080023c9c6e400b880f43acb1
:10b9b400220003240080023c880f43ac2180000055
:10b9c4009c6e400b21880000220003240080023c6e
:10b9d400880f43ac218000009c6e400b218800003e
:10b9e4000080023c880f43ac218000009c6e400b19
:10b9f40021880000220003240080023c880f43ac0d
:10ba0400218000009c6e400b21880000220003244a
:10ba14000080023c880f43ac218000009c6e400be8
:10ba2400218800000080023c880f43ac2180000084
:10ba34009c6e400b218800001000b08f1400b18f61
:10ba4400220003240080023c9c6e400b880f43ac10
:10ba54001400b18f210003240080023c9c6e400b33
:10ba6400880f43ac2180000021880000000090442e
:10ba74000000f1442400bf8f2000b18f1c00b08f60
:0cba84002800b4d70800e0033800bd27fc
:020000040000fa
:020000041d01dc
:10ba9000e8ffbd271400bfaf1000beaf21f0a00328
:10baa000d883828f02004230030040100000000063
:10bab000bd6e400f0000000021e8c0031400bf8fde
:10bac0001000be8f1800bd270800e0030000000032
:10bad000f8ffbd270400beaf21f0a003048380afb0
:10bae00021e8c0030400be8f0800bd270800e00362
:10baf00000000000b8ffbd274400bfaf4000beaf4c
:10bb000021f0a0030084828fec8382afec83838fcb
:10bb10000883828f231062002000c2af2000c28ff2
:10bb20001c8382afe483828f2000c38f2a104300de
:10bb30000700401400000000e483828f23180200f5
:10bb40002000c28f2a1043000e00401000000000a9
:10bb50000d8382930b00401400000000d883828f75
:10bb600001000324c45a627cd88382af0883828f89
:10bb7000ec8382afec83838f0883828f2310620073
:10bb80002000c2afec83828f088382af2000c28f77
:10bb90000000824420008046000003441883848f04
:10bba0000080023c802004002c0f422421108200df
:10bbb0000000428c00088344000082444108004693
:10bbc000000803441483828f0008834400008244e9
:10bbd0004008004600080244148382af1883848f13
:10bbe0002000c28f00088244600880460008034499
:10bbf0000080023c802004002c0f4224211082008f
:10bc0000000043ac1883828f01004224188382af66
:10bc10001883828f050042280200401400000000b3
:10bc2000188380af1483838f029d023c9cf1428c69
:10bc300000008344000882440300014600000244df
:10bc40003800c2af3800c28f000082442100004695
:10bc50000000024400006344006082440060e3444a
:10bc60004f7c400f000000000000024400006344cd
:10bc7000000882440008e3446008204600080244ab
:10bc80002800c2af7480828f2800c38f00008344d5
:10bc9000000882443e000146990000450000000073
:10bca0007c80828f2800c38f000083440008824478
:10bcb0003e0101460500044500000000b080828f6f
:10bcc0001c00c2af616f400b000000007c80838fbe
:10bcd0007880828f0000834400088244000001467f
:10bce000000003442800c28f0000834400088244ff
:10bcf0003e0a00462200084500000000b080828f06
:10bd0000000082442000804600000344b080828fff
:10bd10000008824460088046000804447c80828fca
:10bd20002800c58f000085440008824401000146b8
:10bd300000000244000084440008824402000146de
:10bd4000000004447880828f00008444000882440c
:10bd500003000146000002440000834400088244be
:10bd60000100014600000244000082440d0000462c
:10bd7000000002441c00c2af616f400b00000000d5
:10bd80001c00c0af7c80828f2800c38f00088344d2
:10bd9000000082443e0b004607000c4500000000f6
:10bda000ac80828f1400c2afb480828f1800c2af03
:10bdb000cb6f400b00000000ac80828f00088244f3
:10bdc0006008804600080444ac80838f2110600026
:10bdd00040100200211043000000824420008046f1
:10bde000000003447c80828f2800c58f00088544b2
:10bdf00000008244410800460008024400088344d1
:10be00000000824442080046000803447880828f84
:10be100000088344000082444308004600080344ad
:10be2000029d023ca0f1428c000883440000824441
:10be3000430800460008024400088444000082448d
:10be40004108004600080244000882444d080046ac
:10be5000000802441400c2afb480828f0000824404
:10be60002000804600000444b480838f21106000cd
:10be70004010020021104300000882446008804600
:10be8000000803447c80828f2800c58f0000854411
:10be9000000882440100014600000244000083447f
:10bea0000008824402000146000003447880828f2b
:10beb000000083440008824403000146000003445c
:10bec000029d023ca0f1428c0000834400088244a1
:10bed000030001460000024400008444000882443c
:10bee0000100014600000244000082440d000046ab
:10bef000000002441800c2afcb6f400b00000000ee
:10bf0000ac80828fc21f0200211062004310020029
:10bf10001400c2afb480828fc21f020021106200e1
:10bf2000431002001800c2af1c00c0af1c00c28f3b
:10bf300002004104000000001c00c0afb080828fee
:10bf400006004018000000001c00c28f0300401cc7
:10bf500000000000010002241c00c2afec83838fac
:10bf60000881828f231062002c00c2afd083828fa1
:10bf70002c00c38f2a10430007004014000000006b
:10bf8000d083828f231802002c00c28f2a10430016
:10bf900008004010000000000c838293050040144c
:10bfa00000000000d883828f010003248452627c49
:10bfb000d88382af0483828f2c00c38f231062004a
:10bfc0003000c2af2c00c28f048382af2c00c28f1e
:10bfd000000882446008804600080344029d023c39
:10bfe000a4f1428c0000834400088244030001460f
:10bff000000003440083828f0000834400088244d1
:10c000000000014600000244008382af1c00c28f82
:10c010000d004018000000007080838f1c00c28f4c
:10c02000000082442000804600000244000883444f
:10c030000000824443080046000802442400c2afc6
:10c040001470400b000000007080828f2400c2af8b
:10c050000083838f2400c28f000883440000824441
:10c060003c04014605001045000000002400c28f7a
:10c07000008382af2c70400b000000002400c38faf
:10c080000080023c261862000083828f00088344ef
:10c09000000082443c0501460500144500000000f4
:10c0a0002400c38f0080023c26106200008382af10
:10c0b0000884828f00088244600880460008024499
:10c0c0003400c2af2c00c38f1400c28f0210627004
:10c0d0003000c48f1800c38f1800830012180000ae
:10c0e00021104300000082442000804600000344e9
:10c0f0001c00c28f00088244600880460008044487
:10c100000083828f000084440008824402000146bc
:10c1100000000244000083440008824400000146fd
:10c1200000000344029d023ca0f1428c00008344c5
:10c130000008824403000146000003446880828fa7
:10c1400000008344000882440200014600000344ca
:10c15000c882848f3400c28f000084440008824467
:10c1600002000146000002440000834400088244ab
:10c170000000014600000244000082440d00004619
:10c18000000002441000c2af1000c28f29234228d1
:10c190000300401400000000282302241000c2af56
:10c1a0001000c28fd8dc42280300401000000000bd
:10c1b000d8dc02241000c2af1000c28f708382af9f
:10c1c00021e8c0034400bf8f4000be8f4800bd2758
:08c1d0000800e003000000007c
:020000040000fa
:020000041d01dc
:10c1d800984300801019000000000000900f00a094
:10c1e8000005000000000000cc00008008000000ee
:10c1f8000000000000000080300000000100000086
:10c208004000000050000000300000002000000046
:10c2180010000000040000000500000000040000f9
:10c2280010040000600388bf700388bf500388bff4
:10c23800d40000802000000000000000901400805e
:10c24800082f000000000000f400008074000000c7
:10c25800000000003000008008000000010000001d
:10c26800983a00000a000000680100806c00000095
:10c2780000000000380000800c00000001000000f1
:10c28800ffff000058020000780000003c04008016
:10c298004006000000000000440000800800000084
:10c2a8000100000002000000dc000000d401008052
:10c2b8000c00000000000000a85c0080980400004a
:10c2c80000000000e00100801000000000000000f5
:10c2d8004c0000800400000001000000ffffffff89
:10c2e8007c0a0080b004000000000000686500803f
:10c2f80010000000010000004d43463036345f4115
:10c308004300000000000000f0010080440000002d
:10c318000000000050000080040000000100000040
:10c328000a000000406100800004000000000000d6
:10c3380034020080b80000000000000054000080b3
:10c348000800000001000000ffffffff0000803f21
:10c35800ec0200802c000000000000005c0000805f
:10c36800140000000100000000401c4700401c476a
:10c3780000c0cc4400c04c440080a3432c0f008074
:10c3880014000000000000001803008014000000e2
:10c398000000000040650080280000000000000048
:10c3a8002c03008084000000000000007000008062
:10c3b8005c00000001000000000048410000c84285
:10c3c8006f12833a6842000064000000684200006f
:10c3d8006400000068420000640000006842000039
:10c3e8006400000023000000050000005000000069
:10c3f8002300000005000000500000001a000000a3
:10c40800850b0000010000003333533fa97b2e3910
:10c41800295c2741400f0080480000000000000010
:10c42800400581bf700000000100000010020000fc
:10c4380010020000100200001002000010020000ac
:10c44800100200001002000010020000100200009c
:10c45800100200001002000010020000100200008c
:10c46800100200000002000010020000100200008c
:10c47800100200001002000010020000100200006c
:10c48800100200001002000010020000100200005c
:10c49800100200001002000010020000b80581bf61
:10c4a800a0010000010000001002000010020000be
:10c4b800100200001002000010020000100200002c
:10c4c800100200001002000010020000100200001c
:10c4d800100200001002000010020000100200000c
:10c4e80010020000100200001002000010020000fc
:10c4f80010020000100200001002000010020000ec
:10c5080010020000100200001002000010020000db
:10c5180010020000100200001002000010020000cb
:10c5280010020000100200001002000010020000bb
:10c5380010020000100200001002000010020000ab
:10c54800100200001002000010020000100200009b
:10c55800100200001002000010020000100200008b
:10c56800100200001002000010020000100200007b
:10c57800100200001002000010020000100200006b
:10c58800100200001002000010020000100200005b
:10c59800100200001002000010020000100200004b
:10c5a800100200001002000010020000100200003b
:10c5b800100200001002000010020000100200002b
:10c5c800100200001002000010020000100200001b
:10c5d800100200001002000010020000100200000b
:10c5e80010020000100200001002000010020000fb
:10c5f80010020000100200001002000010020000eb
:10c6080010020000100200001002000010020000da
:10c6180010020000100200001002000010020000ca
:10c6280010020000100200001002000010020000ba
:10c6380010020000100200001002000010020000aa
:10c6480010020000100200006c0781bf24000000e7
:10c65800010000001002000010020000100200009b
:10c66800100200001002000010020000100200007a
:10c6780010020000100200009c0781bf300000007b
:10c68800010000001002000010020000100200006b
:10c69800100200001002000010020000100200004a
:10c6a800100200001002000010020000100200003a
:10c6b80010020000d00781bf7400000001000000d4
:10c6c8001002000010020000100200000802000022
:10c6d800100200001002000010020000100200000a
:10c6e80010020000100200001002000010020000fa
:10c6f80010020000100200001002000010020000ea
:10c7080010020000100200001002000010020000d9
:10c7180010020000100200001002000010020000c9
:10c7280010020000100200001002000010020000b9
:10c7380010020000480881bf9400000001000000ba
:10c748001002000010020000100200001002000099
:10c758001002000010020000100200001002000089
:10c768001002000010020000100200001002000079
:10c778001002000010020000100200001002000069
:10c788001002000010020000100200001002000059
:10c798001002000010020000100200001002000049
:10c7a8001002000010020000100200001002000039
:10c7b8001002000010020000100200001002000029
:10c7c8001002000010020000100200001002000019
:10c7d80010020000f80881bf2400000001000000da
:10c7e80010020000100200001002000010020000f9
:10c7f80010020000100200001002000010020000e9
:10c8080010020000380981bf080000000100000084
:10c818001002000010020000880f008004000000d1
:10c8280000000000000000002222222222222222f0
:020000040000fa
:020000041d01dc
:10c83800f8ffbd270400beaf21f0a00380bf033c72
:10c848007000628c01000424c49c827c700062ac7d
:10c8580080bf033c7000628c04a5027c700062ac4f
:10c8680080bf033c7000628c0100042444ad827ccc
:10c87800700062ac80bf033c7000628c010004242d
:10c8880084d6827c700062ac80bf033c7000628cee
:10c8980001000424c4de827c700062ac86bf033cc5
:10c8a80010016294c47b027c100162a486bf033c21
:10c8b800100162948473027c100162a486bf033c59
:10c8c80010016294446b027c100162a486bf033c91
:10c8d800100162940463027c100162a486bf033cc9
:10c8e80010016294c45a027c100162a486bf033c02
:10c8f800100162948452027c100162a486bf033c3a
:10c9080010026294444a027c100262a483bf033c72
:10c9180000a062940431027c00a062a483bf023ca0
:10c92800b80b032410a043ac83bf033cc0a0628ca7
:10c9380001000424845a827cc0a062ac83bf033cfb
:10c94800c0a1628c01000424845a827cc0a162ac1c
:10c9580083bf033cc0a2628c01000424845a827cf9
:10c96800c0a262ac83bf033cc0a4628c0100042453
:10c97800845a827cc0a462ac83bf033cd0a0628c82
:10c98800845a027cd0a062ac83bf033cd0a0628ce6
:10c9980001000424c47b827cd0a062ac83bf033c2a
:10c9a800d0a0628c010004248473827cd0a062ac85
:10c9b80083bf033cd0a0628c03000424048c827cd7
:10c9c800d0a062ac83bf033cd0a0628c446b027cd5
:10c9d800d0a062ac83bf033cd0a0628c0463027c0d
:10c9e800d0a062ac83bf033cd0a1628c845a027c85
:10c9f800d0a162ac83bf033cd0a1628c01000424a7
:10ca0800c47b827cd0a162ac83bf033cd0a1628c82
:10ca1800010004248473827cd0a162ac83bf033cf0
:10ca2800d0a1628c03000424048c827cd0a162ac67
:10ca380083bf033cd0a1628c446b027cd0a162ac62
:10ca480083bf033cd0a1628c0463027cd0a162ac9a
:10ca580083bf033cd0a2628c845a027cd0a262ac11
:10ca680083bf033cd0a2628c01000424c47b827c77
:10ca7800d0a262ac83bf033cd0a2628c0100042424
:10ca88008473827cd0a262ac83bf033cd0a2628c48
:10ca980003000424048c827cd0a262ac83bf033cd4
:10caa800d0a2628c446b027cd0a262ac83bf033cf0
:10cab800d0a2628c0463027cd0a262ac83bf033c28
:10cac800d0a4628c845a027cd0a462ac83bf033c9d
:10cad800d0a4628cc47b027cd0a462ac83bf033c2c
:10cae800d0a4628c010004248473827cd0a462ac3c
:10caf80083bf033cd0a4628c03000424048c827c92
:10cb0800d0a462ac83bf033cd0a4628c446b027c8b
:10cb1800d0a462ac83bf033cd0a4628c010004247f
:10cb28000463827cd0a462ac83bf033cd0a4628c33
:10cb3800444a027cd0a462ac83bf033cd0a4628c7c
:10cb48000442027cd0a462ac83bf033cd0a0628cb8
:10cb5800444a027cd0a062ac83bf033cd0a0628c64
:10cb68000442027cd0a062ac83bf033cd0a1628c9b
:10cb7800444a027cd0a162ac83bf033cd0a1628c42
:10cb88000442027cd0a162ac83bf033cd0a2628c79
:10cb9800444a027cd0a262ac83bf033cd0a2628c20
:10cba8000442027cd0a262ac83bf033cd0a0628c5a
:10cbb8008439027cd0a062ac83bf033cd0a1628cd4
:10cbc8008439027cd0a162ac83bf033cd0a2628cc2
:10cbd8008439027cd0a262ac83bf023c32000324b9
:10cbe80010a143ac83bf023c3200032410a243ac23
:10cbf80083bf023c3200032410a343ac83bf023c32
:10cc08006400032420a143ac83bf023c64000324d6
:10cc180020a243ac83bf023c6400032420a343ac9e
:10cc280083bf033c00a0629401000424c47b827c7f
:10cc380000a062a482bf023cdc050324100443acbc
:10cc480083bf023ce0a040ac83bf023ce0a140ac03
:10cc580083bf023ce0a240ac83bf023ce0a440acee
:10cc680021e8c0030400be8f0800bd270800e003c8
:10cc780000000000f0ffbd270c00beaf21f0a003ac
:10cc88000000c0af5880828f401002000000c2af81
:10cc98005480828f0e0040140000000083bf023cc5
:10cca8008c0a0324e0a443ace481828fffff432471
:10ccb800e48183af2900410400000000ec8180afcb
:10ccc80001000224548082af5973400b0000000019
:10ccd8005480838f010002240900621400000000c0
:10cce8000000c38f83bf023ce0a443acec81828f79
:10ccf80001004224ec8182af5973400b0000000010
:10cd08005480838f02000224050062140000000092
:10cd180083bf023ce0a440ac5973400b0000000004
:10cd28005480838f030002240c006214000000006a
:10cd380083bf023c60090324e0a443ace881828fee
:10cd4800ffff4324e88183af040041040000000092
:10cd5800ec8180af01000224548082af21e8c00337
:10cd68000c00be8f1000bd270800e0030000000083
:020000040000fa
:020000041d01dc
:10cd78000000acf70800aef70400a68f0000a88feb
:10cd88000c00a98f0800a28f00f0277d2518e2006b
:10cd980010006010212840000080033c2450c3008c
:10cda80026304601f07f033c2a18c30009006010b2
:10cdb8002320020025208200c227040025208700a6
:10cdc800f07f033c010063242b18830006006014e5
:10cdd8002a20e6000800a0d70000a2d7821020462b
:10cde8000800e003031022461000801421180001f7
:10cdf8002a20c700030080142b20020103008010a2
:10ce0800000000000800e0030000a0d70800021599
:10ce18001000043cc2170a00c0100200029d033c27
:10ce2800a8f163240800e0030100434c1000043c0f
:10ce38002a20c40011008050032506000800c054b1
:10ce4800c04206000e000019edfb04244040080013
:10ce5800feff001dffff8424a373400b1000083c55
:10ce68000700001902fc042440400800feff001dd2
:10ce7800ffff8424a373400b1000083c01fc8424aa
:10ce88001000083c2a40e800110000510345070043
:10ce98000800e054c01207000e004018edfb0824fb
:10cea80040100200feff401cffff0825b873400b2e
:10ceb80002fc82280700401802fc082440100200e7
:10cec800feff401cffff0825b873400b02fc8228b8
:10ced80001fc082502fc82280500401402fc0224fb
:10cee8000098c67c1000023ccb73400b2530c20072
:10cef8002310440020004b2807006051e2fb062461
:10cf0800043046001e048b24065863012530cb00ec
:10cf1800cb73400b041843002330c4000430c30013
:10cf28002118000002fc02290500401402fc0b2411
:10cf38000098297d1000023cdf73400b2548220130
:10cf4800235868012000622907004050e2fb0924a9
:10cf5800043867011e040225061045002548e20032
:10cf6800df73400b04286501234828010448250184
:10cf780021280000f773400b232088002b38650018
:10cf880023104700060043042318650040300600bc
:10cf9800c23f03002130c700f673400b401803005e
:10cfa800253043000700c01440100200c2570a0091
:10cfb800c0500a00029d023ca8f142240800e00388
:10cfc8000100424dc23703002130460040180300db
:10cfd800ffff8424e9ff80142310c9002b2065007b
:10cfe80023104400020042042110c00023186500e9
:10cff80025204300060080101000043c2a2044002d
:10d00800090080141000053c1474400b02fc04292c
:10d01800c2570a00c0500a00029d023ca8f14224ef
:10d028000800e0030100424d40100200c22703003f
:10d0380021104400401803002a204500faff8014fc
:10d04800ffff082502fc04290a00801402fc0424be
:10d05800f0ff043c2110440025504a00ff0302253c
:10d0680000150200251042010400a2af3774400bde
:10d078000000a3af23208800150085280700a01012
:10d0880020008528061883001e0405250428a20010
:10d098002518a3003474400b071082000700a05025
:10d0a800e2fb0324061883001e040825041002016d
:10d0b800251843003474400b2110400123186800e0
:10d0c800071862002110400125504a000400aaaf49
:0cd0d8000000a3af0800e0030000a0d798
:020000040000fa
:020000041d01dc
:10d0e4000000acf70400a78f00f0e47ce93f023ca9
:10d0f400fc2142242a108200060040500240023cd7
:10d104000000ccf40800c0ac0c00c0ac0800e00384
:10d11400211000007cd942342a10820039004010ca
:10d124003941023c1c00e018029d023c60ea40d4f4
:10d134000000a1d7f93f023cfb2142240a008210df
:10d1440001082046029d023c68ea42d401012246bd
:10d154000000c4f401002446810022460800c2f401
:10d164000800e00301000224029d023c70ea44d45a
:10d1740001002446029d023c78ea42d40101224681
:10d184000000c4f401002446810022460800c2f4d1
:10d194000800e0030100022460ea40d40000a1d7a3
:10d1a400f93f023cfb2142240a0082100008204679
:10d1b400029d023c68ea42d4000122460000c4f405
:10d1c40001002446800022460800c2f40800e0035f
:10d1d400ffff0224029d023c70ea44d4000024466e
:10d1e400029d023c78ea42d4000122460000c4f4c5
:10d1f40001002446800022460800c2f40800e0032f
:10d20400ffff0224fc2142242a1082005c0040100b
:10d21400f07f023c0000a28f0400a58f00f0a37ce5
:10d22400029d053c88eaa0d4029d053c80eaa2d474
:10d23400000882440008e3442108024c0d00204603
:10d244000000084421008046029d053c60eaa2d407
:10d254008200224681092246029d053c68eaa2d446
:10d26400200005290c00a01082002246ffff09259a
:10d2740080480900029d053ce0e9a52421282501f8
:10d284000000a58c0500a4100325040001302246eb
:10d29400cc74400b0000c0f4032504000131224685
:10d2a4000000c4f40400c58c0055a57c2328850027
:10d2b4001100a5281e00a0540000c48c029d053c4a
:10d2c40070eaa2d4820022460131224681312446ea
:10d2d40081302246029d023c78ea46d4a900464c9d
:10d2e400812122460000c6f40400c28c0055427c11
:10d2f40023208200320084280c00801486212046da
:10d30400029d023c90ea42d48200224681212246b8
:10d314000121264681202246029d043c98ea84d4b9
:10d32400a900444c013022460000c0f40000c48c23
:10d334000400c58c000884440008e54401302146fb
:10d344000100224600000a4400006b440800caacf5
:10d354000c00cbac3100e104211000010000c4ac8e
:10d364000080043c2628a4000400c5ac0800caac14
:10d37400262064010c00c4ac0800e003231008005c
:10d384002a208200070080540000a28f0000a0d74a
:10d39400010020460800c0f40000c0f40800e003c7
:10d3a400211000000400a48f00f0837c029d043c43
:10d3b40080ea80d4029d043c88ea82d40008824436
:10d3c4000008e344a108404c89102046001004449e
:10d3d400a110a04603102046410820460008084436
:10d3e400000869440000c8ac0400c9ac0800c0ac23
:10d3f4000c00c0ac0900e104211080000000c8ac9e
:10d404000080023c261022010400c2ac029d023cb2
:10d41400a0ea40d40800c0f4231004000800e0038c
:04d424000000000004
:020000040000fa
:020000041d01dc
:10d42800f8ffbd270400beaf21f0a00386bf023c71
:10d43800000040ac86bf023c000140ac86bf023c05
:10d44800000240ac86bf023c000440ac86bf023cf0
:10d45800000640ac86bf033c10046294c47b027c87
:10d46800100462a486bf033c100062940463027c2b
:10d47800100062a486bf033c1000629401000424db
:10d48800c439827c100062a486bf033c10046294f5
:10d4980001000424446b827c100462a486bf033c10
:10d4a80010016294010004240421827c100162a40a
:10d4b80086bf033c10026294010004248431827cfc
:10d4c800100262a486bf033c100162948473027c3c
:10d4d800100162a486bf033c10016294c47b027ce5
:10d4e800100162a486bf033c100162940463027cad
:10d4f800100162a486bf033c10016294446b027c55
:10d50800100162a486bf033c100162948452027c1d
:10d51800100162a486bf033c10016294c45a027cc5
:10d52800100162a486bf033c10006294c45a027cb6
:10d53800100062a486bf033c10026294c439027cc6
:10d54800100262a486bf033c100362940100042405
:10d558004429827c100362a486bf033c10016294b4
:10d56800c439027c100162a486bf033c1001629496
:10d578004429027c100162a486bf033c1004629413
:10d588008473027c100462a486bf033c1004629476
:10d598000463027c100462a486bf033c10056290f9
:10d5a8004408027c100562a086bf033c1001629407
:10d5b80001000424c418827c100162a486bf033cc5
:10d5c80010066294444a027c100662a486bf033c9b
:10d5d800100362948431027c100362a486bf033c6a
:10d5e80010006294010004240400827c100062a4ec
:10d5f80086bf033c10006294010004244408827c26
:10d60800100062a486bf033c100162940100042448
:10d618000400827c100162a486bf033c100162945e
:10d62800010004244408827c100162a486bf033ce4
:10d6380010016294010004248410827c100162a409
:10d6480086bf033c00006294010004240400827c2d
:10d65800000062a486bf033c000062940100042419
:10d668004408827c000062a486bf033c00016294e7
:10d67800010004240400827c000162a486bf033cec
:10d6880000016294010004244408827c000162a421
:10d6980086bf033c00016294010004248410827c4c
:10d6a800000162a486bf033c1006629401000424b2
:10d6b8008431827c100662a486bf033c1006629403
:10d6c80001000424c439827c100662a486bf033c8e
:10d6d800100262940400027c100262a486bf033c1c
:10d6e80010026294010004244408827c100262a49f
:10d6f80086bf033c10026294444a027c100262a472
:10d7080086bf033c100062940421027c100062a4ce
:10d7180086bf033c100262948452027c100262a409
:10d7280086bf033c100062940442027c100062a48d
:10d7380086bf033c10016294010004248431827c7a
:10d74800100162a421e8c0030400be8f0800bd27b1
:10d758000800e00300000000d8ffbd272400bfaf89
:10d768002000beaf21f0a0031800c0af1c00c0af5e
:10d77800e480828f6666033c676663341800430062
:10d788001018000083180300c3170200231062005a
:10d798001000c2a3e880828f6666033c6766633424
:10d7a800180043001018000083180300c317020074
:10d7b800231062001100c2a3d883828fff00423079
:10d7c8001800c2a3d883828f02120200ff004230e1
:10d7d8001900c2a3d883828f02140200ff004230ce
:10d7e8001a00c2a31000c2931b00c2a31100c29367
:10d7f8001c00c2a3050002241400c2af1880828f47
:10d80800211840001800c227212060001400c58f8d
:10d8180021304000df5c400f0000000021e8c00319
:10d828002400bf8f2000be8f2800bd270800e0031a
:10d8380000000000e8ffbd271400bfaf1000beaf16
:10d8480021f0a0031800c4afd883838f2c82828f65
:10d85800030062100000000001000224048282af6d
:10d86800d883828f2c8282af3082828f1800c38f38
:10d8780018006210000000001800c28f308282afca
:10d888003482828f01004224348282af3482828fb4
:10d89800e903422c0f00401400000000348280afde
:10d8a800d883828f00ff423004004010000000003f
:10d8b8003482828f01004224348282af3482828f84
:10d8c800030040100000000001000224048282af1f
:10d8d800348280af0482838f010002240400621422
:10d8e80000000000d875400f00000000048280afdf
:10d8f80021e8c0031400bf8f1000be8f1800bd2799
:10d908000800e00300000000f0ffbd270c00beafd8
:10d9180021f0a0031000c4af0000c0af3882828f8e
:10d928001000c38f05006210000000001000c28fb5
:10d93800388282af010002240000c2af86bf023cd9
:10d948002000428c800042300e004014000000008d
:10d9580086bf023c2000428c00084230090040107b
:10d9680000000000d883828f010003240463627cd6
:10d97800d88382af1e0002243c8282af6476400bbb
:10d98800000000003c8280af0000c28f03004014fa
:10d99800000000009476400b000000003c82828f5b
:10d9a80006004010000000003c82828fffff4224e6
:10d9b8003c8282af7b76400b000000003c82828f65
:10d9c8000800401400000000d883828f0010423005
:10d9d8000400401000000000d883828f0463027c9a
:10d9e800d88382af4082828f01004224408282af76
:10d9f8004082828fe903422c13004014000000008b
:10da0800408280afc883828f4010020080180200d5
:10da180021184300e480828f2a106200070040101a
:10da280000000000d883828f01000324446b627ccd
:10da3800d88382af9476400b00000000d883828f91
:10da4800446b027cd88382af21e8c0030c00be8ff0
:0cda58001000bd270800e00300000000e3
:020000040000fa
:020000041d01dc
:10da6400e0ffbd271c00bfaf1800b0af2000acf72b
:10da74002800aef72c00a38f00f0657c2800a28f4d
:10da84002400a68f233802002538e200c23f070095
:10da94002538e500f07f083c010008252b38e80014
:10daa4000b00e0102000a48f00f0c77c2348040082
:10dab40025482401c24f090025482701f07f083c6e
:10dac400010008252b4028010500001510c0083c62
:10dad4002000a0d72800a1d74f77400b000820468c
:10dae400214068002540020105000015c287060098
:10daf400fe77400f2000acd75077400b1c00bf8f3f
:10db040083470300020008312520e400110080143b
:10db140025800802020004240b0004120300042ad6
:10db24000500805003000424830001062000a0d7d0
:10db3400d776400b2510a20074000452029d023ccb
:10db4400d776400b2510a200029d023c4f77400b74
:10db540060ee40d42510a20006004014f07f023c81
:10db64006c00c104029d023c029d023c4f77400bb5
:10db7400a0ee40d42c00a254f07f023c1600e21424
:10db840001000224650002120200022a050040106e
:10db94000200022409000052029d023c0b77400b54
:10dba400f07f023c07000212030002240800025224
:10dbb400029d023c0b77400bf07f023c4f77400bf9
:10dbc40078ee40d4029d023c4f77400b88ee40d45f
:10dbd4004f77400b90ee40d4530002120200022a09
:10dbe400060040100200022400008044520000128b
:10dbf4000000e0440b77400bf07f023c050002126a
:10dc04000300022406000252029d023c0b77400be3
:10dc1400f07f023c029d023c4f77400b60ee40d403
:10dc24004f77400b68ee40d40600e2542328e50009
:10dc34004000c104029d023c029d023c4f77400b10
:10dc4400a0ee40d4032d05003d00a228040040149a
:10dc5400029d023c70ee40d42777400b1000a0f7e1
:10dc6400070061042800a0d7c4ffa5280500a05020
:10dc74002000acd71000a0af2777400b1400a0af52
:10dc84002000acd74f7c400f03632046fe77400f43
:10dc9400060320461000a0f7010002240700021228
:10dca400020002240b000252029d023c10000056a6
:10dcb400029d023c4f77400b1000a0d70080023c2d
:10dcc4001400a38f261062001400a2af4f77400bfc
:10dcd4001000a0d7a8ee40d41000a1d70108204618
:10dce400029d023c60ee42d44f77400b0110204667
:10dcf400a8ee40d41000a1d701082046029d023ca2
:10dd040060ee42d44f77400b010022464f77400b20
:10dd140068ee40d44f77400b70ee40d4029d023c35
:10dd24004f77400b80ee40d4029d023c4f77400b6e
:10dd340098ee40d470ee40d41c00bf8f1800b08f12
:08dd44000800e0032000bd27e8
:020000040000fa
:020000041d01dc
:10dd4c000000acf70400a28f1000033c2a1843001b
:10dd5c001a0060100000a48f00f0437c25206400a2
:10dd6c000700801400000000000080440000e04424
:10dd7c00029d023c90ed42d40800e00303102046c3
:10dd8c0007004304029d023c0000a0d7010020467e
:10dd9c00002080440020e0440800e00303002446f7
:10ddac0098ed40d40000a1d7020820460000a0f74f
:10ddbc000400a28f7377400bcaff042421200000bb
:10ddcc00f07f033c2a18430004006054031d02003a
:10dddc000000a0d70800e0030000204601fc6324eb
:10ddec00212064000098427c0900033c645f63249a
:10ddfc00211843001000053c24186500f03f053c39
:10de0c00262865002528a2000400a5af031d0300e9
:10de1c0021186400029d043ca0ed82d40000a0d720
:10de2c00020044240098847c03008428260080107f
:10de3c0081002246002080440020e0443210244619
:10de4c000c00024542102246660060100620204657
:10de5c000000834421018046029d023cb0ed40d479
:10de6c0002202046029d023ca8ed42d40800e003ab
:10de7c002120024c029d023cb8ed44d402112446f0
:10de8c00029d023cc0ed40d4010124460300601405
:10de9c00020824460800e0030110204600088344d1
:10deac00a1098046029d023cb0ed44d402312446c7
:10debc000100244681002246029d023ca8ed40d47c
:10decc000800e0032930404c029d043cc8ed86d488
:10dedc008011264683112646000083442103804688
:10deec0002322646f9ff043c86eb843421204400a0
:10defc0002412846029d053cd8edaad4029d053c62
:10df0c00d0eda0d42120404d029d053ce0edaed4d7
:10df1c002100c44d029d053ce8edaed42100c44d5a
:10df2c00029d053cf8edaad4029d053cf0edaed463
:10df3c00a1224e4d029d053c00eeaed4a152c44d23
:10df4c00025124460600053c51b8a5342310a2000a
:10df5c0025104400160040182102884c029d023cfa
:10df6c00c0ed4ad482122a46060060148252224620
:10df7c000050284602002646015020460800e003c7
:10df8c000110204600522846029d023cb0ed4ed4b2
:10df9c0082632e46a141c64d8152264681502246af
:10dfac00029d023ca8ed40d40800e0032960404cdf
:10dfbc000400601401122846024026460800e003c3
:10dfcc0001102046029d023cb0ed4ed482632e46d9
:10dfdc00a941c64d81302246029d023ca8ed40d499
:0cdfec002960404c0800e0030000000029
:020000040000fa
:020000041d01dc
:10dff8000000acf70400a58f00f0a47c1044023c9c
:10e008002a10820011004014dc3f023cf07f023ce1
:10e01800010042242a10820005004010f07f023cd3
:10e02800060082140000a28f0400401000000000c7
:10e038000000a0d70800e003000020468900a018cf
:10e04800029d023c0800e00350e940d42a108200f7
:10e05800100040100400a68f203e023c2a208200b7
:10e0680043008050ffff02240000a0d7029d023c1d
:10e0780060e944d400012446029d023c68e942d488
:10e088003c1024463a000045ffff02249d78400bcf
:10e098000000000000f0c37cf33f063c2a308600f5
:10e0a8001c00c0100000a28fe63f063c2a20860014
:10e0b8000f008010029d043c000082440000e344ed
:10e0c8008000204668e980d401102046029d043c67
:10e0d80070e982d4000882440008e344800822469c
:10e0e800030022460000a0f75e78400b21100000d4
:10e0f80068e980d4000882440008e3448108204687
:10e1080000082046031020460000a0f75e78400b68
:10e11800010002240340063c0080c6342a20860001
:10e128000d008010029d043c029d043c78e980d4d7
:10e13800000882440008e34481082046029d043c0c
:10e1480068e984d42108804c031020460000a0f719
:10e158005e78400b0200022480e980d400088244e3
:10e168000008e344030021460000a0f7030002244e
:10e178000000a4d78221244682302646029d033c13
:10e1880090e960d4029d033c88e968d42110084cca
:10e19800029d033c98e968d42100024d029d033c8e
:10e1a800a0e968d42100024d029d033ca8e968d487
:10e1b8002100024d029d033cb0e968d42100024dc4
:10e1c80082012646029d033cc0e960d4029d033cbf
:10e1d800b8e968d42910084c029d033cc8e968d402
:10e1e8002900024d029d033cd0e968d42900024d64
:10e1f800029d033cd8e968d42900024d050041047a
:10e208008200224680302246022022460800e0038f
:10e2180001202046c010020080302246029d033ca7
:10e2280010e963240102434ca920024d0111244640
:10e23800029d033c30e963240100434c010024465d
:10e24800000002440900a1040000634421204000aa
:10e258000080023c26286200000084440800e00395
:10e268000000e544029d023c58e940d40800e00360
:04e2780000000000a2
:020000040000fa
:020000041d01dc
:10e27c00f8ffbd270400beaf21f0a00382bf023c13
:10e28c00100440ac82bf023cb70b0324200443ac07
:10e29c0081bf033c7001628c0600042484a4827c40
:10e2ac00700162ac81bf033c7001628c02000424db
:10e2bc00048c827c700162ac81bf033c4000628c98
:10e2cc008473027c400062ac82bf033c0004629405
:10e2dc0001000424c47b827c000462a481bf033c43
:10e2ec00c000628c010004248473827cc00062ac88
:10e2fc0021e8c0030400be8f0800bd270800e0031e
:10e30c0000000000f8ffbd270400beaf21f0a00301
:10e31c0080bf023c300040ac80bf023c99aa033c59
:10e32c0055666334300043ac80bf023c6655033cf9
:10e33c00aa996334300043ac0000000080bf023c5b
:10e34c000013428c00084230fcff4010000000001b
:10e35c0080bf033c001362940430027c001362a45f
:10e36c0080bf033c1013629401000424c47b827ca4
:10e37c00101362a40000000080bf023c1013428cfa
:10e38c0000084230fcff40100000000080bf033c3e
:10e39c0010136294010004240430827c101362a4d4
:10e3ac0080bf033c2013629401000424c47b827c54
:10e3bc00201362a40000000080bf023c2013428c9a
:10e3cc0000084230fcff40100000000080bf033cfe
:10e3dc0020136294010004240430827c201362a474
:10e3ec0080bf033c3013629401000424c47b827c04
:10e3fc00301362a40000000080bf023c3013428c3a
:10e40c0000084230fcff40100000000080bf033cbd
:10e41c0030136294010004240430827c301362a413
:10e42c0080bf033c4013629401000424c47b827cb3
:10e43c00401362a40000000080bf023c4013428cd9
:10e44c0000084230fcff40100000000080bf033c7d
:10e45c0040136294010004240430827c401362a4b3
:10e46c0080bf033c6013629401000424c47b827c53
:10e47c00601362a40000000080bf023c6013428c59
:10e48c0000084230fcff40100000000080bf033c3d
:10e49c0060136294010004240430827c601362a433
:10e4ac0080bf023c300040ac21e8c0030400be8faa
:0ce4bc000800bd270800e003000000007d
:020000040000fa
:020000041d00dd
:10100000f8ffbd270800acf70c00a28fc247020012
:101010000055457c01fca324140066283400c01050
:101020000800a48f1e0063040f00053c00f0437c01
:101030002518640050006010066020460098477c28
:101040002520e40023180400252064000223040066
:101050000800033c242083000480027c25108200c9
:101060000c00a2afc0100800029d033cb8f163243d
:101070000100434c0800a2d7800022460110204600
:101080000000a0f7c04708000400a28f00f0427cd7
:10109000254002010400a8af5e04400b0000a0d769
:1010a000ffffa534072865002430a2002530c400c6
:1010b0000300c054422805005e04400b0800a0d77e
:1010c0002430a2002530c4002300c0500c00a2af81
:1010d000130006241e006610272805002438a200ed
:1010e0000200023c071862005504400b2510e30083
:1010f000340066280600c054edfba5240004022439
:101100001d0062140800a0d75e04400b00002046ba
:10111000ffff03240618a300243064000300c0541a
:10112000421803005e04400b0800a0d7243064007e
:101130000900c0500c00a2af27180300242064004f
:101140000040033c0728a3005504400b25208500e0
:101150000040043c0c00a2af0800a4afc04008004f
:10116000029d023cb8f142248100024d0800a0d744
:1011700000102046010022460800e0030800bd27b9
:020000040000fa
:020000041d01dc
:10e4c800f8ffbd270400beaf21f0a00386bf033cc0
:10e4d800000062940421027c000062a486bf033c11
:10e4e800100062940421027c100062a486bf033ce1
:10e4f800000262948452027c000262a486bf033c3c
:10e50800100262948452027c100262a486bf033c0b
:10e51800000062940442027c000062a486bf033caf
:10e52800100062940442027c100062a483bf033c82
:10e5380000c2628c030004240408827c00c262ac1e
:10e5480083bf033c00c2628c010004240442827c25
:10e5580000c262ac83bf033c00c2628c0100042489
:10e56800c47b827c00c262ac85bf033c00c4628c61
:10e57800030004240408827c00c462ac85bf033c09
:10e5880000c4628c010004240442827c00c462ac92
:10e5980085bf033c00c4628c01000424c47b827cd8
:10e5a80000c462ac85bf033c00c6628c030004242f
:10e5b8000408827c00c662ac85bf033c00c6628c3e
:10e5c800010004240442827c00c662ac85bf033c7f
:10e5d80000c6628c01000424c47b827c00c662ac45
:10e5e80021e8c0030400be8f0800bd270800e0032f
:04e5f800000000001f
:020000040000fa
:020000041d01dc
:10e5fc00f8ffbd270800acf70c00a28f00f0427c9e
:10e60c00403e033c2a184300050060100800a2d7c6
:10e61c000d602046000003443a006050029d023c0d
:10e62c0002102246029d033ca0ef64d4029d033ce1
:10e63c0098ef66d42101864c029d033ca8ef66d46a
:10e64c002921c04c029d033cb0ef66d42121c04c63
:10e65c00029d033cb8ef66d42921c04c029d033cbb
:10e66c00c0ef66d42121c04cd33f033c3333632429
:10e67c002a1843000a0060100221204682102e4600
:10e68c002901444c029d023cc8ef42d42900824c23
:10e69c00029d023c90ef42d4c579400b01102046fc
:10e6ac00e93f033c010063242a1843000500601471
:10e6bc00e0ff033c029d023cd0ef42d4b779400b03
:10e6cc000000a2f7211043000400a2af0000a0af8d
:10e6dc000000a1d7029d023c90ef46d48131214627
:10e6ec00029d023cc8ef48d42902284c0800a2d74e
:10e6fc00827322462901c44d01412446c579400b41
:10e70c000130244690ef40d40800e0030800bd27f8
:020000040000fa
:020000041d01dc
:10e71c00d0ffbd272c00bfaf3000acf73400a28f68
:10e72c0000f0427ce93f033cfc2163242a1843009f
:10e73c0007006050f07f033c007080447f79400fed
:10e74c000070e04400000244087a400b000063446f
:10e75c002a104300050040143000a0d701002046c9
:10e76c0000000244087a400b000063443000acd730
:10e77c003974400f1800a62703004230010003240f
:10e78c000c00435001000224020003241300431028
:10e79c001800acd719004054010002241800acd763
:10e7ac007f79400f2000aed700000244087a400b5e
:10e7bc00000063441000a2af1800acd7aa7a400f37
:10e7cc002000aed7000004440000654421108000f6
:10e7dc000080043c087a400b2618a4007f79400f77
:10e7ec002000aed7000004440000654421108000d6
:10e7fc000080043c087a400b2618a4001000a2af3d
:10e80c001800acd7aa7a400f2000aed70000024403
:10e81c0000006344000082440000e3442c00bf8fde
:08e82c000800e0033000bd27e5
:020000040000fa
:020000041d01dc
:10e83400a8ffbd270400a1af0800a2af0c00a3af3e
:10e844001000a4af1400a5af1800a6af1c00a7af1a
:10e854002000a8af2400a9af2800aaaf2c00abafba
:10e864003000acaf3400adaf3800aeaf3c00afaf5a
:10e874004000b8af4400b9af4800bfaf1240000039
:10e884004c00a8af104000005000a8af029d1a3cf5
:10e8940044ef5a270000000000680440006005406f
:10e8a40009f84003000000005000a88f1100000187
:10e8b4004c00a88f130000010400a18f0800a28f50
:10e8c4000c00a38f1000a48f1400a58f1800a68f2e
:10e8d4001c00a78f2000a88f2400a98f2800aa8fce
:10e8e4002c00ab8f3000ac8f3400ad8f3800ae8f6e
:10e8f4003c00af8f4000b88f4400b98f4800bf8ff1
:0ce904005800bd27c000000018000042b1
:020000040000fa
:020000041d01dc
:10e91000e2652f227f2b7a3c075c143326a6813ccc
:10e92000bdcbf07a8807703c075c143326a6913c77
:10e930004fbb610567acdd3f182d4454fb21e93f17
:10e940009bf681d20b73ef3f182d4454fb21f93f06
:10e95000182d4454fb21f93f182d4454fb21f9bfd5
:10e960009c7500883ce4377e000000000000f03f0a
:10e970000000000000000040000000000000f83f20
:10e98000000000000000f0bf11da22e33aad903f32
:10e99000eb0d76244b7ba93f513dd0a0660db13fd6
:10e9a0006e204cc5cd45b73fff8300922449c23f3e
:10e9b0000d5555555555d53f2f6c6a2c44b4a2bf03
:10e9c0009afdde522ddead3f6d9a74aff2b0b33fcb
:10e9d000711623fec671bc3fc4eb98999999c93f43
:10e9e000fb21f93ffb2109407cd91240fb21194052
:10e9f0007a6a1f407cd92240bbfd2540fb2129407b
:10ea00003a462c407a6a2f405c4731407cd93240ec
:10ea10009c6b3440bbfd3540db8f3740fb213940d8
:10ea20001bb43a403a463c405ad83d407a6a3f408f
:10ea30004c7e40405c4741406c1042407cd9424093
:10ea40008ca243409c6b4440ac344540bbfd4540e8
:10ea5000cbc64640db8f4740eb584840fb2149403e
:10ea600000004054fb21f93f3163621a61b4d03d8c
:10ea70000000601a61b4d03d7370032e8a19a33b65
:10ea800083c8c96d305fe43f000000000000e03f34
:10ea90000000002e8a19a33bc14920259a837b39a7
:08eaa0000000000000000080ee
:020000040000fa
:020000041d01dc
:10eaa8000000acf70400a28f00f0427c403e033c1b
:10eab8002a104300060040100000a4d74d602046ed
:10eac8000008024422004010066020460000a4d737
:10ead8008220244682212246029d023c60f040d4d6
:10eae800029d023c58f048d42910084c029d023c73
:10eaf80068f04ad42100424d029d023c70f04ad48d
:10eb08002900424d029d023c78f048d41000a28fa3
:10eb1800060040142102024d029d023c80f040d4c0
:10eb28002910084c0800e0032100864c02322846d0
:10eb3800029d023c88f040d42970004da900c24dc6
:10eb4800029d023c80f040d42130404c01202046f8
:08eb58000800e00300000000ca
:020000040000fa
:020000041d01dc
:10eb6000211080002600c0101000ca2c1f00401584
:10eb7000ff00a530005205002528aa00005405001a
:10eb80002528aa0003008330050060100400072434
:10eb90002338e3002330c700000085b82120870018
:10eba0000f00c3302338c3000800e010213060009c
:10ebb0002138e400000085ac040085ac080085ac79
:10ebc00010008424fbff8714fcff85ac0300c330d6
:10ebd0002338c3000500e010213060002138e40034
:10ebe00004008424feff8714fcff85ac0400c010e1
:10ebf0002138c40001008424feff8714ffff85a094
:10ec00000800e003000000002118e003029d083c1a
:10ec1000d8c108250000098d18002011040008251e
:10ec200000000a8d0400082500000b8d090060110a
:10ec30000400082500000c91ffff4a25010008256b
:10ec400000002ca1fbff4015010029250500001044
:10ec500000000000000020a1ffff4a25fdff401535
:10ec60000100292503000825fcff0a24244048014f
:10ec70000000098de7ff20150000000021f860006a
:0cec80000800e00300000000000000009d
:020000040000fa
:020000041d01dc
:10ec8c00c8ffbd271c00bfaf2800b6f72000b4f7a3
:10ec9c00866520469976400f0675204631a034468d
:10ecac001100014531b13646120005451c00bf8fdd
:10ecbc00002080440020e04432a224460c00084589
:10eccc0032b324460c000e452800b6d703000224ac
:10ecdc001000a2af06b32046c56c400f86a3204699
:10ecec00407b400b1c00bf8f407b400b1c00bf8f38
:10ecfc001c00bf8f2800b6d72000b4d70800e00353
:04ed0c003800bd27e7
:020000040000fa
:020000041d01dc
:10ed1000d0ffbd271c00bfaf2000b4f75377400fd2
:10ed20000665204631a03446150001451c00bf8f02
:10ed3000001080440010e0443c11344611000745a7
:10ed40002000b4d732a22246080008451100022450
:10ed5000100002241000a2af06a32046c56c400f8d
:10ed600086a32046607b400b1c00bf8f1000a2af23
:10ed700006a32046c56c400f86a320461c00bf8f0b
:0ced80002000b4d70800e0033000bd27dd
:020000040000fa
:020000041d01dc
:10ed900000000000000050c30000000000005043cd
:10eda000000000000000f03f0000e0fe422ee63fc1
:10edb000763c7935ef39ea3d555555555555d53f92
:10edc000000000000000e03f0000000000000040e4
:10edd00044523edf12f1c23fde03cb966446c73f8a
:10ede000599322942449d23f935555555555e53fa3
:10edf0009fc678d0099ac33faf788e1dc571cc3fae
:08ee000004fa97999999d93f92
:020000040000fa
:020000041d00dd
:10119000c8ffbd271c00bfaf2800b6f72000b4f77a
:1011a000866520465e73400f0675204631a03446a2
:1011b0000d00014531b136460c0005451c00bf8fbe
:1011c000001080440010e04432a2224608000a4584
:1011d0002800b6d71b0002241000a2af06b3204699
:1011e000c56c400f86a320461c00bf8f2800b6d7d1
:0c11f0002000b4d70800e0033800bd2741
:020000040000fa
:020000041d01dc
:10ee08000000043ce8ffbd270000842403008010b4
:10ee18001400bfaf09f88000000000000000843033
:10ee28000000a530019d083cf41b082509f80001e5
:10ee3800000000000000023c0000422403004010d3
:10ee48000000000009f8400000000000f9ff001071
:04ee580000000000b6
:020000040000fa
:020000041d01dc
:10ee6000182d4454fb210940182d4454fb2109c09e
:10ee7000182d4454fb21f93f182d4454fb21e93f40
:10ee8000182d4454fb21e9bfd221337f7cd90240a5
:10ee9000d221337f7cd902c0000000000000008036
:10eea000182d4454fb21f9bf075c143326a6a13c5e
:10eeb000000034430000004f000087430000b443cb
:10eec0000100e1432549124500803b47336122455b
:10eed00000007a44ffe780400000404036cd133ff9
:10eee0000000204100e02b460000c8420000003f27
:0ceef000c0d8274cc0d827cce12e6542ca
:020000040000fa
:020000041d01dc
:10eefc000000023c00004224050040100000023ccf
:10ef0c000000422403004010029d023c3f000070b0
:10ef1c00029d023cd8ef4224050040100000000086
:10ef2c00e8ffbd271400bfaf09f840000000000047
:08ef3c00cf7b400b0000000038
:020000040000fa
:020000041d01dc
:10ef44000000023c00004224050040100000023c86
:10ef54000000422403004010029d023c3f00007068
:10ef6400029d023cd8ef422405004010000000003e
:10ef7400e8ffbd271400bfaf09f8400000000000ff
:08ef8400e17b400b00000000de
:020000040000fa
:020000041d01dc
:10ef9000000000000000f03fd43888bee9faa8bda8
:10efa000c4b1b4bd9eee213ead529c804f7e923ed8
:10efb0009015cb19a001fa3e7751c1166cc1563f8e
:10efc0004c5555555555a53f000000000000e03f49
:08efd000000000000000d23f28
:020000040000fa
:020000041d01dc
:10efd80000606041c000000099aa033c80bf023c69
:10efe80055666324300040ac300043ac6655033ca2
:10eff800aa996334300043ac80bf023c010003246b
:10f00800581243ac80bf023c5012428cf87b400b34
:04f0180000000000f4
:020000040000fa
:020000041d01dc
:10f01c000000803f000020410000004f00004841ec
:10f02c00000080403333533fa97b2e39295c2741a4
:10f03c0000007a44002474490000c8426f12833add
:08f04c0000401c46000048438f
:020000040000fa
:020000041d01dc
:10f058007cd5cf5a3ad9e53deb9c2b8ae6e55a3e5a
:10f068007dfeb157e31dc73ed561c119a0012a3ff6
:10f07800a6f810111111813f495555555555c53ff1
:08f08800000000000000e03f61
:020000040000fa
:020000041d01dc
:10f0900000606f44c2c70f0006000013210008245f
:10f0a000f8ff033c0080093c880f29250800e00395
:10f0b000000028ad04602046000002440800e00380
:04f0c00000006344a5
:020000040000fa
:020000041d01dc
:10f0c4000000fa4400e058450000954300800945db
:10f0d40000407645000095430040764500002041fd
:10f0e4000080094500009543c337224300000046d1
:10f0f40000008046000000c6c33722430024744940
:04f104000000ca42fb
:020000040000fa
:020000041d01dc
:10f10800e8ffbd271400bfaf247c400f00000000bb
:0cf118001400bf8f0800e0031800bd27a2
:020000040000fa
:020000041d01dc
:10f1240000601a40bfff1b3cffff7b3724d05b030a
:08f1340000609a40180000423f
:020000040000fa
:020000041d01dc
:10f13c000000acf70400a28f00f0427c0400a2afe8
:08f14c000800e0030000a0d759
:020000040000fa
:020000041d01dc
:10f15800000000000000f03f000000000000e03f59
:10f1680000000000000000800000803f0000fa431b
:0cf1780000ab86480097334800007a4442
:020000040000fa
:020000041d01dc
:10f184000000003fdb0f49400000803f0000a0402a
:10f19400000080bf102700000000a04000002041b4
:04f1a4000000c8425d
:020000040000fa
:020000041d01dc
:10f1a80000000000000000000000000000000080d7
:10f1b800000000000000304300000000000030c3e1
:020000040000fa
:020000041d01dc
:08f1c8000800e0030000000054
:020000040000fa
:020000041d01dc
:08f1d0000800e003000000004c
:00000001FF
